State,Weather_Group,Start_Hour,Severity,n
AL,Clear/Fair,0,2,347
AL,Clear/Fair,0,3,6
AL,Clear/Fair,0,4,25
AL,Clear/Fair,1,2,336
AL,Clear/Fair,1,3,4
AL,Clear/Fair,1,4,21
AL,Clear/Fair,2,2,259
AL,Clear/Fair,2,3,5
AL,Clear/Fair,2,4,22
AL,Clear/Fair,3,2,198
AL,Clear/Fair,3,3,6
AL,Clear/Fair,3,4,20
AL,Clear/Fair,4,1,7
AL,Clear/Fair,4,2,542
AL,Clear/Fair,4,3,143
AL,Clear/Fair,4,4,30
AL,Clear/Fair,5,1,10
AL,Clear/Fair,5,2,665
AL,Clear/Fair,5,3,149
AL,Clear/Fair,5,4,41
AL,Clear/Fair,6,1,22
AL,Clear/Fair,6,2,1299
AL,Clear/Fair,6,3,384
AL,Clear/Fair,6,4,17
AL,Clear/Fair,7,1,62
AL,Clear/Fair,7,2,2610
AL,Clear/Fair,7,3,575
AL,Clear/Fair,7,4,34
AL,Clear/Fair,8,1,34
AL,Clear/Fair,8,2,2261
AL,Clear/Fair,8,3,537
AL,Clear/Fair,8,4,43
AL,Clear/Fair,9,1,6
AL,Clear/Fair,9,2,1186
AL,Clear/Fair,9,3,260
AL,Clear/Fair,9,4,37
AL,Clear/Fair,10,1,5
AL,Clear/Fair,10,2,1367
AL,Clear/Fair,10,3,311
AL,Clear/Fair,10,4,42
AL,Clear/Fair,11,1,7
AL,Clear/Fair,11,2,1308
AL,Clear/Fair,11,3,270
AL,Clear/Fair,11,4,33
AL,Clear/Fair,12,1,14
AL,Clear/Fair,12,2,1658
AL,Clear/Fair,12,3,306
AL,Clear/Fair,12,4,34
AL,Clear/Fair,13,1,10
AL,Clear/Fair,13,2,1452
AL,Clear/Fair,13,3,345
AL,Clear/Fair,13,4,49
AL,Clear/Fair,14,1,4
AL,Clear/Fair,14,2,1737
AL,Clear/Fair,14,3,397
AL,Clear/Fair,14,4,52
AL,Clear/Fair,15,1,18
AL,Clear/Fair,15,2,3036
AL,Clear/Fair,15,3,677
AL,Clear/Fair,15,4,34
AL,Clear/Fair,16,1,16
AL,Clear/Fair,16,2,3202
AL,Clear/Fair,16,3,715
AL,Clear/Fair,16,4,46
AL,Clear/Fair,17,1,21
AL,Clear/Fair,17,2,3575
AL,Clear/Fair,17,3,939
AL,Clear/Fair,17,4,37
AL,Clear/Fair,18,1,12
AL,Clear/Fair,18,2,2256
AL,Clear/Fair,18,3,580
AL,Clear/Fair,18,4,45
AL,Clear/Fair,19,1,11
AL,Clear/Fair,19,2,1621
AL,Clear/Fair,19,3,438
AL,Clear/Fair,19,4,56
AL,Clear/Fair,20,1,11
AL,Clear/Fair,20,2,1270
AL,Clear/Fair,20,3,290
AL,Clear/Fair,20,4,37
AL,Clear/Fair,21,1,8
AL,Clear/Fair,21,2,980
AL,Clear/Fair,21,3,264
AL,Clear/Fair,21,4,36
AL,Clear/Fair,22,1,6
AL,Clear/Fair,22,2,710
AL,Clear/Fair,22,3,147
AL,Clear/Fair,22,4,34
AL,Clear/Fair,23,2,375
AL,Clear/Fair,23,3,2
AL,Clear/Fair,23,4,28
AL,Cloudy,0,2,154
AL,Cloudy,0,3,7
AL,Cloudy,0,4,14
AL,Cloudy,1,2,165
AL,Cloudy,1,4,12
AL,Cloudy,2,2,157
AL,Cloudy,2,3,6
AL,Cloudy,2,4,10
AL,Cloudy,3,2,138
AL,Cloudy,3,3,7
AL,Cloudy,3,4,22
AL,Cloudy,4,1,8
AL,Cloudy,4,2,377
AL,Cloudy,4,3,115
AL,Cloudy,4,4,23
AL,Cloudy,5,1,12
AL,Cloudy,5,2,619
AL,Cloudy,5,3,164
AL,Cloudy,5,4,33
AL,Cloudy,6,1,23
AL,Cloudy,6,2,1433
AL,Cloudy,6,3,543
AL,Cloudy,6,4,22
AL,Cloudy,7,1,73
AL,Cloudy,7,2,2567
AL,Cloudy,7,3,867
AL,Cloudy,7,4,31
AL,Cloudy,8,1,52
AL,Cloudy,8,2,2207
AL,Cloudy,8,3,787
AL,Cloudy,8,4,32
AL,Cloudy,9,1,18
AL,Cloudy,9,2,1145
AL,Cloudy,9,3,393
AL,Cloudy,9,4,26
AL,Cloudy,10,1,8
AL,Cloudy,10,2,1346
AL,Cloudy,10,3,400
AL,Cloudy,10,4,29
AL,Cloudy,11,1,5
AL,Cloudy,11,2,1411
AL,Cloudy,11,3,435
AL,Cloudy,11,4,33
AL,Cloudy,12,1,18
AL,Cloudy,12,2,1817
AL,Cloudy,12,3,509
AL,Cloudy,12,4,67
AL,Cloudy,13,1,14
AL,Cloudy,13,2,1500
AL,Cloudy,13,3,503
AL,Cloudy,13,4,44
AL,Cloudy,14,1,3
AL,Cloudy,14,2,1897
AL,Cloudy,14,3,616
AL,Cloudy,14,4,43
AL,Cloudy,15,1,16
AL,Cloudy,15,2,3061
AL,Cloudy,15,3,933
AL,Cloudy,15,4,47
AL,Cloudy,16,1,17
AL,Cloudy,16,2,2785
AL,Cloudy,16,3,1025
AL,Cloudy,16,4,42
AL,Cloudy,17,1,18
AL,Cloudy,17,2,2891
AL,Cloudy,17,3,1103
AL,Cloudy,17,4,42
AL,Cloudy,18,1,7
AL,Cloudy,18,2,1630
AL,Cloudy,18,3,635
AL,Cloudy,18,4,20
AL,Cloudy,19,1,6
AL,Cloudy,19,2,1204
AL,Cloudy,19,3,351
AL,Cloudy,19,4,21
AL,Cloudy,20,1,11
AL,Cloudy,20,2,821
AL,Cloudy,20,3,273
AL,Cloudy,20,4,20
AL,Cloudy,21,1,7
AL,Cloudy,21,2,637
AL,Cloudy,21,3,179
AL,Cloudy,21,4,24
AL,Cloudy,22,1,4
AL,Cloudy,22,2,407
AL,Cloudy,22,3,99
AL,Cloudy,22,4,21
AL,Cloudy,23,2,241
AL,Cloudy,23,3,6
AL,Cloudy,23,4,21
AL,Fog/Low visibility,0,2,39
AL,Fog/Low visibility,0,3,1
AL,Fog/Low visibility,0,4,5
AL,Fog/Low visibility,1,2,41
AL,Fog/Low visibility,1,4,5
AL,Fog/Low visibility,2,2,33
AL,Fog/Low visibility,2,4,1
AL,Fog/Low visibility,3,2,28
AL,Fog/Low visibility,3,4,2
AL,Fog/Low visibility,4,2,48
AL,Fog/Low visibility,4,3,16
AL,Fog/Low visibility,4,4,3
AL,Fog/Low visibility,5,2,76
AL,Fog/Low visibility,5,3,14
AL,Fog/Low visibility,5,4,2
AL,Fog/Low visibility,6,1,2
AL,Fog/Low visibility,6,2,204
AL,Fog/Low visibility,6,3,44
AL,Fog/Low visibility,6,4,4
AL,Fog/Low visibility,7,1,4
AL,Fog/Low visibility,7,2,268
AL,Fog/Low visibility,7,3,67
AL,Fog/Low visibility,7,4,8
AL,Fog/Low visibility,8,2,131
AL,Fog/Low visibility,8,3,35
AL,Fog/Low visibility,8,4,3
AL,Fog/Low visibility,9,2,44
AL,Fog/Low visibility,9,3,5
AL,Fog/Low visibility,9,4,5
AL,Fog/Low visibility,10,2,25
AL,Fog/Low visibility,10,3,12
AL,Fog/Low visibility,10,4,1
AL,Fog/Low visibility,11,2,23
AL,Fog/Low visibility,11,3,6
AL,Fog/Low visibility,11,4,1
AL,Fog/Low visibility,12,2,23
AL,Fog/Low visibility,12,3,5
AL,Fog/Low visibility,13,2,15
AL,Fog/Low visibility,13,3,5
AL,Fog/Low visibility,14,2,18
AL,Fog/Low visibility,14,3,2
AL,Fog/Low visibility,15,1,1
AL,Fog/Low visibility,15,2,34
AL,Fog/Low visibility,15,3,4
AL,Fog/Low visibility,15,4,2
AL,Fog/Low visibility,16,2,22
AL,Fog/Low visibility,16,3,11
AL,Fog/Low visibility,17,2,39
AL,Fog/Low visibility,17,3,9
AL,Fog/Low visibility,18,2,20
AL,Fog/Low visibility,18,3,5
AL,Fog/Low visibility,18,4,1
AL,Fog/Low visibility,19,2,23
AL,Fog/Low visibility,19,3,12
AL,Fog/Low visibility,19,4,2
AL,Fog/Low visibility,20,2,39
AL,Fog/Low visibility,20,3,3
AL,Fog/Low visibility,21,2,33
AL,Fog/Low visibility,21,3,7
AL,Fog/Low visibility,21,4,1
AL,Fog/Low visibility,22,2,28
AL,Fog/Low visibility,22,3,5
AL,Fog/Low visibility,22,4,2
AL,Fog/Low visibility,23,2,26
AL,Fog/Low visibility,23,4,3
AL,Precipitation (type unknown),0,2,1
AL,Precipitation (type unknown),4,2,2
AL,Precipitation (type unknown),6,3,2
AL,Precipitation (type unknown),7,2,1
AL,Precipitation (type unknown),9,2,1
AL,Precipitation (type unknown),14,2,2
AL,Precipitation (type unknown),17,2,1
AL,Rain,0,2,35
AL,Rain,0,3,1
AL,Rain,1,2,34
AL,Rain,1,3,1
AL,Rain,1,4,3
AL,Rain,2,2,20
AL,Rain,3,2,28
AL,Rain,3,3,1
AL,Rain,3,4,3
AL,Rain,4,1,1
AL,Rain,4,2,91
AL,Rain,4,3,30
AL,Rain,4,4,1
AL,Rain,5,2,189
AL,Rain,5,3,55
AL,Rain,5,4,5
AL,Rain,6,1,1
AL,Rain,6,2,401
AL,Rain,6,3,177
AL,Rain,6,4,6
AL,Rain,7,1,13
AL,Rain,7,2,580
AL,Rain,7,3,200
AL,Rain,7,4,7
AL,Rain,8,1,6
AL,Rain,8,2,486
AL,Rain,8,3,199
AL,Rain,8,4,6
AL,Rain,9,1,2
AL,Rain,9,2,271
AL,Rain,9,3,123
AL,Rain,9,4,8
AL,Rain,10,2,248
AL,Rain,10,3,118
AL,Rain,10,4,5
AL,Rain,11,2,249
AL,Rain,11,3,100
AL,Rain,11,4,2
AL,Rain,12,1,1
AL,Rain,12,2,348
AL,Rain,12,3,126
AL,Rain,12,4,10
AL,Rain,13,1,1
AL,Rain,13,2,276
AL,Rain,13,3,119
AL,Rain,13,4,4
AL,Rain,14,2,334
AL,Rain,14,3,156
AL,Rain,14,4,12
AL,Rain,15,2,532
AL,Rain,15,3,210
AL,Rain,15,4,7
AL,Rain,16,1,2
AL,Rain,16,2,557
AL,Rain,16,3,211
AL,Rain,16,4,10
AL,Rain,17,2,609
AL,Rain,17,3,243
AL,Rain,17,4,8
AL,Rain,18,1,1
AL,Rain,18,2,385
AL,Rain,18,3,152
AL,Rain,18,4,8
AL,Rain,19,1,1
AL,Rain,19,2,303
AL,Rain,19,3,97
AL,Rain,19,4,7
AL,Rain,20,2,191
AL,Rain,20,3,57
AL,Rain,20,4,1
AL,Rain,21,2,167
AL,Rain,21,3,50
AL,Rain,21,4,3
AL,Rain,22,2,106
AL,Rain,22,3,25
AL,Rain,22,4,5
AL,Rain,23,2,52
AL,Rain,23,3,3
AL,Rain,23,4,3
AL,Snow/Ice,0,2,1
AL,Snow/Ice,2,2,3
AL,Snow/Ice,4,2,4
AL,Snow/Ice,4,3,2
AL,Snow/Ice,5,2,7
AL,Snow/Ice,5,3,3
AL,Snow/Ice,6,2,12
AL,Snow/Ice,6,3,7
AL,Snow/Ice,6,4,2
AL,Snow/Ice,7,2,12
AL,Snow/Ice,7,3,16
AL,Snow/Ice,8,2,13
AL,Snow/Ice,8,3,6
AL,Snow/Ice,9,2,9
AL,Snow/Ice,9,3,5
AL,Snow/Ice,10,2,6
AL,Snow/Ice,10,3,10
AL,Snow/Ice,11,2,2
AL,Snow/Ice,12,2,1
AL,Snow/Ice,12,3,1
AL,Snow/Ice,13,2,7
AL,Snow/Ice,14,2,6
AL,Snow/Ice,15,2,7
AL,Snow/Ice,15,3,4
AL,Snow/Ice,16,2,5
AL,Snow/Ice,17,2,1
AL,Snow/Ice,18,2,4
AL,Snow/Ice,18,3,1
AL,Snow/Ice,19,2,4
AL,Snow/Ice,19,3,1
AL,Snow/Ice,20,2,12
AL,Snow/Ice,20,3,3
AL,Snow/Ice,21,2,2
AL,Snow/Ice,21,3,2
AL,Snow/Ice,22,2,2
AL,Snow/Ice,23,2,1
AL,Thunderstorm,0,2,2
AL,Thunderstorm,0,4,1
AL,Thunderstorm,1,2,1
AL,Thunderstorm,2,2,2
AL,Thunderstorm,3,2,5
AL,Thunderstorm,3,4,1
AL,Thunderstorm,4,1,2
AL,Thunderstorm,4,2,11
AL,Thunderstorm,4,3,9
AL,Thunderstorm,5,1,1
AL,Thunderstorm,5,2,31
AL,Thunderstorm,5,3,13
AL,Thunderstorm,5,4,1
AL,Thunderstorm,6,1,1
AL,Thunderstorm,6,2,56
AL,Thunderstorm,6,3,22
AL,Thunderstorm,7,1,3
AL,Thunderstorm,7,2,70
AL,Thunderstorm,7,3,16
AL,Thunderstorm,7,4,2
AL,Thunderstorm,8,1,2
AL,Thunderstorm,8,2,76
AL,Thunderstorm,8,3,39
AL,Thunderstorm,9,1,1
AL,Thunderstorm,9,2,40
AL,Thunderstorm,9,3,15
AL,Thunderstorm,10,2,56
AL,Thunderstorm,10,3,19
AL,Thunderstorm,11,2,44
AL,Thunderstorm,11,3,24
AL,Thunderstorm,11,4,1
AL,Thunderstorm,12,2,110
AL,Thunderstorm,12,3,30
AL,Thunderstorm,12,4,5
AL,Thunderstorm,13,1,1
AL,Thunderstorm,13,2,99
AL,Thunderstorm,13,3,60
AL,Thunderstorm,14,2,159
AL,Thunderstorm,14,3,66
AL,Thunderstorm,14,4,3
AL,Thunderstorm,15,1,1
AL,Thunderstorm,15,2,223
AL,Thunderstorm,15,3,112
AL,Thunderstorm,15,4,3
AL,Thunderstorm,16,1,1
AL,Thunderstorm,16,2,230
AL,Thunderstorm,16,3,112
AL,Thunderstorm,16,4,1
AL,Thunderstorm,17,1,5
AL,Thunderstorm,17,2,267
AL,Thunderstorm,17,3,97
AL,Thunderstorm,17,4,8
AL,Thunderstorm,18,1,2
AL,Thunderstorm,18,2,152
AL,Thunderstorm,18,3,78
AL,Thunderstorm,19,1,2
AL,Thunderstorm,19,2,116
AL,Thunderstorm,19,3,44
AL,Thunderstorm,19,4,2
AL,Thunderstorm,20,2,59
AL,Thunderstorm,20,3,23
AL,Thunderstorm,21,2,42
AL,Thunderstorm,21,3,16
AL,Thunderstorm,22,2,29
AL,Thunderstorm,22,3,9
AL,Thunderstorm,23,2,10
AL,Thunderstorm,23,4,1
AR,Clear/Fair,0,2,208
AR,Clear/Fair,0,4,29
AR,Clear/Fair,1,2,198
AR,Clear/Fair,1,3,1
AR,Clear/Fair,1,4,25
AR,Clear/Fair,2,2,142
AR,Clear/Fair,2,3,1
AR,Clear/Fair,2,4,17
AR,Clear/Fair,3,2,109
AR,Clear/Fair,3,4,17
AR,Clear/Fair,4,2,124
AR,Clear/Fair,4,3,9
AR,Clear/Fair,4,4,14
AR,Clear/Fair,5,1,1
AR,Clear/Fair,5,2,177
AR,Clear/Fair,5,3,15
AR,Clear/Fair,5,4,38
AR,Clear/Fair,6,1,5
AR,Clear/Fair,6,2,347
AR,Clear/Fair,6,3,24
AR,Clear/Fair,6,4,62
AR,Clear/Fair,7,1,5
AR,Clear/Fair,7,2,741
AR,Clear/Fair,7,3,33
AR,Clear/Fair,7,4,76
AR,Clear/Fair,8,1,5
AR,Clear/Fair,8,2,611
AR,Clear/Fair,8,3,37
AR,Clear/Fair,8,4,92
AR,Clear/Fair,9,1,1
AR,Clear/Fair,9,2,280
AR,Clear/Fair,9,3,14
AR,Clear/Fair,9,4,77
AR,Clear/Fair,10,2,371
AR,Clear/Fair,10,3,12
AR,Clear/Fair,10,4,78
AR,Clear/Fair,11,2,325
AR,Clear/Fair,11,3,5
AR,Clear/Fair,11,4,39
AR,Clear/Fair,12,2,440
AR,Clear/Fair,12,3,14
AR,Clear/Fair,12,4,70
AR,Clear/Fair,13,1,1
AR,Clear/Fair,13,2,427
AR,Clear/Fair,13,3,16
AR,Clear/Fair,13,4,88
AR,Clear/Fair,14,2,399
AR,Clear/Fair,14,3,10
AR,Clear/Fair,14,4,78
AR,Clear/Fair,15,1,1
AR,Clear/Fair,15,2,505
AR,Clear/Fair,15,3,10
AR,Clear/Fair,15,4,89
AR,Clear/Fair,16,2,610
AR,Clear/Fair,16,3,15
AR,Clear/Fair,16,4,107
AR,Clear/Fair,17,2,532
AR,Clear/Fair,17,3,9
AR,Clear/Fair,17,4,82
AR,Clear/Fair,18,2,370
AR,Clear/Fair,18,3,8
AR,Clear/Fair,18,4,75
AR,Clear/Fair,19,2,276
AR,Clear/Fair,19,3,8
AR,Clear/Fair,19,4,45
AR,Clear/Fair,20,2,276
AR,Clear/Fair,20,3,2
AR,Clear/Fair,20,4,63
AR,Clear/Fair,21,2,267
AR,Clear/Fair,21,3,4
AR,Clear/Fair,21,4,53
AR,Clear/Fair,22,2,259
AR,Clear/Fair,22,3,5
AR,Clear/Fair,22,4,36
AR,Clear/Fair,23,2,251
AR,Clear/Fair,23,3,4
AR,Clear/Fair,23,4,43
AR,Cloudy,0,2,158
AR,Cloudy,0,3,1
AR,Cloudy,0,4,12
AR,Cloudy,1,2,136
AR,Cloudy,1,4,9
AR,Cloudy,2,2,154
AR,Cloudy,2,3,1
AR,Cloudy,2,4,24
AR,Cloudy,3,2,135
AR,Cloudy,3,3,1
AR,Cloudy,3,4,22
AR,Cloudy,4,2,120
AR,Cloudy,4,3,9
AR,Cloudy,4,4,16
AR,Cloudy,5,2,189
AR,Cloudy,5,3,11
AR,Cloudy,5,4,23
AR,Cloudy,6,1,2
AR,Cloudy,6,2,324
AR,Cloudy,6,3,23
AR,Cloudy,6,4,49
AR,Cloudy,7,1,2
AR,Cloudy,7,2,537
AR,Cloudy,7,3,25
AR,Cloudy,7,4,64
AR,Cloudy,8,1,2
AR,Cloudy,8,2,377
AR,Cloudy,8,3,16
AR,Cloudy,8,4,58
AR,Cloudy,9,1,1
AR,Cloudy,9,2,288
AR,Cloudy,9,3,12
AR,Cloudy,9,4,43
AR,Cloudy,10,2,334
AR,Cloudy,10,3,17
AR,Cloudy,10,4,58
AR,Cloudy,11,2,316
AR,Cloudy,11,3,17
AR,Cloudy,11,4,61
AR,Cloudy,12,2,340
AR,Cloudy,12,3,20
AR,Cloudy,12,4,54
AR,Cloudy,13,2,395
AR,Cloudy,13,3,18
AR,Cloudy,13,4,49
AR,Cloudy,14,2,418
AR,Cloudy,14,3,22
AR,Cloudy,14,4,61
AR,Cloudy,15,1,2
AR,Cloudy,15,2,521
AR,Cloudy,15,3,17
AR,Cloudy,15,4,58
AR,Cloudy,16,1,1
AR,Cloudy,16,2,448
AR,Cloudy,16,3,11
AR,Cloudy,16,4,50
AR,Cloudy,17,1,1
AR,Cloudy,17,2,435
AR,Cloudy,17,3,13
AR,Cloudy,17,4,58
AR,Cloudy,18,2,286
AR,Cloudy,18,3,7
AR,Cloudy,18,4,49
AR,Cloudy,19,2,245
AR,Cloudy,19,3,4
AR,Cloudy,19,4,44
AR,Cloudy,20,2,182
AR,Cloudy,20,3,4
AR,Cloudy,20,4,41
AR,Cloudy,21,2,178
AR,Cloudy,21,3,1
AR,Cloudy,21,4,31
AR,Cloudy,22,2,183
AR,Cloudy,22,3,2
AR,Cloudy,22,4,17
AR,Cloudy,23,2,182
AR,Cloudy,23,3,6
AR,Cloudy,23,4,20
AR,Fog/Low visibility,0,2,10
AR,Fog/Low visibility,1,2,14
AR,Fog/Low visibility,1,4,3
AR,Fog/Low visibility,2,2,12
AR,Fog/Low visibility,2,4,2
AR,Fog/Low visibility,3,2,15
AR,Fog/Low visibility,3,4,2
AR,Fog/Low visibility,4,2,17
AR,Fog/Low visibility,4,4,2
AR,Fog/Low visibility,5,1,1
AR,Fog/Low visibility,5,2,23
AR,Fog/Low visibility,5,3,2
AR,Fog/Low visibility,5,4,11
AR,Fog/Low visibility,6,2,45
AR,Fog/Low visibility,6,3,3
AR,Fog/Low visibility,6,4,4
AR,Fog/Low visibility,7,2,68
AR,Fog/Low visibility,7,4,5
AR,Fog/Low visibility,8,2,52
AR,Fog/Low visibility,8,4,8
AR,Fog/Low visibility,9,2,13
AR,Fog/Low visibility,9,4,5
AR,Fog/Low visibility,10,2,16
AR,Fog/Low visibility,10,4,2
AR,Fog/Low visibility,11,2,14
AR,Fog/Low visibility,11,3,1
AR,Fog/Low visibility,11,4,4
AR,Fog/Low visibility,12,2,11
AR,Fog/Low visibility,12,3,1
AR,Fog/Low visibility,13,2,12
AR,Fog/Low visibility,14,2,10
AR,Fog/Low visibility,15,2,11
AR,Fog/Low visibility,15,4,2
AR,Fog/Low visibility,16,2,8
AR,Fog/Low visibility,16,4,1
AR,Fog/Low visibility,17,2,11
AR,Fog/Low visibility,17,4,3
AR,Fog/Low visibility,18,2,8
AR,Fog/Low visibility,18,4,2
AR,Fog/Low visibility,19,2,11
AR,Fog/Low visibility,19,4,3
AR,Fog/Low visibility,20,2,10
AR,Fog/Low visibility,20,4,4
AR,Fog/Low visibility,21,2,3
AR,Fog/Low visibility,21,4,1
AR,Fog/Low visibility,22,2,12
AR,Fog/Low visibility,23,2,15
AR,Fog/Low visibility,23,4,1
AR,Precipitation (type unknown),5,2,3
AR,Precipitation (type unknown),6,2,4
AR,Precipitation (type unknown),6,3,1
AR,Precipitation (type unknown),7,2,3
AR,Precipitation (type unknown),7,3,1
AR,Precipitation (type unknown),11,2,2
AR,Precipitation (type unknown),13,2,2
AR,Precipitation (type unknown),16,2,1
AR,Precipitation (type unknown),18,2,3
AR,Precipitation (type unknown),18,4,2
AR,Precipitation (type unknown),19,2,2
AR,Precipitation (type unknown),19,4,2
AR,Precipitation (type unknown),20,2,4
AR,Rain,0,2,34
AR,Rain,0,4,1
AR,Rain,1,2,35
AR,Rain,1,3,1
AR,Rain,1,4,4
AR,Rain,2,2,30
AR,Rain,2,4,3
AR,Rain,3,2,22
AR,Rain,3,4,1
AR,Rain,4,2,37
AR,Rain,4,3,2
AR,Rain,4,4,9
AR,Rain,5,1,1
AR,Rain,5,2,49
AR,Rain,5,3,7
AR,Rain,5,4,4
AR,Rain,6,1,1
AR,Rain,6,2,84
AR,Rain,6,3,14
AR,Rain,6,4,6
AR,Rain,7,1,3
AR,Rain,7,2,143
AR,Rain,7,3,3
AR,Rain,7,4,8
AR,Rain,8,1,1
AR,Rain,8,2,102
AR,Rain,8,3,11
AR,Rain,8,4,10
AR,Rain,9,2,94
AR,Rain,9,3,5
AR,Rain,9,4,13
AR,Rain,10,2,84
AR,Rain,10,3,6
AR,Rain,10,4,7
AR,Rain,11,2,91
AR,Rain,11,3,9
AR,Rain,11,4,10
AR,Rain,12,2,89
AR,Rain,12,3,10
AR,Rain,12,4,12
AR,Rain,13,2,98
AR,Rain,13,3,5
AR,Rain,13,4,12
AR,Rain,14,2,93
AR,Rain,14,3,2
AR,Rain,14,4,10
AR,Rain,15,2,98
AR,Rain,15,3,1
AR,Rain,15,4,19
AR,Rain,16,2,77
AR,Rain,16,3,2
AR,Rain,16,4,8
AR,Rain,17,2,79
AR,Rain,17,4,6
AR,Rain,18,2,73
AR,Rain,18,3,2
AR,Rain,18,4,12
AR,Rain,19,2,56
AR,Rain,19,3,4
AR,Rain,19,4,3
AR,Rain,20,2,41
AR,Rain,20,3,1
AR,Rain,20,4,6
AR,Rain,21,2,32
AR,Rain,21,4,9
AR,Rain,22,2,38
AR,Rain,22,4,5
AR,Rain,23,2,33
AR,Rain,23,3,4
AR,Rain,23,4,6
AR,Snow/Ice,0,2,9
AR,Snow/Ice,0,4,1
AR,Snow/Ice,1,2,9
AR,Snow/Ice,2,2,15
AR,Snow/Ice,2,4,5
AR,Snow/Ice,3,2,14
AR,Snow/Ice,4,2,16
AR,Snow/Ice,4,4,5
AR,Snow/Ice,5,2,25
AR,Snow/Ice,5,3,2
AR,Snow/Ice,5,4,1
AR,Snow/Ice,6,2,24
AR,Snow/Ice,6,3,2
AR,Snow/Ice,7,2,50
AR,Snow/Ice,7,3,1
AR,Snow/Ice,7,4,8
AR,Snow/Ice,8,2,45
AR,Snow/Ice,8,3,2
AR,Snow/Ice,8,4,1
AR,Snow/Ice,9,2,19
AR,Snow/Ice,9,3,1
AR,Snow/Ice,9,4,2
AR,Snow/Ice,10,2,30
AR,Snow/Ice,11,2,35
AR,Snow/Ice,11,4,5
AR,Snow/Ice,12,2,19
AR,Snow/Ice,12,4,2
AR,Snow/Ice,13,2,21
AR,Snow/Ice,13,4,3
AR,Snow/Ice,14,2,17
AR,Snow/Ice,14,3,1
AR,Snow/Ice,14,4,1
AR,Snow/Ice,15,2,23
AR,Snow/Ice,15,4,3
AR,Snow/Ice,16,2,44
AR,Snow/Ice,16,4,11
AR,Snow/Ice,17,2,51
AR,Snow/Ice,17,3,1
AR,Snow/Ice,17,4,12
AR,Snow/Ice,18,2,23
AR,Snow/Ice,18,4,5
AR,Snow/Ice,19,2,12
AR,Snow/Ice,19,4,4
AR,Snow/Ice,20,2,31
AR,Snow/Ice,20,4,3
AR,Snow/Ice,21,2,14
AR,Snow/Ice,21,4,3
AR,Snow/Ice,22,2,3
AR,Snow/Ice,22,3,1
AR,Snow/Ice,23,2,8
AR,Thunderstorm,0,2,2
AR,Thunderstorm,1,2,8
AR,Thunderstorm,1,4,1
AR,Thunderstorm,2,2,7
AR,Thunderstorm,3,2,2
AR,Thunderstorm,4,2,2
AR,Thunderstorm,5,2,13
AR,Thunderstorm,5,3,1
AR,Thunderstorm,5,4,5
AR,Thunderstorm,6,2,29
AR,Thunderstorm,6,3,5
AR,Thunderstorm,6,4,2
AR,Thunderstorm,7,2,36
AR,Thunderstorm,7,3,4
AR,Thunderstorm,8,2,30
AR,Thunderstorm,8,3,6
AR,Thunderstorm,8,4,1
AR,Thunderstorm,9,2,37
AR,Thunderstorm,9,4,6
AR,Thunderstorm,10,2,19
AR,Thunderstorm,10,4,1
AR,Thunderstorm,11,2,33
AR,Thunderstorm,11,3,2
AR,Thunderstorm,11,4,1
AR,Thunderstorm,12,2,27
AR,Thunderstorm,12,3,1
AR,Thunderstorm,12,4,3
AR,Thunderstorm,13,2,34
AR,Thunderstorm,13,3,2
AR,Thunderstorm,13,4,3
AR,Thunderstorm,14,2,60
AR,Thunderstorm,14,4,7
AR,Thunderstorm,15,2,55
AR,Thunderstorm,15,4,10
AR,Thunderstorm,16,2,39
AR,Thunderstorm,16,4,1
AR,Thunderstorm,17,2,40
AR,Thunderstorm,17,4,5
AR,Thunderstorm,18,2,25
AR,Thunderstorm,18,4,2
AR,Thunderstorm,19,2,15
AR,Thunderstorm,19,3,1
AR,Thunderstorm,19,4,4
AR,Thunderstorm,20,2,6
AR,Thunderstorm,20,4,1
AR,Thunderstorm,21,2,16
AR,Thunderstorm,21,4,3
AR,Thunderstorm,22,2,17
AR,Thunderstorm,22,4,1
AR,Thunderstorm,23,2,8
AR,Thunderstorm,23,4,1
AZ,Clear/Fair,0,1,43
AZ,Clear/Fair,0,2,1215
AZ,Clear/Fair,0,3,17
AZ,Clear/Fair,0,4,82
AZ,Clear/Fair,1,1,35
AZ,Clear/Fair,1,2,1125
AZ,Clear/Fair,1,3,21
AZ,Clear/Fair,1,4,104
AZ,Clear/Fair,2,1,23
AZ,Clear/Fair,2,2,1077
AZ,Clear/Fair,2,3,27
AZ,Clear/Fair,2,4,71
AZ,Clear/Fair,3,1,31
AZ,Clear/Fair,3,2,1246
AZ,Clear/Fair,3,3,105
AZ,Clear/Fair,3,4,73
AZ,Clear/Fair,4,1,81
AZ,Clear/Fair,4,2,1955
AZ,Clear/Fair,4,3,373
AZ,Clear/Fair,4,4,86
AZ,Clear/Fair,5,1,90
AZ,Clear/Fair,5,2,2788
AZ,Clear/Fair,5,3,443
AZ,Clear/Fair,5,4,123
AZ,Clear/Fair,6,1,180
AZ,Clear/Fair,6,2,4696
AZ,Clear/Fair,6,3,584
AZ,Clear/Fair,6,4,125
AZ,Clear/Fair,7,1,291
AZ,Clear/Fair,7,2,6513
AZ,Clear/Fair,7,3,649
AZ,Clear/Fair,7,4,148
AZ,Clear/Fair,8,1,224
AZ,Clear/Fair,8,2,6872
AZ,Clear/Fair,8,3,577
AZ,Clear/Fair,8,4,197
AZ,Clear/Fair,9,1,229
AZ,Clear/Fair,9,2,4394
AZ,Clear/Fair,9,3,387
AZ,Clear/Fair,9,4,158
AZ,Clear/Fair,10,1,279
AZ,Clear/Fair,10,2,3413
AZ,Clear/Fair,10,3,413
AZ,Clear/Fair,10,4,156
AZ,Clear/Fair,11,1,333
AZ,Clear/Fair,11,2,3493
AZ,Clear/Fair,11,3,407
AZ,Clear/Fair,11,4,138
AZ,Clear/Fair,12,1,337
AZ,Clear/Fair,12,2,3552
AZ,Clear/Fair,12,3,461
AZ,Clear/Fair,12,4,151
AZ,Clear/Fair,13,1,404
AZ,Clear/Fair,13,2,4187
AZ,Clear/Fair,13,3,553
AZ,Clear/Fair,13,4,200
AZ,Clear/Fair,14,1,340
AZ,Clear/Fair,14,2,5826
AZ,Clear/Fair,14,3,658
AZ,Clear/Fair,14,4,201
AZ,Clear/Fair,15,1,380
AZ,Clear/Fair,15,2,6442
AZ,Clear/Fair,15,3,723
AZ,Clear/Fair,15,4,137
AZ,Clear/Fair,16,1,437
AZ,Clear/Fair,16,2,7534
AZ,Clear/Fair,16,3,820
AZ,Clear/Fair,16,4,151
AZ,Clear/Fair,17,1,458
AZ,Clear/Fair,17,2,6674
AZ,Clear/Fair,17,3,779
AZ,Clear/Fair,17,4,177
AZ,Clear/Fair,18,1,425
AZ,Clear/Fair,18,2,5181
AZ,Clear/Fair,18,3,528
AZ,Clear/Fair,18,4,128
AZ,Clear/Fair,19,1,429
AZ,Clear/Fair,19,2,3403
AZ,Clear/Fair,19,3,362
AZ,Clear/Fair,19,4,134
AZ,Clear/Fair,20,1,178
AZ,Clear/Fair,20,2,2360
AZ,Clear/Fair,20,3,230
AZ,Clear/Fair,20,4,126
AZ,Clear/Fair,21,1,117
AZ,Clear/Fair,21,2,2058
AZ,Clear/Fair,21,3,205
AZ,Clear/Fair,21,4,114
AZ,Clear/Fair,22,1,137
AZ,Clear/Fair,22,2,1611
AZ,Clear/Fair,22,3,119
AZ,Clear/Fair,22,4,176
AZ,Clear/Fair,23,1,33
AZ,Clear/Fair,23,2,1426
AZ,Clear/Fair,23,3,41
AZ,Clear/Fair,23,4,84
AZ,Cloudy,0,1,6
AZ,Cloudy,0,2,363
AZ,Cloudy,0,3,17
AZ,Cloudy,0,4,43
AZ,Cloudy,1,1,7
AZ,Cloudy,1,2,292
AZ,Cloudy,1,3,15
AZ,Cloudy,1,4,23
AZ,Cloudy,2,1,3
AZ,Cloudy,2,2,269
AZ,Cloudy,2,3,7
AZ,Cloudy,2,4,20
AZ,Cloudy,3,1,2
AZ,Cloudy,3,2,305
AZ,Cloudy,3,3,56
AZ,Cloudy,3,4,30
AZ,Cloudy,4,1,24
AZ,Cloudy,4,2,721
AZ,Cloudy,4,3,232
AZ,Cloudy,4,4,39
AZ,Cloudy,5,1,37
AZ,Cloudy,5,2,1202
AZ,Cloudy,5,3,342
AZ,Cloudy,5,4,43
AZ,Cloudy,6,1,57
AZ,Cloudy,6,2,2131
AZ,Cloudy,6,3,492
AZ,Cloudy,6,4,59
AZ,Cloudy,7,1,77
AZ,Cloudy,7,2,2955
AZ,Cloudy,7,3,419
AZ,Cloudy,7,4,78
AZ,Cloudy,8,1,32
AZ,Cloudy,8,2,2755
AZ,Cloudy,8,3,387
AZ,Cloudy,8,4,83
AZ,Cloudy,9,1,39
AZ,Cloudy,9,2,1818
AZ,Cloudy,9,3,259
AZ,Cloudy,9,4,69
AZ,Cloudy,10,1,52
AZ,Cloudy,10,2,1393
AZ,Cloudy,10,3,221
AZ,Cloudy,10,4,57
AZ,Cloudy,11,1,63
AZ,Cloudy,11,2,1325
AZ,Cloudy,11,3,244
AZ,Cloudy,11,4,49
AZ,Cloudy,12,1,85
AZ,Cloudy,12,2,1424
AZ,Cloudy,12,3,265
AZ,Cloudy,12,4,64
AZ,Cloudy,13,1,76
AZ,Cloudy,13,2,1867
AZ,Cloudy,13,3,360
AZ,Cloudy,13,4,85
AZ,Cloudy,14,1,84
AZ,Cloudy,14,2,2671
AZ,Cloudy,14,3,464
AZ,Cloudy,14,4,68
AZ,Cloudy,15,1,68
AZ,Cloudy,15,2,2953
AZ,Cloudy,15,3,526
AZ,Cloudy,15,4,83
AZ,Cloudy,16,1,80
AZ,Cloudy,16,2,3614
AZ,Cloudy,16,3,598
AZ,Cloudy,16,4,65
AZ,Cloudy,17,1,81
AZ,Cloudy,17,2,3473
AZ,Cloudy,17,3,599
AZ,Cloudy,17,4,76
AZ,Cloudy,18,1,89
AZ,Cloudy,18,2,2654
AZ,Cloudy,18,3,520
AZ,Cloudy,18,4,81
AZ,Cloudy,19,1,96
AZ,Cloudy,19,2,1612
AZ,Cloudy,19,3,287
AZ,Cloudy,19,4,60
AZ,Cloudy,20,1,37
AZ,Cloudy,20,2,1019
AZ,Cloudy,20,3,170
AZ,Cloudy,20,4,44
AZ,Cloudy,21,1,23
AZ,Cloudy,21,2,791
AZ,Cloudy,21,3,114
AZ,Cloudy,21,4,58
AZ,Cloudy,22,1,31
AZ,Cloudy,22,2,578
AZ,Cloudy,22,3,71
AZ,Cloudy,22,4,71
AZ,Cloudy,23,1,16
AZ,Cloudy,23,2,440
AZ,Cloudy,23,3,31
AZ,Cloudy,23,4,36
AZ,Fog/Low visibility,0,2,21
AZ,Fog/Low visibility,0,4,2
AZ,Fog/Low visibility,1,1,1
AZ,Fog/Low visibility,1,2,6
AZ,Fog/Low visibility,2,2,6
AZ,Fog/Low visibility,3,2,14
AZ,Fog/Low visibility,4,2,35
AZ,Fog/Low visibility,4,3,1
AZ,Fog/Low visibility,5,1,1
AZ,Fog/Low visibility,5,2,29
AZ,Fog/Low visibility,5,3,1
AZ,Fog/Low visibility,6,1,1
AZ,Fog/Low visibility,6,2,24
AZ,Fog/Low visibility,6,3,2
AZ,Fog/Low visibility,7,2,44
AZ,Fog/Low visibility,7,3,2
AZ,Fog/Low visibility,7,4,1
AZ,Fog/Low visibility,8,2,33
AZ,Fog/Low visibility,8,3,3
AZ,Fog/Low visibility,9,2,12
AZ,Fog/Low visibility,9,3,1
AZ,Fog/Low visibility,10,1,1
AZ,Fog/Low visibility,10,2,14
AZ,Fog/Low visibility,10,3,1
AZ,Fog/Low visibility,10,4,1
AZ,Fog/Low visibility,11,1,3
AZ,Fog/Low visibility,11,2,19
AZ,Fog/Low visibility,11,3,3
AZ,Fog/Low visibility,11,4,2
AZ,Fog/Low visibility,12,1,5
AZ,Fog/Low visibility,12,2,10
AZ,Fog/Low visibility,13,1,2
AZ,Fog/Low visibility,13,2,21
AZ,Fog/Low visibility,13,3,1
AZ,Fog/Low visibility,13,4,3
AZ,Fog/Low visibility,14,1,2
AZ,Fog/Low visibility,14,2,39
AZ,Fog/Low visibility,14,3,1
AZ,Fog/Low visibility,14,4,3
AZ,Fog/Low visibility,15,2,26
AZ,Fog/Low visibility,15,3,3
AZ,Fog/Low visibility,15,4,1
AZ,Fog/Low visibility,16,2,30
AZ,Fog/Low visibility,16,3,8
AZ,Fog/Low visibility,16,4,5
AZ,Fog/Low visibility,17,1,1
AZ,Fog/Low visibility,17,2,32
AZ,Fog/Low visibility,17,3,4
AZ,Fog/Low visibility,18,2,40
AZ,Fog/Low visibility,18,3,2
AZ,Fog/Low visibility,18,4,3
AZ,Fog/Low visibility,19,2,25
AZ,Fog/Low visibility,19,3,1
AZ,Fog/Low visibility,20,2,36
AZ,Fog/Low visibility,20,3,1
AZ,Fog/Low visibility,20,4,4
AZ,Fog/Low visibility,21,2,10
AZ,Fog/Low visibility,21,3,2
AZ,Fog/Low visibility,22,2,6
AZ,Fog/Low visibility,22,3,1
AZ,Fog/Low visibility,22,4,3
AZ,Fog/Low visibility,23,2,5
AZ,Precipitation (type unknown),8,2,3
AZ,Precipitation (type unknown),22,2,2
AZ,Rain,0,2,64
AZ,Rain,0,3,1
AZ,Rain,0,4,6
AZ,Rain,1,2,39
AZ,Rain,1,3,3
AZ,Rain,2,2,39
AZ,Rain,2,3,1
AZ,Rain,3,2,36
AZ,Rain,3,3,5
AZ,Rain,3,4,1
AZ,Rain,4,1,1
AZ,Rain,4,2,61
AZ,Rain,4,3,12
AZ,Rain,4,4,1
AZ,Rain,5,1,2
AZ,Rain,5,2,134
AZ,Rain,5,3,20
AZ,Rain,5,4,2
AZ,Rain,6,1,1
AZ,Rain,6,2,130
AZ,Rain,6,3,12
AZ,Rain,6,4,1
AZ,Rain,7,1,7
AZ,Rain,7,2,241
AZ,Rain,7,3,28
AZ,Rain,7,4,6
AZ,Rain,8,2,205
AZ,Rain,8,3,21
AZ,Rain,8,4,3
AZ,Rain,9,1,1
AZ,Rain,9,2,148
AZ,Rain,9,3,20
AZ,Rain,9,4,4
AZ,Rain,10,2,85
AZ,Rain,10,3,8
AZ,Rain,10,4,3
AZ,Rain,11,2,81
AZ,Rain,11,3,12
AZ,Rain,11,4,3
AZ,Rain,12,1,4
AZ,Rain,12,2,98
AZ,Rain,12,3,9
AZ,Rain,12,4,7
AZ,Rain,13,1,7
AZ,Rain,13,2,127
AZ,Rain,13,3,22
AZ,Rain,13,4,4
AZ,Rain,14,1,1
AZ,Rain,14,2,148
AZ,Rain,14,3,17
AZ,Rain,14,4,5
AZ,Rain,15,1,6
AZ,Rain,15,2,164
AZ,Rain,15,3,26
AZ,Rain,15,4,4
AZ,Rain,16,1,12
AZ,Rain,16,2,178
AZ,Rain,16,3,13
AZ,Rain,16,4,6
AZ,Rain,17,1,8
AZ,Rain,17,2,166
AZ,Rain,17,3,19
AZ,Rain,17,4,3
AZ,Rain,18,1,13
AZ,Rain,18,2,139
AZ,Rain,18,3,16
AZ,Rain,18,4,4
AZ,Rain,19,1,5
AZ,Rain,19,2,106
AZ,Rain,19,3,12
AZ,Rain,19,4,5
AZ,Rain,20,1,2
AZ,Rain,20,2,88
AZ,Rain,20,3,6
AZ,Rain,20,4,2
AZ,Rain,21,2,61
AZ,Rain,21,3,4
AZ,Rain,21,4,8
AZ,Rain,22,1,1
AZ,Rain,22,2,47
AZ,Rain,22,3,7
AZ,Rain,22,4,6
AZ,Rain,23,2,34
AZ,Rain,23,3,1
AZ,Rain,23,4,3
AZ,Severe wind,16,2,1
AZ,Snow/Ice,0,2,38
AZ,Snow/Ice,0,4,3
AZ,Snow/Ice,1,2,32
AZ,Snow/Ice,1,4,2
AZ,Snow/Ice,2,2,23
AZ,Snow/Ice,2,3,1
AZ,Snow/Ice,2,4,1
AZ,Snow/Ice,3,2,63
AZ,Snow/Ice,3,3,1
AZ,Snow/Ice,3,4,2
AZ,Snow/Ice,4,2,31
AZ,Snow/Ice,4,3,2
AZ,Snow/Ice,4,4,4
AZ,Snow/Ice,5,2,23
AZ,Snow/Ice,5,3,6
AZ,Snow/Ice,5,4,4
AZ,Snow/Ice,6,2,26
AZ,Snow/Ice,6,3,5
AZ,Snow/Ice,6,4,1
AZ,Snow/Ice,7,2,17
AZ,Snow/Ice,7,3,4
AZ,Snow/Ice,7,4,6
AZ,Snow/Ice,8,2,61
AZ,Snow/Ice,8,3,4
AZ,Snow/Ice,8,4,4
AZ,Snow/Ice,9,2,40
AZ,Snow/Ice,9,3,4
AZ,Snow/Ice,9,4,6
AZ,Snow/Ice,10,2,18
AZ,Snow/Ice,10,3,3
AZ,Snow/Ice,10,4,1
AZ,Snow/Ice,11,2,17
AZ,Snow/Ice,11,3,2
AZ,Snow/Ice,11,4,3
AZ,Snow/Ice,12,2,21
AZ,Snow/Ice,12,3,4
AZ,Snow/Ice,12,4,2
AZ,Snow/Ice,13,2,27
AZ,Snow/Ice,13,3,1
AZ,Snow/Ice,13,4,2
AZ,Snow/Ice,14,2,17
AZ,Snow/Ice,14,3,2
AZ,Snow/Ice,14,4,3
AZ,Snow/Ice,15,2,15
AZ,Snow/Ice,15,3,5
AZ,Snow/Ice,15,4,4
AZ,Snow/Ice,16,2,64
AZ,Snow/Ice,16,3,4
AZ,Snow/Ice,16,4,2
AZ,Snow/Ice,17,2,44
AZ,Snow/Ice,17,3,4
AZ,Snow/Ice,17,4,4
AZ,Snow/Ice,18,2,94
AZ,Snow/Ice,19,2,53
AZ,Snow/Ice,19,3,4
AZ,Snow/Ice,19,4,1
AZ,Snow/Ice,20,2,26
AZ,Snow/Ice,20,3,2
AZ,Snow/Ice,20,4,3
AZ,Snow/Ice,21,2,25
AZ,Snow/Ice,21,3,2
AZ,Snow/Ice,21,4,3
AZ,Snow/Ice,22,2,16
AZ,Snow/Ice,22,3,5
AZ,Snow/Ice,22,4,1
AZ,Snow/Ice,23,2,21
AZ,Thunderstorm,0,2,22
AZ,Thunderstorm,1,2,12
AZ,Thunderstorm,2,2,8
AZ,Thunderstorm,3,2,7
AZ,Thunderstorm,4,2,11
AZ,Thunderstorm,4,3,6
AZ,Thunderstorm,5,1,2
AZ,Thunderstorm,5,2,29
AZ,Thunderstorm,5,3,3
AZ,Thunderstorm,6,2,30
AZ,Thunderstorm,6,3,5
AZ,Thunderstorm,7,2,21
AZ,Thunderstorm,8,2,18
AZ,Thunderstorm,8,3,2
AZ,Thunderstorm,9,2,7
AZ,Thunderstorm,9,4,1
AZ,Thunderstorm,10,2,16
AZ,Thunderstorm,10,3,1
AZ,Thunderstorm,10,4,1
AZ,Thunderstorm,11,2,6
AZ,Thunderstorm,11,3,2
AZ,Thunderstorm,11,4,1
AZ,Thunderstorm,12,2,33
AZ,Thunderstorm,12,3,5
AZ,Thunderstorm,13,2,41
AZ,Thunderstorm,13,3,4
AZ,Thunderstorm,13,4,6
AZ,Thunderstorm,14,2,65
AZ,Thunderstorm,14,3,4
AZ,Thunderstorm,14,4,2
AZ,Thunderstorm,15,1,1
AZ,Thunderstorm,15,2,91
AZ,Thunderstorm,15,3,10
AZ,Thunderstorm,16,1,1
AZ,Thunderstorm,16,2,93
AZ,Thunderstorm,16,3,14
AZ,Thunderstorm,16,4,3
AZ,Thunderstorm,17,1,10
AZ,Thunderstorm,17,2,117
AZ,Thunderstorm,17,3,9
AZ,Thunderstorm,17,4,3
AZ,Thunderstorm,18,1,2
AZ,Thunderstorm,18,2,98
AZ,Thunderstorm,18,3,7
AZ,Thunderstorm,18,4,4
AZ,Thunderstorm,19,2,63
AZ,Thunderstorm,19,3,6
AZ,Thunderstorm,20,1,1
AZ,Thunderstorm,20,2,52
AZ,Thunderstorm,20,3,2
AZ,Thunderstorm,20,4,1
AZ,Thunderstorm,21,2,56
AZ,Thunderstorm,21,3,10
AZ,Thunderstorm,21,4,14
AZ,Thunderstorm,22,2,46
AZ,Thunderstorm,22,3,7
AZ,Thunderstorm,23,2,28
CA,Clear/Fair,0,1,120
CA,Clear/Fair,0,2,17058
CA,Clear/Fair,0,3,2981
CA,Clear/Fair,0,4,296
CA,Clear/Fair,1,1,94
CA,Clear/Fair,1,2,15729
CA,Clear/Fair,1,3,2325
CA,Clear/Fair,1,4,226
CA,Clear/Fair,2,1,237
CA,Clear/Fair,2,2,14851
CA,Clear/Fair,2,3,2574
CA,Clear/Fair,2,4,208
CA,Clear/Fair,3,1,189
CA,Clear/Fair,3,2,11797
CA,Clear/Fair,3,3,2270
CA,Clear/Fair,3,4,306
CA,Clear/Fair,4,1,226
CA,Clear/Fair,4,2,15188
CA,Clear/Fair,4,3,3066
CA,Clear/Fair,4,4,291
CA,Clear/Fair,5,1,394
CA,Clear/Fair,5,2,25962
CA,Clear/Fair,5,3,4398
CA,Clear/Fair,5,4,277
CA,Clear/Fair,6,1,268
CA,Clear/Fair,6,2,34441
CA,Clear/Fair,6,3,5619
CA,Clear/Fair,6,4,263
CA,Clear/Fair,7,1,368
CA,Clear/Fair,7,2,42366
CA,Clear/Fair,7,3,6162
CA,Clear/Fair,7,4,310
CA,Clear/Fair,8,1,428
CA,Clear/Fair,8,2,40650
CA,Clear/Fair,8,3,6712
CA,Clear/Fair,8,4,375
CA,Clear/Fair,9,1,203
CA,Clear/Fair,9,2,32759
CA,Clear/Fair,9,3,6574
CA,Clear/Fair,9,4,267
CA,Clear/Fair,10,1,93
CA,Clear/Fair,10,2,33258
CA,Clear/Fair,10,3,7133
CA,Clear/Fair,10,4,324
CA,Clear/Fair,11,1,90
CA,Clear/Fair,11,2,38088
CA,Clear/Fair,11,3,8054
CA,Clear/Fair,11,4,271
CA,Clear/Fair,12,1,148
CA,Clear/Fair,12,2,42182
CA,Clear/Fair,12,3,7222
CA,Clear/Fair,12,4,328
CA,Clear/Fair,13,1,377
CA,Clear/Fair,13,2,51588
CA,Clear/Fair,13,3,7643
CA,Clear/Fair,13,4,456
CA,Clear/Fair,14,1,422
CA,Clear/Fair,14,2,61854
CA,Clear/Fair,14,3,8722
CA,Clear/Fair,14,4,476
CA,Clear/Fair,15,1,396
CA,Clear/Fair,15,2,67626
CA,Clear/Fair,15,3,9781
CA,Clear/Fair,15,4,467
CA,Clear/Fair,16,1,471
CA,Clear/Fair,16,2,64647
CA,Clear/Fair,16,3,9589
CA,Clear/Fair,16,4,468
CA,Clear/Fair,17,1,453
CA,Clear/Fair,17,2,64274
CA,Clear/Fair,17,3,9975
CA,Clear/Fair,17,4,337
CA,Clear/Fair,18,1,373
CA,Clear/Fair,18,2,50677
CA,Clear/Fair,18,3,9388
CA,Clear/Fair,18,4,342
CA,Clear/Fair,19,1,305
CA,Clear/Fair,19,2,36587
CA,Clear/Fair,19,3,7026
CA,Clear/Fair,19,4,331
CA,Clear/Fair,20,1,199
CA,Clear/Fair,20,2,29528
CA,Clear/Fair,20,3,6214
CA,Clear/Fair,20,4,242
CA,Clear/Fair,21,1,171
CA,Clear/Fair,21,2,26112
CA,Clear/Fair,21,3,5061
CA,Clear/Fair,21,4,346
CA,Clear/Fair,22,1,93
CA,Clear/Fair,22,2,23366
CA,Clear/Fair,22,3,3937
CA,Clear/Fair,22,4,232
CA,Clear/Fair,23,1,124
CA,Clear/Fair,23,2,19851
CA,Clear/Fair,23,3,3337
CA,Clear/Fair,23,4,255
CA,Cloudy,0,1,64
CA,Cloudy,0,2,7551
CA,Cloudy,0,3,1887
CA,Cloudy,0,4,163
CA,Cloudy,1,1,50
CA,Cloudy,1,2,7096
CA,Cloudy,1,3,1430
CA,Cloudy,1,4,119
CA,Cloudy,2,1,131
CA,Cloudy,2,2,6811
CA,Cloudy,2,3,1840
CA,Cloudy,2,4,154
CA,Cloudy,3,1,90
CA,Cloudy,3,2,6113
CA,Cloudy,3,3,1675
CA,Cloudy,3,4,169
CA,Cloudy,4,1,116
CA,Cloudy,4,2,8221
CA,Cloudy,4,3,2270
CA,Cloudy,4,4,147
CA,Cloudy,5,1,145
CA,Cloudy,5,2,14584
CA,Cloudy,5,3,3575
CA,Cloudy,5,4,159
CA,Cloudy,6,1,182
CA,Cloudy,6,2,21515
CA,Cloudy,6,3,5190
CA,Cloudy,6,4,151
CA,Cloudy,7,1,221
CA,Cloudy,7,2,25276
CA,Cloudy,7,3,6016
CA,Cloudy,7,4,193
CA,Cloudy,8,1,232
CA,Cloudy,8,2,24323
CA,Cloudy,8,3,6418
CA,Cloudy,8,4,197
CA,Cloudy,9,1,88
CA,Cloudy,9,2,19176
CA,Cloudy,9,3,5783
CA,Cloudy,9,4,129
CA,Cloudy,10,1,86
CA,Cloudy,10,2,16738
CA,Cloudy,10,3,5212
CA,Cloudy,10,4,132
CA,Cloudy,11,1,73
CA,Cloudy,11,2,17015
CA,Cloudy,11,3,5197
CA,Cloudy,11,4,125
CA,Cloudy,12,1,80
CA,Cloudy,12,2,17091
CA,Cloudy,12,3,4391
CA,Cloudy,12,4,142
CA,Cloudy,13,1,111
CA,Cloudy,13,2,19171
CA,Cloudy,13,3,4272
CA,Cloudy,13,4,188
CA,Cloudy,14,1,171
CA,Cloudy,14,2,22552
CA,Cloudy,14,3,4500
CA,Cloudy,14,4,155
CA,Cloudy,15,1,162
CA,Cloudy,15,2,24641
CA,Cloudy,15,3,5145
CA,Cloudy,15,4,191
CA,Cloudy,16,1,196
CA,Cloudy,16,2,24979
CA,Cloudy,16,3,4973
CA,Cloudy,16,4,168
CA,Cloudy,17,1,160
CA,Cloudy,17,2,28525
CA,Cloudy,17,3,5752
CA,Cloudy,17,4,201
CA,Cloudy,18,1,143
CA,Cloudy,18,2,21719
CA,Cloudy,18,3,5194
CA,Cloudy,18,4,179
CA,Cloudy,19,1,108
CA,Cloudy,19,2,13916
CA,Cloudy,19,3,3800
CA,Cloudy,19,4,120
CA,Cloudy,20,1,78
CA,Cloudy,20,2,11074
CA,Cloudy,20,3,3286
CA,Cloudy,20,4,115
CA,Cloudy,21,1,108
CA,Cloudy,21,2,9616
CA,Cloudy,21,3,2716
CA,Cloudy,21,4,171
CA,Cloudy,22,1,42
CA,Cloudy,22,2,9017
CA,Cloudy,22,3,2069
CA,Cloudy,22,4,91
CA,Cloudy,23,1,53
CA,Cloudy,23,2,8505
CA,Cloudy,23,3,1765
CA,Cloudy,23,4,124
CA,Fog/Low visibility,0,1,10
CA,Fog/Low visibility,0,2,1426
CA,Fog/Low visibility,0,3,155
CA,Fog/Low visibility,0,4,26
CA,Fog/Low visibility,1,1,3
CA,Fog/Low visibility,1,2,1521
CA,Fog/Low visibility,1,3,147
CA,Fog/Low visibility,1,4,9
CA,Fog/Low visibility,2,1,10
CA,Fog/Low visibility,2,2,1441
CA,Fog/Low visibility,2,3,174
CA,Fog/Low visibility,2,4,13
CA,Fog/Low visibility,3,1,13
CA,Fog/Low visibility,3,2,1263
CA,Fog/Low visibility,3,3,163
CA,Fog/Low visibility,3,4,16
CA,Fog/Low visibility,4,1,3
CA,Fog/Low visibility,4,2,1725
CA,Fog/Low visibility,4,3,270
CA,Fog/Low visibility,4,4,17
CA,Fog/Low visibility,5,1,13
CA,Fog/Low visibility,5,2,2934
CA,Fog/Low visibility,5,3,439
CA,Fog/Low visibility,5,4,17
CA,Fog/Low visibility,6,1,15
CA,Fog/Low visibility,6,2,5196
CA,Fog/Low visibility,6,3,873
CA,Fog/Low visibility,6,4,34
CA,Fog/Low visibility,7,1,38
CA,Fog/Low visibility,7,2,7412
CA,Fog/Low visibility,7,3,1179
CA,Fog/Low visibility,7,4,48
CA,Fog/Low visibility,8,1,24
CA,Fog/Low visibility,8,2,6943
CA,Fog/Low visibility,8,3,1419
CA,Fog/Low visibility,8,4,48
CA,Fog/Low visibility,9,1,15
CA,Fog/Low visibility,9,2,4694
CA,Fog/Low visibility,9,3,1165
CA,Fog/Low visibility,9,4,48
CA,Fog/Low visibility,10,1,4
CA,Fog/Low visibility,10,2,3674
CA,Fog/Low visibility,10,3,948
CA,Fog/Low visibility,10,4,20
CA,Fog/Low visibility,11,1,5
CA,Fog/Low visibility,11,2,3353
CA,Fog/Low visibility,11,3,837
CA,Fog/Low visibility,11,4,14
CA,Fog/Low visibility,12,1,6
CA,Fog/Low visibility,12,2,2964
CA,Fog/Low visibility,12,3,680
CA,Fog/Low visibility,12,4,22
CA,Fog/Low visibility,13,1,4
CA,Fog/Low visibility,13,2,3126
CA,Fog/Low visibility,13,3,591
CA,Fog/Low visibility,13,4,17
CA,Fog/Low visibility,14,1,6
CA,Fog/Low visibility,14,2,3370
CA,Fog/Low visibility,14,3,584
CA,Fog/Low visibility,14,4,24
CA,Fog/Low visibility,15,1,4
CA,Fog/Low visibility,15,2,3616
CA,Fog/Low visibility,15,3,606
CA,Fog/Low visibility,15,4,26
CA,Fog/Low visibility,16,1,6
CA,Fog/Low visibility,16,2,3280
CA,Fog/Low visibility,16,3,558
CA,Fog/Low visibility,16,4,27
CA,Fog/Low visibility,17,1,4
CA,Fog/Low visibility,17,2,3497
CA,Fog/Low visibility,17,3,611
CA,Fog/Low visibility,17,4,24
CA,Fog/Low visibility,18,1,7
CA,Fog/Low visibility,18,2,2468
CA,Fog/Low visibility,18,3,470
CA,Fog/Low visibility,18,4,12
CA,Fog/Low visibility,19,1,2
CA,Fog/Low visibility,19,2,1584
CA,Fog/Low visibility,19,3,307
CA,Fog/Low visibility,19,4,13
CA,Fog/Low visibility,20,1,3
CA,Fog/Low visibility,20,2,1541
CA,Fog/Low visibility,20,3,222
CA,Fog/Low visibility,20,4,9
CA,Fog/Low visibility,21,2,1315
CA,Fog/Low visibility,21,3,152
CA,Fog/Low visibility,21,4,12
CA,Fog/Low visibility,22,1,6
CA,Fog/Low visibility,22,2,1399
CA,Fog/Low visibility,22,3,128
CA,Fog/Low visibility,22,4,5
CA,Fog/Low visibility,23,1,7
CA,Fog/Low visibility,23,2,1455
CA,Fog/Low visibility,23,3,139
CA,Fog/Low visibility,23,4,10
CA,Precipitation (type unknown),0,2,2
CA,Precipitation (type unknown),1,2,3
CA,Precipitation (type unknown),2,2,6
CA,Precipitation (type unknown),3,2,2
CA,Precipitation (type unknown),4,2,13
CA,Precipitation (type unknown),5,2,2
CA,Precipitation (type unknown),6,2,15
CA,Precipitation (type unknown),7,2,9
CA,Precipitation (type unknown),8,2,4
CA,Precipitation (type unknown),9,2,7
CA,Precipitation (type unknown),10,2,8
CA,Precipitation (type unknown),10,4,2
CA,Precipitation (type unknown),11,2,7
CA,Precipitation (type unknown),12,2,31
CA,Precipitation (type unknown),13,2,8
CA,Precipitation (type unknown),13,4,1
CA,Precipitation (type unknown),14,2,13
CA,Precipitation (type unknown),14,3,1
CA,Precipitation (type unknown),15,2,10
CA,Precipitation (type unknown),16,2,7
CA,Precipitation (type unknown),17,2,6
CA,Precipitation (type unknown),17,4,1
CA,Precipitation (type unknown),18,2,7
CA,Precipitation (type unknown),19,2,4
CA,Precipitation (type unknown),20,2,6
CA,Precipitation (type unknown),21,2,11
CA,Precipitation (type unknown),21,4,1
CA,Precipitation (type unknown),22,2,2
CA,Precipitation (type unknown),23,2,14
CA,Rain,0,1,5
CA,Rain,0,2,1566
CA,Rain,0,3,397
CA,Rain,0,4,19
CA,Rain,1,1,5
CA,Rain,1,2,1542
CA,Rain,1,3,314
CA,Rain,1,4,18
CA,Rain,2,1,2
CA,Rain,2,2,1469
CA,Rain,2,3,412
CA,Rain,2,4,23
CA,Rain,3,1,3
CA,Rain,3,2,1372
CA,Rain,3,3,397
CA,Rain,3,4,30
CA,Rain,4,1,6
CA,Rain,4,2,2047
CA,Rain,4,3,594
CA,Rain,4,4,27
CA,Rain,5,1,12
CA,Rain,5,2,3147
CA,Rain,5,3,681
CA,Rain,5,4,21
CA,Rain,6,1,18
CA,Rain,6,2,3754
CA,Rain,6,3,803
CA,Rain,6,4,11
CA,Rain,7,1,20
CA,Rain,7,2,4201
CA,Rain,7,3,805
CA,Rain,7,4,30
CA,Rain,8,1,16
CA,Rain,8,2,3851
CA,Rain,8,3,776
CA,Rain,8,4,23
CA,Rain,9,1,9
CA,Rain,9,2,3216
CA,Rain,9,3,703
CA,Rain,9,4,15
CA,Rain,10,1,13
CA,Rain,10,2,3019
CA,Rain,10,3,644
CA,Rain,10,4,9
CA,Rain,11,1,24
CA,Rain,11,2,3143
CA,Rain,11,3,694
CA,Rain,11,4,15
CA,Rain,12,1,15
CA,Rain,12,2,3306
CA,Rain,12,3,640
CA,Rain,12,4,21
CA,Rain,13,1,26
CA,Rain,13,2,3659
CA,Rain,13,3,646
CA,Rain,13,4,23
CA,Rain,14,1,29
CA,Rain,14,2,3804
CA,Rain,14,3,672
CA,Rain,14,4,34
CA,Rain,15,1,26
CA,Rain,15,2,3614
CA,Rain,15,3,565
CA,Rain,15,4,23
CA,Rain,16,1,40
CA,Rain,16,2,3593
CA,Rain,16,3,626
CA,Rain,16,4,25
CA,Rain,17,1,21
CA,Rain,17,2,3540
CA,Rain,17,3,544
CA,Rain,17,4,25
CA,Rain,18,1,26
CA,Rain,18,2,2985
CA,Rain,18,3,481
CA,Rain,18,4,21
CA,Rain,19,1,19
CA,Rain,19,2,2386
CA,Rain,19,3,424
CA,Rain,19,4,30
CA,Rain,20,1,10
CA,Rain,20,2,2065
CA,Rain,20,3,399
CA,Rain,20,4,15
CA,Rain,21,2,1955
CA,Rain,21,3,361
CA,Rain,21,4,29
CA,Rain,22,1,1
CA,Rain,22,2,1924
CA,Rain,22,3,306
CA,Rain,22,4,20
CA,Rain,23,2,1810
CA,Rain,23,3,347
CA,Rain,23,4,17
CA,Severe wind,8,2,1
CA,Severe wind,10,2,1
CA,Severe wind,11,2,2
CA,Severe wind,12,2,1
CA,Severe wind,13,2,1
CA,Severe wind,14,2,5
CA,Snow/Ice,0,2,101
CA,Snow/Ice,0,3,2
CA,Snow/Ice,0,4,1
CA,Snow/Ice,1,2,70
CA,Snow/Ice,1,4,2
CA,Snow/Ice,2,2,59
CA,Snow/Ice,2,3,1
CA,Snow/Ice,2,4,3
CA,Snow/Ice,3,2,41
CA,Snow/Ice,3,3,1
CA,Snow/Ice,4,2,75
CA,Snow/Ice,4,3,7
CA,Snow/Ice,4,4,1
CA,Snow/Ice,5,2,79
CA,Snow/Ice,5,3,4
CA,Snow/Ice,5,4,2
CA,Snow/Ice,6,2,121
CA,Snow/Ice,6,3,10
CA,Snow/Ice,7,2,194
CA,Snow/Ice,7,3,16
CA,Snow/Ice,7,4,2
CA,Snow/Ice,8,2,213
CA,Snow/Ice,8,3,19
CA,Snow/Ice,8,4,2
CA,Snow/Ice,9,2,192
CA,Snow/Ice,9,3,13
CA,Snow/Ice,9,4,6
CA,Snow/Ice,10,2,190
CA,Snow/Ice,10,3,11
CA,Snow/Ice,10,4,1
CA,Snow/Ice,11,2,134
CA,Snow/Ice,11,3,12
CA,Snow/Ice,11,4,2
CA,Snow/Ice,12,2,176
CA,Snow/Ice,12,3,15
CA,Snow/Ice,12,4,3
CA,Snow/Ice,13,2,210
CA,Snow/Ice,13,3,11
CA,Snow/Ice,13,4,2
CA,Snow/Ice,14,2,184
CA,Snow/Ice,14,3,17
CA,Snow/Ice,14,4,4
CA,Snow/Ice,15,2,220
CA,Snow/Ice,15,3,13
CA,Snow/Ice,16,2,332
CA,Snow/Ice,16,3,8
CA,Snow/Ice,16,4,11
CA,Snow/Ice,17,2,259
CA,Snow/Ice,17,3,15
CA,Snow/Ice,17,4,4
CA,Snow/Ice,18,2,260
CA,Snow/Ice,18,3,12
CA,Snow/Ice,18,4,5
CA,Snow/Ice,19,2,177
CA,Snow/Ice,19,3,13
CA,Snow/Ice,19,4,6
CA,Snow/Ice,20,2,151
CA,Snow/Ice,20,3,8
CA,Snow/Ice,20,4,6
CA,Snow/Ice,21,2,155
CA,Snow/Ice,21,3,5
CA,Snow/Ice,22,2,119
CA,Snow/Ice,22,3,3
CA,Snow/Ice,23,2,94
CA,Snow/Ice,23,3,2
CA,Snow/Ice,23,4,2
CA,Thunderstorm,0,2,11
CA,Thunderstorm,0,3,3
CA,Thunderstorm,1,2,6
CA,Thunderstorm,2,2,14
CA,Thunderstorm,2,3,2
CA,Thunderstorm,2,4,1
CA,Thunderstorm,3,2,4
CA,Thunderstorm,3,3,1
CA,Thunderstorm,4,1,1
CA,Thunderstorm,4,2,11
CA,Thunderstorm,4,3,6
CA,Thunderstorm,4,4,2
CA,Thunderstorm,5,2,24
CA,Thunderstorm,5,3,4
CA,Thunderstorm,6,2,22
CA,Thunderstorm,6,3,3
CA,Thunderstorm,7,2,19
CA,Thunderstorm,7,3,4
CA,Thunderstorm,8,2,24
CA,Thunderstorm,8,3,3
CA,Thunderstorm,8,4,1
CA,Thunderstorm,9,2,37
CA,Thunderstorm,9,3,9
CA,Thunderstorm,10,2,36
CA,Thunderstorm,10,3,10
CA,Thunderstorm,11,2,46
CA,Thunderstorm,11,3,22
CA,Thunderstorm,12,2,67
CA,Thunderstorm,12,3,9
CA,Thunderstorm,13,2,55
CA,Thunderstorm,13,3,9
CA,Thunderstorm,13,4,1
CA,Thunderstorm,14,2,116
CA,Thunderstorm,14,3,16
CA,Thunderstorm,15,1,4
CA,Thunderstorm,15,2,171
CA,Thunderstorm,15,3,17
CA,Thunderstorm,16,2,144
CA,Thunderstorm,16,3,15
CA,Thunderstorm,16,4,1
CA,Thunderstorm,17,1,3
CA,Thunderstorm,17,2,120
CA,Thunderstorm,17,3,12
CA,Thunderstorm,18,1,1
CA,Thunderstorm,18,2,68
CA,Thunderstorm,18,3,7
CA,Thunderstorm,19,2,46
CA,Thunderstorm,19,3,5
CA,Thunderstorm,20,2,29
CA,Thunderstorm,20,3,4
CA,Thunderstorm,21,2,31
CA,Thunderstorm,21,3,4
CA,Thunderstorm,22,2,11
CA,Thunderstorm,22,3,2
CA,Thunderstorm,23,2,25
CA,Thunderstorm,23,3,2
CO,Clear/Fair,0,1,2
CO,Clear/Fair,0,2,296
CO,Clear/Fair,0,3,53
CO,Clear/Fair,0,4,92
CO,Clear/Fair,1,2,362
CO,Clear/Fair,1,3,97
CO,Clear/Fair,1,4,95
CO,Clear/Fair,2,2,364
CO,Clear/Fair,2,3,99
CO,Clear/Fair,2,4,105
CO,Clear/Fair,3,2,332
CO,Clear/Fair,3,3,71
CO,Clear/Fair,3,4,85
CO,Clear/Fair,4,1,2
CO,Clear/Fair,4,2,389
CO,Clear/Fair,4,3,112
CO,Clear/Fair,4,4,80
CO,Clear/Fair,5,1,15
CO,Clear/Fair,5,2,754
CO,Clear/Fair,5,3,299
CO,Clear/Fair,5,4,114
CO,Clear/Fair,6,1,45
CO,Clear/Fair,6,2,1686
CO,Clear/Fair,6,3,693
CO,Clear/Fair,6,4,144
CO,Clear/Fair,7,1,67
CO,Clear/Fair,7,2,2677
CO,Clear/Fair,7,3,777
CO,Clear/Fair,7,4,170
CO,Clear/Fair,8,1,68
CO,Clear/Fair,8,2,2517
CO,Clear/Fair,8,3,637
CO,Clear/Fair,8,4,172
CO,Clear/Fair,9,1,13
CO,Clear/Fair,9,2,1357
CO,Clear/Fair,9,3,451
CO,Clear/Fair,9,4,148
CO,Clear/Fair,10,1,5
CO,Clear/Fair,10,2,632
CO,Clear/Fair,10,3,417
CO,Clear/Fair,10,4,168
CO,Clear/Fair,11,1,13
CO,Clear/Fair,11,2,805
CO,Clear/Fair,11,3,487
CO,Clear/Fair,11,4,167
CO,Clear/Fair,12,1,20
CO,Clear/Fair,12,2,823
CO,Clear/Fair,12,3,518
CO,Clear/Fair,12,4,168
CO,Clear/Fair,13,1,8
CO,Clear/Fair,13,2,757
CO,Clear/Fair,13,3,502
CO,Clear/Fair,13,4,188
CO,Clear/Fair,14,1,8
CO,Clear/Fair,14,2,839
CO,Clear/Fair,14,3,516
CO,Clear/Fair,14,4,145
CO,Clear/Fair,15,1,9
CO,Clear/Fair,15,2,1036
CO,Clear/Fair,15,3,534
CO,Clear/Fair,15,4,193
CO,Clear/Fair,16,1,9
CO,Clear/Fair,16,2,980
CO,Clear/Fair,16,3,586
CO,Clear/Fair,16,4,165
CO,Clear/Fair,17,1,16
CO,Clear/Fair,17,2,1001
CO,Clear/Fair,17,3,559
CO,Clear/Fair,17,4,136
CO,Clear/Fair,18,1,9
CO,Clear/Fair,18,2,700
CO,Clear/Fair,18,3,500
CO,Clear/Fair,18,4,166
CO,Clear/Fair,19,2,410
CO,Clear/Fair,19,3,227
CO,Clear/Fair,19,4,140
CO,Clear/Fair,20,2,416
CO,Clear/Fair,20,3,174
CO,Clear/Fair,20,4,137
CO,Clear/Fair,21,2,435
CO,Clear/Fair,21,3,130
CO,Clear/Fair,21,4,140
CO,Clear/Fair,22,1,1
CO,Clear/Fair,22,2,396
CO,Clear/Fair,22,3,148
CO,Clear/Fair,22,4,144
CO,Clear/Fair,23,2,328
CO,Clear/Fair,23,3,56
CO,Clear/Fair,23,4,109
CO,Cloudy,0,2,98
CO,Cloudy,0,3,50
CO,Cloudy,0,4,38
CO,Cloudy,1,2,259
CO,Cloudy,1,3,82
CO,Cloudy,1,4,42
CO,Cloudy,2,2,312
CO,Cloudy,2,3,50
CO,Cloudy,2,4,69
CO,Cloudy,3,2,208
CO,Cloudy,3,3,44
CO,Cloudy,3,4,45
CO,Cloudy,4,1,2
CO,Cloudy,4,2,294
CO,Cloudy,4,3,105
CO,Cloudy,4,4,38
CO,Cloudy,5,1,11
CO,Cloudy,5,2,721
CO,Cloudy,5,3,303
CO,Cloudy,5,4,66
CO,Cloudy,6,1,56
CO,Cloudy,6,2,2412
CO,Cloudy,6,3,1060
CO,Cloudy,6,4,119
CO,Cloudy,7,1,95
CO,Cloudy,7,2,4494
CO,Cloudy,7,3,1329
CO,Cloudy,7,4,141
CO,Cloudy,8,1,80
CO,Cloudy,8,2,4655
CO,Cloudy,8,3,1247
CO,Cloudy,8,4,115
CO,Cloudy,9,1,30
CO,Cloudy,9,2,2274
CO,Cloudy,9,3,663
CO,Cloudy,9,4,118
CO,Cloudy,10,1,4
CO,Cloudy,10,2,646
CO,Cloudy,10,3,512
CO,Cloudy,10,4,130
CO,Cloudy,11,1,7
CO,Cloudy,11,2,687
CO,Cloudy,11,3,690
CO,Cloudy,11,4,113
CO,Cloudy,12,1,14
CO,Cloudy,12,2,809
CO,Cloudy,12,3,699
CO,Cloudy,12,4,125
CO,Cloudy,13,1,31
CO,Cloudy,13,2,996
CO,Cloudy,13,3,845
CO,Cloudy,13,4,145
CO,Cloudy,14,1,27
CO,Cloudy,14,2,1070
CO,Cloudy,14,3,945
CO,Cloudy,14,4,126
CO,Cloudy,15,1,22
CO,Cloudy,15,2,1281
CO,Cloudy,15,3,1056
CO,Cloudy,15,4,130
CO,Cloudy,16,1,37
CO,Cloudy,16,2,1308
CO,Cloudy,16,3,1101
CO,Cloudy,16,4,114
CO,Cloudy,17,1,39
CO,Cloudy,17,2,1245
CO,Cloudy,17,3,1123
CO,Cloudy,17,4,145
CO,Cloudy,18,1,30
CO,Cloudy,18,2,944
CO,Cloudy,18,3,955
CO,Cloudy,18,4,147
CO,Cloudy,19,1,2
CO,Cloudy,19,2,496
CO,Cloudy,19,3,466
CO,Cloudy,19,4,137
CO,Cloudy,20,2,358
CO,Cloudy,20,3,289
CO,Cloudy,20,4,104
CO,Cloudy,21,2,316
CO,Cloudy,21,3,210
CO,Cloudy,21,4,101
CO,Cloudy,22,2,223
CO,Cloudy,22,3,228
CO,Cloudy,22,4,118
CO,Cloudy,23,2,161
CO,Cloudy,23,3,67
CO,Cloudy,23,4,73
CO,Fog/Low visibility,0,2,13
CO,Fog/Low visibility,0,4,2
CO,Fog/Low visibility,1,2,6
CO,Fog/Low visibility,1,3,3
CO,Fog/Low visibility,1,4,1
CO,Fog/Low visibility,2,2,7
CO,Fog/Low visibility,2,4,1
CO,Fog/Low visibility,3,2,3
CO,Fog/Low visibility,3,3,1
CO,Fog/Low visibility,3,4,1
CO,Fog/Low visibility,4,2,10
CO,Fog/Low visibility,4,3,1
CO,Fog/Low visibility,4,4,2
CO,Fog/Low visibility,5,2,48
CO,Fog/Low visibility,5,3,12
CO,Fog/Low visibility,5,4,6
CO,Fog/Low visibility,6,2,71
CO,Fog/Low visibility,6,3,34
CO,Fog/Low visibility,6,4,9
CO,Fog/Low visibility,7,1,1
CO,Fog/Low visibility,7,2,162
CO,Fog/Low visibility,7,3,51
CO,Fog/Low visibility,7,4,14
CO,Fog/Low visibility,8,1,4
CO,Fog/Low visibility,8,2,133
CO,Fog/Low visibility,8,3,40
CO,Fog/Low visibility,8,4,4
CO,Fog/Low visibility,9,2,63
CO,Fog/Low visibility,9,3,19
CO,Fog/Low visibility,9,4,3
CO,Fog/Low visibility,10,2,15
CO,Fog/Low visibility,10,3,9
CO,Fog/Low visibility,10,4,5
CO,Fog/Low visibility,11,1,2
CO,Fog/Low visibility,11,2,22
CO,Fog/Low visibility,11,3,23
CO,Fog/Low visibility,11,4,16
CO,Fog/Low visibility,12,1,1
CO,Fog/Low visibility,12,2,31
CO,Fog/Low visibility,12,3,20
CO,Fog/Low visibility,12,4,15
CO,Fog/Low visibility,13,2,29
CO,Fog/Low visibility,13,3,18
CO,Fog/Low visibility,13,4,6
CO,Fog/Low visibility,14,2,26
CO,Fog/Low visibility,14,3,21
CO,Fog/Low visibility,14,4,8
CO,Fog/Low visibility,15,2,19
CO,Fog/Low visibility,15,3,24
CO,Fog/Low visibility,15,4,4
CO,Fog/Low visibility,16,2,30
CO,Fog/Low visibility,16,3,20
CO,Fog/Low visibility,16,4,2
CO,Fog/Low visibility,17,2,25
CO,Fog/Low visibility,17,3,25
CO,Fog/Low visibility,17,4,4
CO,Fog/Low visibility,18,2,19
CO,Fog/Low visibility,18,3,20
CO,Fog/Low visibility,19,2,18
CO,Fog/Low visibility,19,3,7
CO,Fog/Low visibility,19,4,1
CO,Fog/Low visibility,20,2,21
CO,Fog/Low visibility,20,3,10
CO,Fog/Low visibility,20,4,6
CO,Fog/Low visibility,21,2,7
CO,Fog/Low visibility,21,3,1
CO,Fog/Low visibility,22,2,7
CO,Fog/Low visibility,22,4,3
CO,Fog/Low visibility,23,2,6
CO,Fog/Low visibility,23,4,1
CO,Precipitation (type unknown),2,2,5
CO,Precipitation (type unknown),2,4,1
CO,Precipitation (type unknown),5,2,3
CO,Precipitation (type unknown),5,3,1
CO,Precipitation (type unknown),6,2,6
CO,Precipitation (type unknown),6,3,1
CO,Precipitation (type unknown),6,4,2
CO,Precipitation (type unknown),7,2,1
CO,Precipitation (type unknown),7,3,1
CO,Precipitation (type unknown),10,3,1
CO,Precipitation (type unknown),11,2,1
CO,Precipitation (type unknown),11,3,1
CO,Precipitation (type unknown),12,2,3
CO,Precipitation (type unknown),12,4,3
CO,Precipitation (type unknown),13,2,1
CO,Precipitation (type unknown),13,4,1
CO,Precipitation (type unknown),18,2,1
CO,Precipitation (type unknown),19,3,3
CO,Precipitation (type unknown),20,2,2
CO,Rain,0,2,5
CO,Rain,1,2,13
CO,Rain,1,3,5
CO,Rain,1,4,2
CO,Rain,2,2,16
CO,Rain,2,3,8
CO,Rain,2,4,8
CO,Rain,3,2,11
CO,Rain,3,3,7
CO,Rain,3,4,3
CO,Rain,4,2,7
CO,Rain,4,3,11
CO,Rain,5,1,3
CO,Rain,5,2,25
CO,Rain,5,3,20
CO,Rain,6,1,5
CO,Rain,6,2,84
CO,Rain,6,3,49
CO,Rain,6,4,5
CO,Rain,7,1,6
CO,Rain,7,2,108
CO,Rain,7,3,36
CO,Rain,7,4,5
CO,Rain,8,1,7
CO,Rain,8,2,95
CO,Rain,8,3,46
CO,Rain,8,4,9
CO,Rain,9,2,63
CO,Rain,9,3,21
CO,Rain,9,4,5
CO,Rain,10,2,8
CO,Rain,10,3,7
CO,Rain,10,4,3
CO,Rain,11,2,24
CO,Rain,11,3,8
CO,Rain,11,4,6
CO,Rain,12,2,22
CO,Rain,12,3,17
CO,Rain,12,4,6
CO,Rain,13,2,40
CO,Rain,13,3,33
CO,Rain,13,4,12
CO,Rain,14,1,1
CO,Rain,14,2,47
CO,Rain,14,3,45
CO,Rain,14,4,7
CO,Rain,15,1,2
CO,Rain,15,2,69
CO,Rain,15,3,63
CO,Rain,15,4,13
CO,Rain,16,1,2
CO,Rain,16,2,83
CO,Rain,16,3,65
CO,Rain,16,4,12
CO,Rain,17,1,1
CO,Rain,17,2,68
CO,Rain,17,3,56
CO,Rain,17,4,17
CO,Rain,18,1,1
CO,Rain,18,2,58
CO,Rain,18,3,50
CO,Rain,18,4,10
CO,Rain,19,1,1
CO,Rain,19,2,26
CO,Rain,19,3,31
CO,Rain,19,4,11
CO,Rain,20,2,29
CO,Rain,20,3,11
CO,Rain,20,4,7
CO,Rain,21,2,17
CO,Rain,21,3,10
CO,Rain,21,4,4
CO,Rain,22,2,23
CO,Rain,22,3,11
CO,Rain,22,4,12
CO,Rain,23,2,8
CO,Rain,23,3,4
CO,Rain,23,4,3
CO,Severe wind,7,2,1
CO,Severe wind,8,2,4
CO,Severe wind,9,2,3
CO,Severe wind,12,3,1
CO,Severe wind,12,4,1
CO,Severe wind,13,3,1
CO,Severe wind,14,3,1
CO,Severe wind,17,2,1
CO,Severe wind,22,3,1
CO,Snow/Ice,0,2,72
CO,Snow/Ice,0,3,7
CO,Snow/Ice,0,4,7
CO,Snow/Ice,1,2,100
CO,Snow/Ice,1,3,19
CO,Snow/Ice,1,4,17
CO,Snow/Ice,2,2,81
CO,Snow/Ice,2,3,17
CO,Snow/Ice,2,4,15
CO,Snow/Ice,3,1,1
CO,Snow/Ice,3,2,68
CO,Snow/Ice,3,3,16
CO,Snow/Ice,3,4,13
CO,Snow/Ice,4,2,105
CO,Snow/Ice,4,3,28
CO,Snow/Ice,4,4,22
CO,Snow/Ice,5,1,4
CO,Snow/Ice,5,2,297
CO,Snow/Ice,5,3,90
CO,Snow/Ice,5,4,28
CO,Snow/Ice,6,1,1
CO,Snow/Ice,6,2,482
CO,Snow/Ice,6,3,126
CO,Snow/Ice,6,4,32
CO,Snow/Ice,7,1,3
CO,Snow/Ice,7,2,693
CO,Snow/Ice,7,3,147
CO,Snow/Ice,7,4,48
CO,Snow/Ice,8,1,3
CO,Snow/Ice,8,2,693
CO,Snow/Ice,8,3,139
CO,Snow/Ice,8,4,60
CO,Snow/Ice,9,2,478
CO,Snow/Ice,9,3,131
CO,Snow/Ice,9,4,63
CO,Snow/Ice,10,2,163
CO,Snow/Ice,10,3,84
CO,Snow/Ice,10,4,34
CO,Snow/Ice,11,1,2
CO,Snow/Ice,11,2,199
CO,Snow/Ice,11,3,83
CO,Snow/Ice,11,4,34
CO,Snow/Ice,12,1,3
CO,Snow/Ice,12,2,191
CO,Snow/Ice,12,3,87
CO,Snow/Ice,12,4,45
CO,Snow/Ice,13,1,6
CO,Snow/Ice,13,2,189
CO,Snow/Ice,13,3,83
CO,Snow/Ice,13,4,47
CO,Snow/Ice,14,1,4
CO,Snow/Ice,14,2,160
CO,Snow/Ice,14,3,88
CO,Snow/Ice,14,4,29
CO,Snow/Ice,15,1,4
CO,Snow/Ice,15,2,258
CO,Snow/Ice,15,3,77
CO,Snow/Ice,15,4,53
CO,Snow/Ice,16,1,5
CO,Snow/Ice,16,2,180
CO,Snow/Ice,16,3,114
CO,Snow/Ice,16,4,38
CO,Snow/Ice,17,1,13
CO,Snow/Ice,17,2,292
CO,Snow/Ice,17,3,98
CO,Snow/Ice,17,4,27
CO,Snow/Ice,18,1,8
CO,Snow/Ice,18,2,227
CO,Snow/Ice,18,3,92
CO,Snow/Ice,18,4,39
CO,Snow/Ice,19,2,303
CO,Snow/Ice,19,3,68
CO,Snow/Ice,19,4,49
CO,Snow/Ice,20,2,215
CO,Snow/Ice,20,3,66
CO,Snow/Ice,20,4,42
CO,Snow/Ice,21,2,159
CO,Snow/Ice,21,3,31
CO,Snow/Ice,21,4,38
CO,Snow/Ice,22,2,139
CO,Snow/Ice,22,3,32
CO,Snow/Ice,22,4,46
CO,Snow/Ice,23,2,85
CO,Snow/Ice,23,3,5
CO,Snow/Ice,23,4,13
CO,Thunderstorm,0,3,1
CO,Thunderstorm,5,2,5
CO,Thunderstorm,5,3,1
CO,Thunderstorm,6,2,2
CO,Thunderstorm,7,1,1
CO,Thunderstorm,7,2,1
CO,Thunderstorm,7,3,1
CO,Thunderstorm,8,1,1
CO,Thunderstorm,8,2,2
CO,Thunderstorm,8,4,1
CO,Thunderstorm,9,3,1
CO,Thunderstorm,10,2,3
CO,Thunderstorm,10,4,1
CO,Thunderstorm,11,2,13
CO,Thunderstorm,11,3,3
CO,Thunderstorm,11,4,6
CO,Thunderstorm,12,2,16
CO,Thunderstorm,12,3,10
CO,Thunderstorm,12,4,5
CO,Thunderstorm,13,1,1
CO,Thunderstorm,13,2,27
CO,Thunderstorm,13,3,29
CO,Thunderstorm,13,4,5
CO,Thunderstorm,14,1,1
CO,Thunderstorm,14,2,35
CO,Thunderstorm,14,3,35
CO,Thunderstorm,14,4,8
CO,Thunderstorm,15,1,1
CO,Thunderstorm,15,2,56
CO,Thunderstorm,15,3,41
CO,Thunderstorm,15,4,6
CO,Thunderstorm,16,2,96
CO,Thunderstorm,16,3,41
CO,Thunderstorm,16,4,11
CO,Thunderstorm,17,1,1
CO,Thunderstorm,17,2,43
CO,Thunderstorm,17,3,45
CO,Thunderstorm,17,4,2
CO,Thunderstorm,18,1,1
CO,Thunderstorm,18,2,37
CO,Thunderstorm,18,3,38
CO,Thunderstorm,18,4,6
CO,Thunderstorm,19,2,7
CO,Thunderstorm,19,3,20
CO,Thunderstorm,19,4,1
CO,Thunderstorm,20,2,8
CO,Thunderstorm,20,3,7
CO,Thunderstorm,20,4,3
CO,Thunderstorm,21,2,12
CO,Thunderstorm,21,3,2
CO,Thunderstorm,21,4,5
CO,Thunderstorm,22,2,7
CO,Thunderstorm,22,3,11
CO,Thunderstorm,22,4,3
CO,Thunderstorm,23,2,2
CT,Clear/Fair,0,2,451
CT,Clear/Fair,0,3,16
CT,Clear/Fair,0,4,132
CT,Clear/Fair,1,2,449
CT,Clear/Fair,1,3,52
CT,Clear/Fair,1,4,31
CT,Clear/Fair,2,2,365
CT,Clear/Fair,2,3,27
CT,Clear/Fair,2,4,51
CT,Clear/Fair,3,2,282
CT,Clear/Fair,3,3,18
CT,Clear/Fair,3,4,49
CT,Clear/Fair,4,1,2
CT,Clear/Fair,4,2,342
CT,Clear/Fair,4,3,91
CT,Clear/Fair,4,4,42
CT,Clear/Fair,5,1,4
CT,Clear/Fair,5,2,521
CT,Clear/Fair,5,3,148
CT,Clear/Fair,5,4,50
CT,Clear/Fair,6,1,1
CT,Clear/Fair,6,2,1050
CT,Clear/Fair,6,3,319
CT,Clear/Fair,6,4,55
CT,Clear/Fair,7,1,5
CT,Clear/Fair,7,2,1478
CT,Clear/Fair,7,3,564
CT,Clear/Fair,7,4,63
CT,Clear/Fair,8,1,14
CT,Clear/Fair,8,2,1577
CT,Clear/Fair,8,3,633
CT,Clear/Fair,8,4,40
CT,Clear/Fair,9,2,850
CT,Clear/Fair,9,3,240
CT,Clear/Fair,9,4,64
CT,Clear/Fair,10,2,966
CT,Clear/Fair,10,3,255
CT,Clear/Fair,10,4,76
CT,Clear/Fair,11,1,3
CT,Clear/Fair,11,2,1062
CT,Clear/Fair,11,3,214
CT,Clear/Fair,11,4,56
CT,Clear/Fair,12,1,1
CT,Clear/Fair,12,2,897
CT,Clear/Fair,12,3,278
CT,Clear/Fair,12,4,80
CT,Clear/Fair,13,1,1
CT,Clear/Fair,13,2,1154
CT,Clear/Fair,13,3,319
CT,Clear/Fair,13,4,85
CT,Clear/Fair,14,2,1632
CT,Clear/Fair,14,3,421
CT,Clear/Fair,14,4,91
CT,Clear/Fair,15,2,1644
CT,Clear/Fair,15,3,579
CT,Clear/Fair,15,4,106
CT,Clear/Fair,16,1,2
CT,Clear/Fair,16,2,1707
CT,Clear/Fair,16,3,683
CT,Clear/Fair,16,4,90
CT,Clear/Fair,17,2,1730
CT,Clear/Fair,17,3,736
CT,Clear/Fair,17,4,111
CT,Clear/Fair,18,1,2
CT,Clear/Fair,18,2,1479
CT,Clear/Fair,18,3,570
CT,Clear/Fair,18,4,112
CT,Clear/Fair,19,2,1008
CT,Clear/Fair,19,3,294
CT,Clear/Fair,19,4,69
CT,Clear/Fair,20,1,2
CT,Clear/Fair,20,2,831
CT,Clear/Fair,20,3,211
CT,Clear/Fair,20,4,119
CT,Clear/Fair,21,2,828
CT,Clear/Fair,21,3,221
CT,Clear/Fair,21,4,146
CT,Clear/Fair,22,2,634
CT,Clear/Fair,22,3,154
CT,Clear/Fair,22,4,88
CT,Clear/Fair,23,2,540
CT,Clear/Fair,23,3,37
CT,Clear/Fair,23,4,59
CT,Cloudy,0,2,269
CT,Cloudy,0,3,22
CT,Cloudy,0,4,98
CT,Cloudy,1,2,289
CT,Cloudy,1,3,30
CT,Cloudy,1,4,41
CT,Cloudy,2,2,241
CT,Cloudy,2,3,35
CT,Cloudy,2,4,42
CT,Cloudy,3,2,174
CT,Cloudy,3,3,14
CT,Cloudy,3,4,41
CT,Cloudy,4,1,3
CT,Cloudy,4,2,259
CT,Cloudy,4,3,65
CT,Cloudy,4,4,40
CT,Cloudy,5,2,342
CT,Cloudy,5,3,136
CT,Cloudy,5,4,70
CT,Cloudy,6,1,4
CT,Cloudy,6,2,723
CT,Cloudy,6,3,317
CT,Cloudy,6,4,65
CT,Cloudy,7,1,3
CT,Cloudy,7,2,1209
CT,Cloudy,7,3,625
CT,Cloudy,7,4,72
CT,Cloudy,8,1,3
CT,Cloudy,8,2,1222
CT,Cloudy,8,3,638
CT,Cloudy,8,4,49
CT,Cloudy,9,1,1
CT,Cloudy,9,2,734
CT,Cloudy,9,3,236
CT,Cloudy,9,4,49
CT,Cloudy,10,1,1
CT,Cloudy,10,2,656
CT,Cloudy,10,3,259
CT,Cloudy,10,4,58
CT,Cloudy,11,1,2
CT,Cloudy,11,2,888
CT,Cloudy,11,3,307
CT,Cloudy,11,4,74
CT,Cloudy,12,1,2
CT,Cloudy,12,2,850
CT,Cloudy,12,3,342
CT,Cloudy,12,4,80
CT,Cloudy,13,2,1151
CT,Cloudy,13,3,359
CT,Cloudy,13,4,106
CT,Cloudy,14,1,1
CT,Cloudy,14,2,1355
CT,Cloudy,14,3,491
CT,Cloudy,14,4,94
CT,Cloudy,15,2,1474
CT,Cloudy,15,3,582
CT,Cloudy,15,4,98
CT,Cloudy,16,1,2
CT,Cloudy,16,2,1478
CT,Cloudy,16,3,664
CT,Cloudy,16,4,74
CT,Cloudy,17,2,1362
CT,Cloudy,17,3,618
CT,Cloudy,17,4,81
CT,Cloudy,18,1,1
CT,Cloudy,18,2,864
CT,Cloudy,18,3,424
CT,Cloudy,18,4,86
CT,Cloudy,19,2,586
CT,Cloudy,19,3,244
CT,Cloudy,19,4,73
CT,Cloudy,20,1,1
CT,Cloudy,20,2,503
CT,Cloudy,20,3,158
CT,Cloudy,20,4,52
CT,Cloudy,21,1,1
CT,Cloudy,21,2,513
CT,Cloudy,21,3,138
CT,Cloudy,21,4,77
CT,Cloudy,22,1,1
CT,Cloudy,22,2,398
CT,Cloudy,22,3,122
CT,Cloudy,22,4,59
CT,Cloudy,23,2,400
CT,Cloudy,23,3,31
CT,Cloudy,23,4,70
CT,Fog/Low visibility,0,2,39
CT,Fog/Low visibility,0,4,4
CT,Fog/Low visibility,1,2,25
CT,Fog/Low visibility,1,3,4
CT,Fog/Low visibility,1,4,4
CT,Fog/Low visibility,2,2,41
CT,Fog/Low visibility,2,4,1
CT,Fog/Low visibility,3,2,29
CT,Fog/Low visibility,3,3,1
CT,Fog/Low visibility,3,4,3
CT,Fog/Low visibility,4,2,54
CT,Fog/Low visibility,4,3,14
CT,Fog/Low visibility,4,4,6
CT,Fog/Low visibility,5,2,72
CT,Fog/Low visibility,5,3,9
CT,Fog/Low visibility,5,4,12
CT,Fog/Low visibility,6,1,1
CT,Fog/Low visibility,6,2,150
CT,Fog/Low visibility,6,3,28
CT,Fog/Low visibility,6,4,5
CT,Fog/Low visibility,7,2,191
CT,Fog/Low visibility,7,3,44
CT,Fog/Low visibility,7,4,12
CT,Fog/Low visibility,8,1,1
CT,Fog/Low visibility,8,2,129
CT,Fog/Low visibility,8,3,33
CT,Fog/Low visibility,8,4,5
CT,Fog/Low visibility,9,2,37
CT,Fog/Low visibility,9,3,15
CT,Fog/Low visibility,9,4,2
CT,Fog/Low visibility,10,2,47
CT,Fog/Low visibility,10,3,11
CT,Fog/Low visibility,10,4,1
CT,Fog/Low visibility,11,2,15
CT,Fog/Low visibility,11,3,6
CT,Fog/Low visibility,11,4,1
CT,Fog/Low visibility,12,2,16
CT,Fog/Low visibility,12,3,4
CT,Fog/Low visibility,13,2,25
CT,Fog/Low visibility,13,3,6
CT,Fog/Low visibility,14,2,37
CT,Fog/Low visibility,14,3,13
CT,Fog/Low visibility,15,2,43
CT,Fog/Low visibility,15,3,10
CT,Fog/Low visibility,15,4,1
CT,Fog/Low visibility,16,2,37
CT,Fog/Low visibility,16,3,19
CT,Fog/Low visibility,16,4,1
CT,Fog/Low visibility,17,2,31
CT,Fog/Low visibility,17,3,7
CT,Fog/Low visibility,17,4,4
CT,Fog/Low visibility,18,2,26
CT,Fog/Low visibility,18,3,15
CT,Fog/Low visibility,19,2,15
CT,Fog/Low visibility,19,3,6
CT,Fog/Low visibility,19,4,3
CT,Fog/Low visibility,20,2,23
CT,Fog/Low visibility,20,3,9
CT,Fog/Low visibility,20,4,1
CT,Fog/Low visibility,21,2,24
CT,Fog/Low visibility,21,3,6
CT,Fog/Low visibility,21,4,3
CT,Fog/Low visibility,22,2,25
CT,Fog/Low visibility,22,3,4
CT,Fog/Low visibility,22,4,1
CT,Fog/Low visibility,23,2,37
CT,Fog/Low visibility,23,3,3
CT,Fog/Low visibility,23,4,2
CT,Precipitation (type unknown),2,4,1
CT,Precipitation (type unknown),5,2,1
CT,Precipitation (type unknown),8,2,1
CT,Precipitation (type unknown),10,2,1
CT,Precipitation (type unknown),13,2,1
CT,Precipitation (type unknown),14,2,1
CT,Precipitation (type unknown),20,2,1
CT,Precipitation (type unknown),23,2,4
CT,Rain,0,2,98
CT,Rain,0,3,4
CT,Rain,0,4,23
CT,Rain,1,2,87
CT,Rain,1,3,9
CT,Rain,1,4,9
CT,Rain,2,2,46
CT,Rain,2,3,8
CT,Rain,2,4,15
CT,Rain,3,2,52
CT,Rain,3,3,8
CT,Rain,3,4,5
CT,Rain,4,2,80
CT,Rain,4,3,41
CT,Rain,4,4,11
CT,Rain,5,2,124
CT,Rain,5,3,51
CT,Rain,5,4,7
CT,Rain,6,2,281
CT,Rain,6,3,111
CT,Rain,6,4,23
CT,Rain,7,1,3
CT,Rain,7,2,385
CT,Rain,7,3,130
CT,Rain,7,4,9
CT,Rain,8,1,2
CT,Rain,8,2,269
CT,Rain,8,3,112
CT,Rain,8,4,3
CT,Rain,9,2,170
CT,Rain,9,3,58
CT,Rain,9,4,18
CT,Rain,10,2,195
CT,Rain,10,3,74
CT,Rain,10,4,15
CT,Rain,11,2,226
CT,Rain,11,3,60
CT,Rain,11,4,6
CT,Rain,12,2,206
CT,Rain,12,3,88
CT,Rain,12,4,16
CT,Rain,13,2,234
CT,Rain,13,3,95
CT,Rain,13,4,16
CT,Rain,14,2,282
CT,Rain,14,3,101
CT,Rain,14,4,23
CT,Rain,15,1,1
CT,Rain,15,2,249
CT,Rain,15,3,123
CT,Rain,15,4,14
CT,Rain,16,2,270
CT,Rain,16,3,113
CT,Rain,16,4,14
CT,Rain,17,2,246
CT,Rain,17,3,88
CT,Rain,17,4,22
CT,Rain,18,2,201
CT,Rain,18,3,72
CT,Rain,18,4,19
CT,Rain,19,2,185
CT,Rain,19,3,60
CT,Rain,19,4,13
CT,Rain,20,2,123
CT,Rain,20,3,51
CT,Rain,20,4,18
CT,Rain,21,2,161
CT,Rain,21,3,39
CT,Rain,21,4,23
CT,Rain,22,2,149
CT,Rain,22,3,38
CT,Rain,22,4,17
CT,Rain,23,2,84
CT,Rain,23,3,7
CT,Rain,23,4,7
CT,Snow/Ice,0,2,31
CT,Snow/Ice,0,4,3
CT,Snow/Ice,1,2,6
CT,Snow/Ice,1,3,6
CT,Snow/Ice,1,4,2
CT,Snow/Ice,2,2,39
CT,Snow/Ice,2,3,2
CT,Snow/Ice,2,4,2
CT,Snow/Ice,3,2,16
CT,Snow/Ice,3,3,4
CT,Snow/Ice,4,2,14
CT,Snow/Ice,4,3,15
CT,Snow/Ice,4,4,1
CT,Snow/Ice,5,2,52
CT,Snow/Ice,5,3,21
CT,Snow/Ice,5,4,1
CT,Snow/Ice,6,2,126
CT,Snow/Ice,6,3,29
CT,Snow/Ice,6,4,7
CT,Snow/Ice,7,2,135
CT,Snow/Ice,7,3,46
CT,Snow/Ice,7,4,4
CT,Snow/Ice,8,2,118
CT,Snow/Ice,8,3,34
CT,Snow/Ice,8,4,13
CT,Snow/Ice,9,2,80
CT,Snow/Ice,9,3,20
CT,Snow/Ice,9,4,11
CT,Snow/Ice,10,2,36
CT,Snow/Ice,10,3,20
CT,Snow/Ice,10,4,6
CT,Snow/Ice,11,2,65
CT,Snow/Ice,11,3,23
CT,Snow/Ice,12,2,60
CT,Snow/Ice,12,3,21
CT,Snow/Ice,12,4,5
CT,Snow/Ice,13,2,79
CT,Snow/Ice,13,3,29
CT,Snow/Ice,13,4,7
CT,Snow/Ice,14,2,68
CT,Snow/Ice,14,3,26
CT,Snow/Ice,14,4,7
CT,Snow/Ice,15,2,59
CT,Snow/Ice,15,3,21
CT,Snow/Ice,15,4,7
CT,Snow/Ice,16,2,68
CT,Snow/Ice,16,3,24
CT,Snow/Ice,16,4,15
CT,Snow/Ice,17,2,43
CT,Snow/Ice,17,3,22
CT,Snow/Ice,17,4,3
CT,Snow/Ice,18,2,25
CT,Snow/Ice,18,3,20
CT,Snow/Ice,18,4,1
CT,Snow/Ice,19,2,37
CT,Snow/Ice,19,3,5
CT,Snow/Ice,19,4,2
CT,Snow/Ice,20,2,36
CT,Snow/Ice,20,3,9
CT,Snow/Ice,20,4,3
CT,Snow/Ice,21,2,35
CT,Snow/Ice,21,3,5
CT,Snow/Ice,21,4,4
CT,Snow/Ice,22,2,22
CT,Snow/Ice,22,3,3
CT,Snow/Ice,22,4,1
CT,Snow/Ice,23,2,36
CT,Snow/Ice,23,3,3
CT,Snow/Ice,23,4,3
CT,Thunderstorm,0,3,1
CT,Thunderstorm,2,2,1
CT,Thunderstorm,3,2,3
CT,Thunderstorm,5,2,17
CT,Thunderstorm,5,3,2
CT,Thunderstorm,6,2,5
CT,Thunderstorm,7,2,16
CT,Thunderstorm,7,3,6
CT,Thunderstorm,7,4,1
CT,Thunderstorm,8,2,8
CT,Thunderstorm,8,3,6
CT,Thunderstorm,9,2,13
CT,Thunderstorm,10,2,4
CT,Thunderstorm,10,3,1
CT,Thunderstorm,11,2,9
CT,Thunderstorm,11,3,1
CT,Thunderstorm,12,2,17
CT,Thunderstorm,12,3,5
CT,Thunderstorm,12,4,1
CT,Thunderstorm,13,2,28
CT,Thunderstorm,13,3,12
CT,Thunderstorm,14,2,36
CT,Thunderstorm,14,3,11
CT,Thunderstorm,15,2,33
CT,Thunderstorm,15,3,11
CT,Thunderstorm,15,4,5
CT,Thunderstorm,16,2,30
CT,Thunderstorm,16,3,14
CT,Thunderstorm,16,4,1
CT,Thunderstorm,17,2,28
CT,Thunderstorm,17,3,5
CT,Thunderstorm,17,4,1
CT,Thunderstorm,18,2,35
CT,Thunderstorm,18,3,10
CT,Thunderstorm,19,2,15
CT,Thunderstorm,19,3,8
CT,Thunderstorm,19,4,3
CT,Thunderstorm,20,2,10
CT,Thunderstorm,20,3,5
CT,Thunderstorm,20,4,2
CT,Thunderstorm,21,2,19
CT,Thunderstorm,21,3,2
CT,Thunderstorm,22,2,13
CT,Thunderstorm,22,3,2
CT,Thunderstorm,23,2,1
DC,Clear/Fair,0,2,94
DC,Clear/Fair,0,3,4
DC,Clear/Fair,0,4,19
DC,Clear/Fair,1,2,57
DC,Clear/Fair,1,4,1
DC,Clear/Fair,2,2,102
DC,Clear/Fair,2,3,1
DC,Clear/Fair,2,4,1
DC,Clear/Fair,3,2,56
DC,Clear/Fair,3,3,1
DC,Clear/Fair,3,4,4
DC,Clear/Fair,4,1,1
DC,Clear/Fair,4,2,126
DC,Clear/Fair,4,3,4
DC,Clear/Fair,4,4,3
DC,Clear/Fair,5,1,1
DC,Clear/Fair,5,2,234
DC,Clear/Fair,5,3,8
DC,Clear/Fair,5,4,15
DC,Clear/Fair,6,1,2
DC,Clear/Fair,6,2,313
DC,Clear/Fair,6,3,13
DC,Clear/Fair,6,4,9
DC,Clear/Fair,7,1,16
DC,Clear/Fair,7,2,487
DC,Clear/Fair,7,3,17
DC,Clear/Fair,7,4,14
DC,Clear/Fair,8,1,15
DC,Clear/Fair,8,2,544
DC,Clear/Fair,8,3,16
DC,Clear/Fair,8,4,16
DC,Clear/Fair,9,2,290
DC,Clear/Fair,9,3,8
DC,Clear/Fair,9,4,13
DC,Clear/Fair,10,1,1
DC,Clear/Fair,10,2,213
DC,Clear/Fair,10,3,9
DC,Clear/Fair,10,4,4
DC,Clear/Fair,11,2,214
DC,Clear/Fair,11,3,7
DC,Clear/Fair,11,4,10
DC,Clear/Fair,12,1,2
DC,Clear/Fair,12,2,157
DC,Clear/Fair,12,3,5
DC,Clear/Fair,12,4,1
DC,Clear/Fair,13,2,223
DC,Clear/Fair,13,3,7
DC,Clear/Fair,13,4,4
DC,Clear/Fair,14,2,255
DC,Clear/Fair,14,3,3
DC,Clear/Fair,14,4,8
DC,Clear/Fair,15,2,362
DC,Clear/Fair,15,3,16
DC,Clear/Fair,15,4,17
DC,Clear/Fair,16,2,420
DC,Clear/Fair,16,3,14
DC,Clear/Fair,16,4,18
DC,Clear/Fair,17,2,346
DC,Clear/Fair,17,3,12
DC,Clear/Fair,17,4,27
DC,Clear/Fair,18,1,2
DC,Clear/Fair,18,2,324
DC,Clear/Fair,18,3,7
DC,Clear/Fair,18,4,13
DC,Clear/Fair,19,1,6
DC,Clear/Fair,19,2,176
DC,Clear/Fair,19,3,6
DC,Clear/Fair,19,4,13
DC,Clear/Fair,20,2,151
DC,Clear/Fair,20,3,5
DC,Clear/Fair,20,4,10
DC,Clear/Fair,21,2,184
DC,Clear/Fair,21,3,4
DC,Clear/Fair,21,4,12
DC,Clear/Fair,22,2,164
DC,Clear/Fair,22,3,2
DC,Clear/Fair,22,4,6
DC,Clear/Fair,23,2,94
DC,Clear/Fair,23,3,1
DC,Clear/Fair,23,4,5
DC,Cloudy,0,2,99
DC,Cloudy,0,3,6
DC,Cloudy,0,4,10
DC,Cloudy,1,2,101
DC,Cloudy,1,3,3
DC,Cloudy,1,4,4
DC,Cloudy,2,2,84
DC,Cloudy,2,3,1
DC,Cloudy,2,4,11
DC,Cloudy,3,2,100
DC,Cloudy,3,3,1
DC,Cloudy,3,4,7
DC,Cloudy,4,1,2
DC,Cloudy,4,2,133
DC,Cloudy,4,3,14
DC,Cloudy,4,4,12
DC,Cloudy,5,1,2
DC,Cloudy,5,2,225
DC,Cloudy,5,3,33
DC,Cloudy,5,4,8
DC,Cloudy,6,1,2
DC,Cloudy,6,2,468
DC,Cloudy,6,3,67
DC,Cloudy,6,4,21
DC,Cloudy,7,1,19
DC,Cloudy,7,2,636
DC,Cloudy,7,3,99
DC,Cloudy,7,4,15
DC,Cloudy,8,1,26
DC,Cloudy,8,2,651
DC,Cloudy,8,3,80
DC,Cloudy,8,4,27
DC,Cloudy,9,1,1
DC,Cloudy,9,2,381
DC,Cloudy,9,3,44
DC,Cloudy,9,4,12
DC,Cloudy,10,1,1
DC,Cloudy,10,2,288
DC,Cloudy,10,3,40
DC,Cloudy,10,4,23
DC,Cloudy,11,1,4
DC,Cloudy,11,2,338
DC,Cloudy,11,3,24
DC,Cloudy,11,4,15
DC,Cloudy,12,1,2
DC,Cloudy,12,2,339
DC,Cloudy,12,3,18
DC,Cloudy,12,4,21
DC,Cloudy,13,2,408
DC,Cloudy,13,3,34
DC,Cloudy,13,4,15
DC,Cloudy,14,2,565
DC,Cloudy,14,3,57
DC,Cloudy,14,4,14
DC,Cloudy,15,1,1
DC,Cloudy,15,2,756
DC,Cloudy,15,3,42
DC,Cloudy,15,4,20
DC,Cloudy,16,2,685
DC,Cloudy,16,3,38
DC,Cloudy,16,4,32
DC,Cloudy,17,2,724
DC,Cloudy,17,3,33
DC,Cloudy,17,4,26
DC,Cloudy,18,1,8
DC,Cloudy,18,2,505
DC,Cloudy,18,3,30
DC,Cloudy,18,4,38
DC,Cloudy,19,1,8
DC,Cloudy,19,2,287
DC,Cloudy,19,3,21
DC,Cloudy,19,4,31
DC,Cloudy,20,2,184
DC,Cloudy,20,3,24
DC,Cloudy,20,4,14
DC,Cloudy,21,2,190
DC,Cloudy,21,3,11
DC,Cloudy,21,4,10
DC,Cloudy,22,2,206
DC,Cloudy,22,3,7
DC,Cloudy,22,4,5
DC,Cloudy,23,2,178
DC,Cloudy,23,3,3
DC,Cloudy,23,4,10
DC,Fog/Low visibility,0,2,1
DC,Fog/Low visibility,1,2,1
DC,Fog/Low visibility,2,2,3
DC,Fog/Low visibility,3,2,5
DC,Fog/Low visibility,4,2,5
DC,Fog/Low visibility,5,1,2
DC,Fog/Low visibility,5,2,11
DC,Fog/Low visibility,5,4,3
DC,Fog/Low visibility,6,1,1
DC,Fog/Low visibility,6,2,7
DC,Fog/Low visibility,6,3,2
DC,Fog/Low visibility,6,4,1
DC,Fog/Low visibility,7,1,1
DC,Fog/Low visibility,7,2,34
DC,Fog/Low visibility,7,3,2
DC,Fog/Low visibility,8,1,5
DC,Fog/Low visibility,8,2,27
DC,Fog/Low visibility,8,4,1
DC,Fog/Low visibility,9,2,17
DC,Fog/Low visibility,9,4,2
DC,Fog/Low visibility,10,2,5
DC,Fog/Low visibility,10,4,2
DC,Fog/Low visibility,11,2,1
DC,Fog/Low visibility,12,2,3
DC,Fog/Low visibility,14,2,2
DC,Fog/Low visibility,15,2,2
DC,Fog/Low visibility,16,2,3
DC,Fog/Low visibility,17,2,7
DC,Fog/Low visibility,18,2,2
DC,Fog/Low visibility,22,2,1
DC,Fog/Low visibility,23,2,4
DC,Precipitation (type unknown),10,2,2
DC,Precipitation (type unknown),14,2,2
DC,Precipitation (type unknown),15,2,1
DC,Precipitation (type unknown),17,2,3
DC,Rain,0,2,11
DC,Rain,0,4,2
DC,Rain,1,2,12
DC,Rain,1,4,2
DC,Rain,2,2,12
DC,Rain,3,2,7
DC,Rain,4,2,19
DC,Rain,4,4,2
DC,Rain,5,1,2
DC,Rain,5,2,61
DC,Rain,5,3,5
DC,Rain,5,4,1
DC,Rain,6,2,97
DC,Rain,6,3,21
DC,Rain,6,4,4
DC,Rain,7,1,1
DC,Rain,7,2,82
DC,Rain,7,3,11
DC,Rain,7,4,4
DC,Rain,8,2,104
DC,Rain,8,3,6
DC,Rain,8,4,1
DC,Rain,9,1,1
DC,Rain,9,2,58
DC,Rain,9,3,4
DC,Rain,9,4,6
DC,Rain,10,2,43
DC,Rain,10,3,8
DC,Rain,11,2,44
DC,Rain,11,3,2
DC,Rain,11,4,1
DC,Rain,12,1,1
DC,Rain,12,2,50
DC,Rain,12,3,2
DC,Rain,13,2,38
DC,Rain,13,3,2
DC,Rain,13,4,4
DC,Rain,14,2,48
DC,Rain,14,3,4
DC,Rain,14,4,4
DC,Rain,15,2,59
DC,Rain,15,3,2
DC,Rain,15,4,5
DC,Rain,16,2,61
DC,Rain,16,3,3
DC,Rain,16,4,8
DC,Rain,17,2,77
DC,Rain,17,3,5
DC,Rain,18,2,66
DC,Rain,18,3,2
DC,Rain,19,1,1
DC,Rain,19,2,37
DC,Rain,19,3,4
DC,Rain,19,4,2
DC,Rain,20,2,37
DC,Rain,20,4,1
DC,Rain,21,2,25
DC,Rain,22,2,36
DC,Rain,22,3,1
DC,Rain,22,4,2
DC,Rain,23,2,31
DC,Rain,23,4,1
DC,Snow/Ice,1,2,1
DC,Snow/Ice,4,2,4
DC,Snow/Ice,5,2,4
DC,Snow/Ice,6,2,12
DC,Snow/Ice,7,2,8
DC,Snow/Ice,8,2,8
DC,Snow/Ice,8,3,1
DC,Snow/Ice,9,2,5
DC,Snow/Ice,10,2,8
DC,Snow/Ice,11,2,4
DC,Snow/Ice,12,2,1
DC,Snow/Ice,12,4,2
DC,Snow/Ice,13,2,1
DC,Snow/Ice,14,2,3
DC,Snow/Ice,14,3,1
DC,Snow/Ice,15,2,11
DC,Snow/Ice,16,2,6
DC,Snow/Ice,17,2,3
DC,Snow/Ice,18,2,1
DC,Snow/Ice,19,2,2
DC,Snow/Ice,20,2,1
DC,Snow/Ice,21,2,1
DC,Snow/Ice,22,2,1
DC,Snow/Ice,23,2,1
DC,Thunderstorm,0,2,2
DC,Thunderstorm,1,2,2
DC,Thunderstorm,5,2,1
DC,Thunderstorm,6,2,1
DC,Thunderstorm,7,2,1
DC,Thunderstorm,8,2,1
DC,Thunderstorm,9,2,2
DC,Thunderstorm,10,2,1
DC,Thunderstorm,12,2,2
DC,Thunderstorm,13,2,5
DC,Thunderstorm,14,2,14
DC,Thunderstorm,15,2,13
DC,Thunderstorm,15,3,1
DC,Thunderstorm,16,2,32
DC,Thunderstorm,16,3,1
DC,Thunderstorm,17,2,22
DC,Thunderstorm,17,3,2
DC,Thunderstorm,17,4,4
DC,Thunderstorm,18,2,11
DC,Thunderstorm,18,3,2
DC,Thunderstorm,18,4,1
DC,Thunderstorm,19,2,8
DC,Thunderstorm,19,4,1
DC,Thunderstorm,20,2,3
DC,Thunderstorm,21,2,3
DC,Thunderstorm,22,2,3
DC,Thunderstorm,22,4,2
DC,Thunderstorm,23,2,1
DE,Clear/Fair,0,2,66
DE,Clear/Fair,0,3,2
DE,Clear/Fair,0,4,33
DE,Clear/Fair,1,2,71
DE,Clear/Fair,1,3,1
DE,Clear/Fair,1,4,18
DE,Clear/Fair,2,2,44
DE,Clear/Fair,2,3,1
DE,Clear/Fair,2,4,24
DE,Clear/Fair,3,2,25
DE,Clear/Fair,3,3,2
DE,Clear/Fair,3,4,14
DE,Clear/Fair,4,1,1
DE,Clear/Fair,4,2,122
DE,Clear/Fair,4,3,6
DE,Clear/Fair,4,4,13
DE,Clear/Fair,5,2,139
DE,Clear/Fair,5,3,8
DE,Clear/Fair,5,4,25
DE,Clear/Fair,6,1,17
DE,Clear/Fair,6,2,327
DE,Clear/Fair,6,3,25
DE,Clear/Fair,6,4,22
DE,Clear/Fair,7,1,35
DE,Clear/Fair,7,2,716
DE,Clear/Fair,7,3,29
DE,Clear/Fair,7,4,22
DE,Clear/Fair,8,1,53
DE,Clear/Fair,8,2,758
DE,Clear/Fair,8,3,36
DE,Clear/Fair,8,4,41
DE,Clear/Fair,9,1,11
DE,Clear/Fair,9,2,230
DE,Clear/Fair,9,3,11
DE,Clear/Fair,9,4,45
DE,Clear/Fair,10,1,11
DE,Clear/Fair,10,2,453
DE,Clear/Fair,10,3,15
DE,Clear/Fair,10,4,30
DE,Clear/Fair,11,1,7
DE,Clear/Fair,11,2,475
DE,Clear/Fair,11,3,11
DE,Clear/Fair,11,4,18
DE,Clear/Fair,12,1,1
DE,Clear/Fair,12,2,318
DE,Clear/Fair,12,3,19
DE,Clear/Fair,12,4,33
DE,Clear/Fair,13,2,279
DE,Clear/Fair,13,3,18
DE,Clear/Fair,13,4,35
DE,Clear/Fair,14,2,294
DE,Clear/Fair,14,3,11
DE,Clear/Fair,14,4,52
DE,Clear/Fair,15,2,308
DE,Clear/Fair,15,3,25
DE,Clear/Fair,15,4,54
DE,Clear/Fair,16,1,1
DE,Clear/Fair,16,2,386
DE,Clear/Fair,16,3,35
DE,Clear/Fair,16,4,41
DE,Clear/Fair,17,1,1
DE,Clear/Fair,17,2,360
DE,Clear/Fair,17,3,33
DE,Clear/Fair,17,4,46
DE,Clear/Fair,18,1,1
DE,Clear/Fair,18,2,250
DE,Clear/Fair,18,3,15
DE,Clear/Fair,18,4,43
DE,Clear/Fair,19,1,1
DE,Clear/Fair,19,2,233
DE,Clear/Fair,19,3,13
DE,Clear/Fair,19,4,49
DE,Clear/Fair,20,2,187
DE,Clear/Fair,20,3,13
DE,Clear/Fair,20,4,41
DE,Clear/Fair,21,2,121
DE,Clear/Fair,21,3,13
DE,Clear/Fair,21,4,34
DE,Clear/Fair,22,2,168
DE,Clear/Fair,22,3,8
DE,Clear/Fair,22,4,36
DE,Clear/Fair,23,2,74
DE,Clear/Fair,23,3,2
DE,Clear/Fair,23,4,28
DE,Cloudy,0,2,36
DE,Cloudy,0,3,2
DE,Cloudy,0,4,21
DE,Cloudy,1,2,26
DE,Cloudy,1,4,15
DE,Cloudy,2,2,24
DE,Cloudy,2,3,2
DE,Cloudy,2,4,14
DE,Cloudy,3,2,15
DE,Cloudy,3,3,1
DE,Cloudy,3,4,11
DE,Cloudy,4,1,2
DE,Cloudy,4,2,88
DE,Cloudy,4,3,2
DE,Cloudy,4,4,12
DE,Cloudy,5,2,85
DE,Cloudy,5,3,8
DE,Cloudy,5,4,14
DE,Cloudy,6,1,6
DE,Cloudy,6,2,200
DE,Cloudy,6,3,13
DE,Cloudy,6,4,14
DE,Cloudy,7,1,19
DE,Cloudy,7,2,334
DE,Cloudy,7,3,19
DE,Cloudy,7,4,10
DE,Cloudy,8,1,27
DE,Cloudy,8,2,439
DE,Cloudy,8,3,21
DE,Cloudy,8,4,17
DE,Cloudy,9,1,6
DE,Cloudy,9,2,109
DE,Cloudy,9,3,13
DE,Cloudy,9,4,14
DE,Cloudy,10,1,4
DE,Cloudy,10,2,231
DE,Cloudy,10,3,7
DE,Cloudy,10,4,19
DE,Cloudy,11,1,6
DE,Cloudy,11,2,273
DE,Cloudy,11,3,17
DE,Cloudy,11,4,23
DE,Cloudy,12,1,1
DE,Cloudy,12,2,141
DE,Cloudy,12,3,14
DE,Cloudy,12,4,25
DE,Cloudy,13,2,182
DE,Cloudy,13,3,15
DE,Cloudy,13,4,26
DE,Cloudy,14,2,226
DE,Cloudy,14,3,13
DE,Cloudy,14,4,42
DE,Cloudy,15,1,1
DE,Cloudy,15,2,191
DE,Cloudy,15,3,15
DE,Cloudy,15,4,35
DE,Cloudy,16,2,194
DE,Cloudy,16,3,14
DE,Cloudy,16,4,40
DE,Cloudy,17,1,1
DE,Cloudy,17,2,230
DE,Cloudy,17,3,16
DE,Cloudy,17,4,37
DE,Cloudy,18,2,159
DE,Cloudy,18,3,10
DE,Cloudy,18,4,37
DE,Cloudy,19,2,110
DE,Cloudy,19,3,12
DE,Cloudy,19,4,17
DE,Cloudy,20,1,1
DE,Cloudy,20,2,111
DE,Cloudy,20,3,13
DE,Cloudy,20,4,21
DE,Cloudy,21,2,56
DE,Cloudy,21,3,5
DE,Cloudy,21,4,17
DE,Cloudy,22,2,96
DE,Cloudy,22,3,3
DE,Cloudy,22,4,22
DE,Cloudy,23,2,31
DE,Cloudy,23,3,1
DE,Cloudy,23,4,11
DE,Fog/Low visibility,0,2,4
DE,Fog/Low visibility,0,4,3
DE,Fog/Low visibility,1,2,3
DE,Fog/Low visibility,1,4,3
DE,Fog/Low visibility,2,2,8
DE,Fog/Low visibility,3,2,3
DE,Fog/Low visibility,3,4,2
DE,Fog/Low visibility,4,2,13
DE,Fog/Low visibility,5,2,6
DE,Fog/Low visibility,6,2,27
DE,Fog/Low visibility,6,3,1
DE,Fog/Low visibility,6,4,4
DE,Fog/Low visibility,7,2,56
DE,Fog/Low visibility,7,3,7
DE,Fog/Low visibility,7,4,4
DE,Fog/Low visibility,8,2,56
DE,Fog/Low visibility,8,3,5
DE,Fog/Low visibility,8,4,2
DE,Fog/Low visibility,9,2,10
DE,Fog/Low visibility,9,3,2
DE,Fog/Low visibility,9,4,3
DE,Fog/Low visibility,10,2,23
DE,Fog/Low visibility,10,3,1
DE,Fog/Low visibility,11,2,17
DE,Fog/Low visibility,11,4,1
DE,Fog/Low visibility,12,2,2
DE,Fog/Low visibility,13,2,3
DE,Fog/Low visibility,15,2,1
DE,Fog/Low visibility,16,2,2
DE,Fog/Low visibility,17,2,4
DE,Fog/Low visibility,19,2,2
DE,Fog/Low visibility,20,2,3
DE,Fog/Low visibility,20,3,4
DE,Fog/Low visibility,21,2,3
DE,Fog/Low visibility,21,3,1
DE,Fog/Low visibility,21,4,1
DE,Fog/Low visibility,22,2,8
DE,Fog/Low visibility,23,2,4
DE,Fog/Low visibility,23,3,1
DE,Precipitation (type unknown),4,2,1
DE,Precipitation (type unknown),12,2,2
DE,Precipitation (type unknown),14,2,1
DE,Rain,0,2,22
DE,Rain,0,3,2
DE,Rain,0,4,8
DE,Rain,1,2,5
DE,Rain,1,4,2
DE,Rain,2,2,9
DE,Rain,2,3,1
DE,Rain,3,2,9
DE,Rain,4,2,21
DE,Rain,4,4,1
DE,Rain,5,1,3
DE,Rain,5,2,9
DE,Rain,5,3,2
DE,Rain,5,4,1
DE,Rain,6,1,1
DE,Rain,6,2,56
DE,Rain,6,3,7
DE,Rain,6,4,5
DE,Rain,7,1,7
DE,Rain,7,2,87
DE,Rain,7,3,5
DE,Rain,7,4,5
DE,Rain,8,1,3
DE,Rain,8,2,111
DE,Rain,8,3,12
DE,Rain,8,4,6
DE,Rain,9,2,28
DE,Rain,9,3,3
DE,Rain,9,4,4
DE,Rain,10,2,50
DE,Rain,10,3,1
DE,Rain,10,4,5
DE,Rain,11,1,1
DE,Rain,11,2,65
DE,Rain,11,3,2
DE,Rain,11,4,4
DE,Rain,12,2,31
DE,Rain,12,3,3
DE,Rain,12,4,4
DE,Rain,13,2,60
DE,Rain,13,3,5
DE,Rain,13,4,7
DE,Rain,14,2,58
DE,Rain,14,3,2
DE,Rain,14,4,11
DE,Rain,15,2,30
DE,Rain,15,3,3
DE,Rain,15,4,10
DE,Rain,16,2,53
DE,Rain,16,3,1
DE,Rain,16,4,6
DE,Rain,17,2,66
DE,Rain,17,3,4
DE,Rain,17,4,4
DE,Rain,18,2,33
DE,Rain,18,3,4
DE,Rain,18,4,7
DE,Rain,19,2,39
DE,Rain,19,3,2
DE,Rain,19,4,9
DE,Rain,20,2,26
DE,Rain,20,3,3
DE,Rain,20,4,10
DE,Rain,21,2,11
DE,Rain,21,3,3
DE,Rain,22,2,10
DE,Rain,22,3,2
DE,Rain,22,4,8
DE,Rain,23,2,9
DE,Rain,23,3,1
DE,Rain,23,4,3
DE,Snow/Ice,1,2,2
DE,Snow/Ice,1,4,1
DE,Snow/Ice,2,2,2
DE,Snow/Ice,3,2,1
DE,Snow/Ice,3,4,2
DE,Snow/Ice,4,2,3
DE,Snow/Ice,5,2,4
DE,Snow/Ice,6,2,4
DE,Snow/Ice,6,3,1
DE,Snow/Ice,6,4,2
DE,Snow/Ice,7,2,16
DE,Snow/Ice,7,4,1
DE,Snow/Ice,8,2,7
DE,Snow/Ice,9,2,7
DE,Snow/Ice,10,2,9
DE,Snow/Ice,10,4,4
DE,Snow/Ice,11,2,9
DE,Snow/Ice,12,2,12
DE,Snow/Ice,13,2,9
DE,Snow/Ice,13,4,1
DE,Snow/Ice,14,2,6
DE,Snow/Ice,15,2,1
DE,Snow/Ice,15,3,1
DE,Snow/Ice,15,4,1
DE,Snow/Ice,16,2,1
DE,Snow/Ice,17,2,5
DE,Snow/Ice,17,4,1
DE,Snow/Ice,18,2,6
DE,Snow/Ice,19,2,1
DE,Snow/Ice,19,3,1
DE,Snow/Ice,20,2,3
DE,Snow/Ice,20,3,1
DE,Snow/Ice,21,2,2
DE,Snow/Ice,22,2,5
DE,Snow/Ice,23,2,2
DE,Thunderstorm,1,4,1
DE,Thunderstorm,5,2,1
DE,Thunderstorm,6,1,3
DE,Thunderstorm,6,2,2
DE,Thunderstorm,7,2,5
DE,Thunderstorm,9,1,1
DE,Thunderstorm,9,4,1
DE,Thunderstorm,11,2,3
DE,Thunderstorm,12,2,1
DE,Thunderstorm,12,4,1
DE,Thunderstorm,14,2,7
DE,Thunderstorm,15,2,13
DE,Thunderstorm,16,2,14
DE,Thunderstorm,17,2,8
DE,Thunderstorm,17,4,1
DE,Thunderstorm,18,2,3
DE,Thunderstorm,18,3,1
DE,Thunderstorm,18,4,1
DE,Thunderstorm,19,2,7
DE,Thunderstorm,19,4,1
DE,Thunderstorm,20,2,4
DE,Thunderstorm,20,4,1
DE,Thunderstorm,21,2,3
DE,Thunderstorm,22,2,4
DE,Thunderstorm,23,4,1
FL,Clear/Fair,0,1,6
FL,Clear/Fair,0,2,4738
FL,Clear/Fair,0,3,143
FL,Clear/Fair,0,4,352
FL,Clear/Fair,1,1,1
FL,Clear/Fair,1,2,3998
FL,Clear/Fair,1,3,89
FL,Clear/Fair,1,4,145
FL,Clear/Fair,2,1,2
FL,Clear/Fair,2,2,3919
FL,Clear/Fair,2,3,85
FL,Clear/Fair,2,4,148
FL,Clear/Fair,3,1,35
FL,Clear/Fair,3,2,4045
FL,Clear/Fair,3,3,104
FL,Clear/Fair,3,4,171
FL,Clear/Fair,4,1,219
FL,Clear/Fair,4,2,8021
FL,Clear/Fair,4,3,1179
FL,Clear/Fair,4,4,179
FL,Clear/Fair,5,1,221
FL,Clear/Fair,5,2,10063
FL,Clear/Fair,5,3,1235
FL,Clear/Fair,5,4,220
FL,Clear/Fair,6,1,675
FL,Clear/Fair,6,2,18609
FL,Clear/Fair,6,3,2661
FL,Clear/Fair,6,4,248
FL,Clear/Fair,7,1,971
FL,Clear/Fair,7,2,28174
FL,Clear/Fair,7,3,3750
FL,Clear/Fair,7,4,308
FL,Clear/Fair,8,1,1000
FL,Clear/Fair,8,2,29367
FL,Clear/Fair,8,3,3707
FL,Clear/Fair,8,4,322
FL,Clear/Fair,9,1,155
FL,Clear/Fair,9,2,14618
FL,Clear/Fair,9,3,2079
FL,Clear/Fair,9,4,287
FL,Clear/Fair,10,1,86
FL,Clear/Fair,10,2,11442
FL,Clear/Fair,10,3,1491
FL,Clear/Fair,10,4,187
FL,Clear/Fair,11,1,74
FL,Clear/Fair,11,2,11823
FL,Clear/Fair,11,3,1323
FL,Clear/Fair,11,4,182
FL,Clear/Fair,12,1,37
FL,Clear/Fair,12,2,13355
FL,Clear/Fair,12,3,1177
FL,Clear/Fair,12,4,175
FL,Clear/Fair,13,1,36
FL,Clear/Fair,13,2,16504
FL,Clear/Fair,13,3,1197
FL,Clear/Fair,13,4,175
FL,Clear/Fair,14,1,66
FL,Clear/Fair,14,2,19021
FL,Clear/Fair,14,3,1257
FL,Clear/Fair,14,4,185
FL,Clear/Fair,15,1,108
FL,Clear/Fair,15,2,21057
FL,Clear/Fair,15,3,1402
FL,Clear/Fair,15,4,233
FL,Clear/Fair,16,1,184
FL,Clear/Fair,16,2,24248
FL,Clear/Fair,16,3,1888
FL,Clear/Fair,16,4,259
FL,Clear/Fair,17,1,159
FL,Clear/Fair,17,2,23801
FL,Clear/Fair,17,3,1916
FL,Clear/Fair,17,4,283
FL,Clear/Fair,18,1,89
FL,Clear/Fair,18,2,17992
FL,Clear/Fair,18,3,1873
FL,Clear/Fair,18,4,273
FL,Clear/Fair,19,1,45
FL,Clear/Fair,19,2,12823
FL,Clear/Fair,19,3,1690
FL,Clear/Fair,19,4,279
FL,Clear/Fair,20,1,14
FL,Clear/Fair,20,2,9866
FL,Clear/Fair,20,3,1379
FL,Clear/Fair,20,4,310
FL,Clear/Fair,21,1,19
FL,Clear/Fair,21,2,8319
FL,Clear/Fair,21,3,1093
FL,Clear/Fair,21,4,213
FL,Clear/Fair,22,1,15
FL,Clear/Fair,22,2,7150
FL,Clear/Fair,22,3,1012
FL,Clear/Fair,22,4,223
FL,Clear/Fair,23,1,8
FL,Clear/Fair,23,2,5401
FL,Clear/Fair,23,3,197
FL,Clear/Fair,23,4,211
FL,Cloudy,0,1,2
FL,Cloudy,0,2,3124
FL,Cloudy,0,3,177
FL,Cloudy,0,4,275
FL,Cloudy,1,1,3
FL,Cloudy,1,2,2578
FL,Cloudy,1,3,109
FL,Cloudy,1,4,111
FL,Cloudy,2,1,2
FL,Cloudy,2,2,2537
FL,Cloudy,2,3,82
FL,Cloudy,2,4,113
FL,Cloudy,3,1,12
FL,Cloudy,3,2,2666
FL,Cloudy,3,3,109
FL,Cloudy,3,4,133
FL,Cloudy,4,1,67
FL,Cloudy,4,2,5021
FL,Cloudy,4,3,1101
FL,Cloudy,4,4,157
FL,Cloudy,5,1,76
FL,Cloudy,5,2,6940
FL,Cloudy,5,3,1278
FL,Cloudy,5,4,222
FL,Cloudy,6,1,179
FL,Cloudy,6,2,14283
FL,Cloudy,6,3,3091
FL,Cloudy,6,4,248
FL,Cloudy,7,1,298
FL,Cloudy,7,2,20080
FL,Cloudy,7,3,4898
FL,Cloudy,7,4,257
FL,Cloudy,8,1,311
FL,Cloudy,8,2,21440
FL,Cloudy,8,3,5054
FL,Cloudy,8,4,276
FL,Cloudy,9,1,134
FL,Cloudy,9,2,13847
FL,Cloudy,9,3,3343
FL,Cloudy,9,4,320
FL,Cloudy,10,1,99
FL,Cloudy,10,2,13701
FL,Cloudy,10,3,2950
FL,Cloudy,10,4,296
FL,Cloudy,11,1,81
FL,Cloudy,11,2,16927
FL,Cloudy,11,3,2952
FL,Cloudy,11,4,317
FL,Cloudy,12,1,65
FL,Cloudy,12,2,22736
FL,Cloudy,12,3,3110
FL,Cloudy,12,4,326
FL,Cloudy,13,1,53
FL,Cloudy,13,2,26320
FL,Cloudy,13,3,3197
FL,Cloudy,13,4,348
FL,Cloudy,14,1,78
FL,Cloudy,14,2,29469
FL,Cloudy,14,3,3218
FL,Cloudy,14,4,317
FL,Cloudy,15,1,177
FL,Cloudy,15,2,29395
FL,Cloudy,15,3,3523
FL,Cloudy,15,4,351
FL,Cloudy,16,1,213
FL,Cloudy,16,2,28696
FL,Cloudy,16,3,3936
FL,Cloudy,16,4,330
FL,Cloudy,17,1,197
FL,Cloudy,17,2,24971
FL,Cloudy,17,3,3746
FL,Cloudy,17,4,328
FL,Cloudy,18,1,89
FL,Cloudy,18,2,15933
FL,Cloudy,18,3,3030
FL,Cloudy,18,4,286
FL,Cloudy,19,1,45
FL,Cloudy,19,2,9247
FL,Cloudy,19,3,2232
FL,Cloudy,19,4,224
FL,Cloudy,20,1,9
FL,Cloudy,20,2,7056
FL,Cloudy,20,3,1765
FL,Cloudy,20,4,254
FL,Cloudy,21,1,6
FL,Cloudy,21,2,5655
FL,Cloudy,21,3,1195
FL,Cloudy,21,4,184
FL,Cloudy,22,1,4
FL,Cloudy,22,2,4752
FL,Cloudy,22,3,1094
FL,Cloudy,22,4,161
FL,Cloudy,23,1,3
FL,Cloudy,23,2,3415
FL,Cloudy,23,3,219
FL,Cloudy,23,4,151
FL,Fog/Low visibility,0,2,189
FL,Fog/Low visibility,0,3,2
FL,Fog/Low visibility,0,4,3
FL,Fog/Low visibility,1,2,203
FL,Fog/Low visibility,1,3,3
FL,Fog/Low visibility,1,4,4
FL,Fog/Low visibility,2,2,237
FL,Fog/Low visibility,2,3,3
FL,Fog/Low visibility,2,4,5
FL,Fog/Low visibility,3,1,3
FL,Fog/Low visibility,3,2,236
FL,Fog/Low visibility,3,3,6
FL,Fog/Low visibility,3,4,7
FL,Fog/Low visibility,4,1,6
FL,Fog/Low visibility,4,2,426
FL,Fog/Low visibility,4,3,63
FL,Fog/Low visibility,4,4,18
FL,Fog/Low visibility,5,1,6
FL,Fog/Low visibility,5,2,691
FL,Fog/Low visibility,5,3,78
FL,Fog/Low visibility,5,4,19
FL,Fog/Low visibility,6,1,31
FL,Fog/Low visibility,6,2,1738
FL,Fog/Low visibility,6,3,184
FL,Fog/Low visibility,6,4,22
FL,Fog/Low visibility,7,1,19
FL,Fog/Low visibility,7,2,2276
FL,Fog/Low visibility,7,3,252
FL,Fog/Low visibility,7,4,22
FL,Fog/Low visibility,8,1,6
FL,Fog/Low visibility,8,2,1236
FL,Fog/Low visibility,8,3,159
FL,Fog/Low visibility,8,4,8
FL,Fog/Low visibility,9,1,8
FL,Fog/Low visibility,9,2,344
FL,Fog/Low visibility,9,3,60
FL,Fog/Low visibility,9,4,2
FL,Fog/Low visibility,10,2,158
FL,Fog/Low visibility,10,3,33
FL,Fog/Low visibility,10,4,2
FL,Fog/Low visibility,11,2,96
FL,Fog/Low visibility,11,3,19
FL,Fog/Low visibility,11,4,4
FL,Fog/Low visibility,12,2,119
FL,Fog/Low visibility,12,3,11
FL,Fog/Low visibility,12,4,1
FL,Fog/Low visibility,13,2,104
FL,Fog/Low visibility,13,3,22
FL,Fog/Low visibility,13,4,2
FL,Fog/Low visibility,14,2,143
FL,Fog/Low visibility,14,3,22
FL,Fog/Low visibility,15,1,1
FL,Fog/Low visibility,15,2,141
FL,Fog/Low visibility,15,3,17
FL,Fog/Low visibility,15,4,1
FL,Fog/Low visibility,16,2,87
FL,Fog/Low visibility,16,3,27
FL,Fog/Low visibility,16,4,1
FL,Fog/Low visibility,17,1,1
FL,Fog/Low visibility,17,2,112
FL,Fog/Low visibility,17,3,25
FL,Fog/Low visibility,17,4,2
FL,Fog/Low visibility,18,1,1
FL,Fog/Low visibility,18,2,84
FL,Fog/Low visibility,18,3,14
FL,Fog/Low visibility,19,2,105
FL,Fog/Low visibility,19,3,16
FL,Fog/Low visibility,19,4,1
FL,Fog/Low visibility,20,1,1
FL,Fog/Low visibility,20,2,88
FL,Fog/Low visibility,20,3,8
FL,Fog/Low visibility,20,4,2
FL,Fog/Low visibility,21,2,101
FL,Fog/Low visibility,21,3,11
FL,Fog/Low visibility,21,4,1
FL,Fog/Low visibility,22,2,111
FL,Fog/Low visibility,22,3,15
FL,Fog/Low visibility,22,4,4
FL,Fog/Low visibility,23,2,144
FL,Fog/Low visibility,23,3,4
FL,Fog/Low visibility,23,4,4
FL,Precipitation (type unknown),1,2,1
FL,Precipitation (type unknown),2,2,1
FL,Precipitation (type unknown),4,2,1
FL,Precipitation (type unknown),4,4,1
FL,Precipitation (type unknown),8,2,2
FL,Precipitation (type unknown),11,2,1
FL,Precipitation (type unknown),13,2,2
FL,Precipitation (type unknown),14,2,1
FL,Precipitation (type unknown),15,2,3
FL,Precipitation (type unknown),15,4,1
FL,Precipitation (type unknown),17,2,3
FL,Precipitation (type unknown),18,2,1
FL,Precipitation (type unknown),19,2,1
FL,Rain,0,2,456
FL,Rain,0,3,24
FL,Rain,0,4,30
FL,Rain,1,2,327
FL,Rain,1,3,17
FL,Rain,1,4,24
FL,Rain,2,2,342
FL,Rain,2,3,14
FL,Rain,2,4,11
FL,Rain,3,1,2
FL,Rain,3,2,346
FL,Rain,3,3,15
FL,Rain,3,4,14
FL,Rain,4,2,644
FL,Rain,4,3,199
FL,Rain,4,4,16
FL,Rain,5,1,8
FL,Rain,5,2,748
FL,Rain,5,3,288
FL,Rain,5,4,20
FL,Rain,6,1,19
FL,Rain,6,2,1645
FL,Rain,6,3,456
FL,Rain,6,4,32
FL,Rain,7,1,25
FL,Rain,7,2,2449
FL,Rain,7,3,625
FL,Rain,7,4,41
FL,Rain,8,1,26
FL,Rain,8,2,2338
FL,Rain,8,3,574
FL,Rain,8,4,40
FL,Rain,9,1,9
FL,Rain,9,2,1336
FL,Rain,9,3,442
FL,Rain,9,4,27
FL,Rain,10,1,8
FL,Rain,10,2,1332
FL,Rain,10,3,414
FL,Rain,10,4,35
FL,Rain,11,1,6
FL,Rain,11,2,1556
FL,Rain,11,3,404
FL,Rain,11,4,52
FL,Rain,12,1,8
FL,Rain,12,2,2307
FL,Rain,12,3,425
FL,Rain,12,4,25
FL,Rain,13,1,12
FL,Rain,13,2,2567
FL,Rain,13,3,438
FL,Rain,13,4,31
FL,Rain,14,1,12
FL,Rain,14,2,2910
FL,Rain,14,3,471
FL,Rain,14,4,43
FL,Rain,15,1,22
FL,Rain,15,2,3444
FL,Rain,15,3,493
FL,Rain,15,4,41
FL,Rain,16,1,18
FL,Rain,16,2,3858
FL,Rain,16,3,643
FL,Rain,16,4,51
FL,Rain,17,1,18
FL,Rain,17,2,3935
FL,Rain,17,3,521
FL,Rain,17,4,48
FL,Rain,18,1,12
FL,Rain,18,2,2512
FL,Rain,18,3,469
FL,Rain,18,4,34
FL,Rain,19,1,16
FL,Rain,19,2,1535
FL,Rain,19,3,443
FL,Rain,19,4,35
FL,Rain,20,1,6
FL,Rain,20,2,1195
FL,Rain,20,3,375
FL,Rain,20,4,32
FL,Rain,21,1,1
FL,Rain,21,2,896
FL,Rain,21,3,247
FL,Rain,21,4,14
FL,Rain,22,1,2
FL,Rain,22,2,695
FL,Rain,22,3,181
FL,Rain,22,4,20
FL,Rain,23,2,540
FL,Rain,23,3,27
FL,Rain,23,4,21
FL,Severe wind,1,2,4
FL,Severe wind,4,3,1
FL,Severe wind,8,2,2
FL,Severe wind,9,3,1
FL,Severe wind,10,3,1
FL,Severe wind,11,2,1
FL,Severe wind,12,2,3
FL,Severe wind,12,4,1
FL,Severe wind,15,2,2
FL,Severe wind,16,2,6
FL,Severe wind,19,2,1
FL,Severe wind,20,4,1
FL,Snow/Ice,1,2,1
FL,Snow/Ice,2,2,1
FL,Snow/Ice,3,4,1
FL,Snow/Ice,4,2,1
FL,Snow/Ice,4,4,1
FL,Snow/Ice,6,2,4
FL,Snow/Ice,6,3,2
FL,Snow/Ice,7,2,1
FL,Snow/Ice,7,3,1
FL,Snow/Ice,8,2,1
FL,Snow/Ice,8,3,1
FL,Snow/Ice,12,2,2
FL,Thunderstorm,0,2,72
FL,Thunderstorm,0,3,3
FL,Thunderstorm,0,4,6
FL,Thunderstorm,1,2,68
FL,Thunderstorm,1,3,3
FL,Thunderstorm,1,4,5
FL,Thunderstorm,2,2,63
FL,Thunderstorm,2,3,3
FL,Thunderstorm,2,4,1
FL,Thunderstorm,3,2,52
FL,Thunderstorm,3,3,6
FL,Thunderstorm,3,4,4
FL,Thunderstorm,4,2,79
FL,Thunderstorm,4,3,37
FL,Thunderstorm,4,4,1
FL,Thunderstorm,5,1,3
FL,Thunderstorm,5,2,157
FL,Thunderstorm,5,3,57
FL,Thunderstorm,5,4,4
FL,Thunderstorm,6,1,7
FL,Thunderstorm,6,2,335
FL,Thunderstorm,6,3,106
FL,Thunderstorm,6,4,4
FL,Thunderstorm,7,1,14
FL,Thunderstorm,7,2,450
FL,Thunderstorm,7,3,140
FL,Thunderstorm,7,4,6
FL,Thunderstorm,8,1,6
FL,Thunderstorm,8,2,369
FL,Thunderstorm,8,3,110
FL,Thunderstorm,8,4,5
FL,Thunderstorm,9,1,6
FL,Thunderstorm,9,2,324
FL,Thunderstorm,9,3,98
FL,Thunderstorm,9,4,3
FL,Thunderstorm,10,1,1
FL,Thunderstorm,10,2,338
FL,Thunderstorm,10,3,106
FL,Thunderstorm,10,4,7
FL,Thunderstorm,11,1,5
FL,Thunderstorm,11,2,674
FL,Thunderstorm,11,3,120
FL,Thunderstorm,11,4,14
FL,Thunderstorm,12,1,1
FL,Thunderstorm,12,2,1505
FL,Thunderstorm,12,3,212
FL,Thunderstorm,12,4,20
FL,Thunderstorm,13,1,2
FL,Thunderstorm,13,2,2103
FL,Thunderstorm,13,3,302
FL,Thunderstorm,13,4,26
FL,Thunderstorm,14,1,7
FL,Thunderstorm,14,2,3234
FL,Thunderstorm,14,3,326
FL,Thunderstorm,14,4,32
FL,Thunderstorm,15,1,16
FL,Thunderstorm,15,2,4532
FL,Thunderstorm,15,3,463
FL,Thunderstorm,15,4,40
FL,Thunderstorm,16,1,30
FL,Thunderstorm,16,2,4341
FL,Thunderstorm,16,3,489
FL,Thunderstorm,16,4,40
FL,Thunderstorm,17,1,35
FL,Thunderstorm,17,2,3841
FL,Thunderstorm,17,3,414
FL,Thunderstorm,17,4,31
FL,Thunderstorm,18,1,14
FL,Thunderstorm,18,2,2160
FL,Thunderstorm,18,3,352
FL,Thunderstorm,18,4,26
FL,Thunderstorm,19,1,11
FL,Thunderstorm,19,2,904
FL,Thunderstorm,19,3,223
FL,Thunderstorm,19,4,15
FL,Thunderstorm,20,1,2
FL,Thunderstorm,20,2,563
FL,Thunderstorm,20,3,200
FL,Thunderstorm,20,4,14
FL,Thunderstorm,21,2,335
FL,Thunderstorm,21,3,90
FL,Thunderstorm,21,4,8
FL,Thunderstorm,22,2,236
FL,Thunderstorm,22,3,66
FL,Thunderstorm,22,4,4
FL,Thunderstorm,23,2,109
FL,Thunderstorm,23,3,6
FL,Thunderstorm,23,4,3
GA,Clear/Fair,0,1,5
GA,Clear/Fair,0,2,528
GA,Clear/Fair,0,3,103
GA,Clear/Fair,0,4,261
GA,Clear/Fair,1,1,2
GA,Clear/Fair,1,2,437
GA,Clear/Fair,1,3,41
GA,Clear/Fair,1,4,145
GA,Clear/Fair,2,1,4
GA,Clear/Fair,2,2,389
GA,Clear/Fair,2,3,70
GA,Clear/Fair,2,4,157
GA,Clear/Fair,3,1,2
GA,Clear/Fair,3,2,463
GA,Clear/Fair,3,3,72
GA,Clear/Fair,3,4,165
GA,Clear/Fair,4,1,5
GA,Clear/Fair,4,2,850
GA,Clear/Fair,4,3,464
GA,Clear/Fair,4,4,163
GA,Clear/Fair,5,1,30
GA,Clear/Fair,5,2,1102
GA,Clear/Fair,5,3,451
GA,Clear/Fair,5,4,227
GA,Clear/Fair,6,1,30
GA,Clear/Fair,6,2,2449
GA,Clear/Fair,6,3,1160
GA,Clear/Fair,6,4,240
GA,Clear/Fair,7,1,93
GA,Clear/Fair,7,2,3911
GA,Clear/Fair,7,3,1507
GA,Clear/Fair,7,4,303
GA,Clear/Fair,8,1,102
GA,Clear/Fair,8,2,3942
GA,Clear/Fair,8,3,1411
GA,Clear/Fair,8,4,285
GA,Clear/Fair,9,1,12
GA,Clear/Fair,9,2,1818
GA,Clear/Fair,9,3,1066
GA,Clear/Fair,9,4,231
GA,Clear/Fair,10,1,24
GA,Clear/Fair,10,2,2152
GA,Clear/Fair,10,3,1009
GA,Clear/Fair,10,4,209
GA,Clear/Fair,11,1,25
GA,Clear/Fair,11,2,1905
GA,Clear/Fair,11,3,887
GA,Clear/Fair,11,4,214
GA,Clear/Fair,12,1,10
GA,Clear/Fair,12,2,1931
GA,Clear/Fair,12,3,1038
GA,Clear/Fair,12,4,207
GA,Clear/Fair,13,1,6
GA,Clear/Fair,13,2,1723
GA,Clear/Fair,13,3,1002
GA,Clear/Fair,13,4,204
GA,Clear/Fair,14,1,6
GA,Clear/Fair,14,2,1753
GA,Clear/Fair,14,3,1166
GA,Clear/Fair,14,4,191
GA,Clear/Fair,15,1,8
GA,Clear/Fair,15,2,1953
GA,Clear/Fair,15,3,1317
GA,Clear/Fair,15,4,251
GA,Clear/Fair,16,1,38
GA,Clear/Fair,16,2,2323
GA,Clear/Fair,16,3,1646
GA,Clear/Fair,16,4,266
GA,Clear/Fair,17,1,45
GA,Clear/Fair,17,2,2500
GA,Clear/Fair,17,3,1633
GA,Clear/Fair,17,4,275
GA,Clear/Fair,18,1,18
GA,Clear/Fair,18,2,2242
GA,Clear/Fair,18,3,1611
GA,Clear/Fair,18,4,279
GA,Clear/Fair,19,1,23
GA,Clear/Fair,19,2,1785
GA,Clear/Fair,19,3,1381
GA,Clear/Fair,19,4,238
GA,Clear/Fair,20,1,23
GA,Clear/Fair,20,2,1565
GA,Clear/Fair,20,3,1057
GA,Clear/Fair,20,4,314
GA,Clear/Fair,21,2,992
GA,Clear/Fair,21,3,731
GA,Clear/Fair,21,4,270
GA,Clear/Fair,22,1,5
GA,Clear/Fair,22,2,903
GA,Clear/Fair,22,3,605
GA,Clear/Fair,22,4,250
GA,Clear/Fair,23,1,4
GA,Clear/Fair,23,2,598
GA,Clear/Fair,23,3,122
GA,Clear/Fair,23,4,192
GA,Cloudy,0,2,381
GA,Cloudy,0,3,119
GA,Cloudy,0,4,157
GA,Cloudy,1,2,290
GA,Cloudy,1,3,75
GA,Cloudy,1,4,118
GA,Cloudy,2,1,1
GA,Cloudy,2,2,345
GA,Cloudy,2,3,74
GA,Cloudy,2,4,114
GA,Cloudy,3,2,354
GA,Cloudy,3,3,70
GA,Cloudy,3,4,116
GA,Cloudy,4,1,3
GA,Cloudy,4,2,676
GA,Cloudy,4,3,445
GA,Cloudy,4,4,160
GA,Cloudy,5,1,7
GA,Cloudy,5,2,1003
GA,Cloudy,5,3,495
GA,Cloudy,5,4,203
GA,Cloudy,6,1,25
GA,Cloudy,6,2,2291
GA,Cloudy,6,3,1505
GA,Cloudy,6,4,241
GA,Cloudy,7,1,42
GA,Cloudy,7,2,3603
GA,Cloudy,7,3,2230
GA,Cloudy,7,4,277
GA,Cloudy,8,1,31
GA,Cloudy,8,2,3394
GA,Cloudy,8,3,1893
GA,Cloudy,8,4,217
GA,Cloudy,9,1,10
GA,Cloudy,9,2,1537
GA,Cloudy,9,3,1451
GA,Cloudy,9,4,225
GA,Cloudy,10,1,21
GA,Cloudy,10,2,1905
GA,Cloudy,10,3,1460
GA,Cloudy,10,4,240
GA,Cloudy,11,1,21
GA,Cloudy,11,2,1712
GA,Cloudy,11,3,1392
GA,Cloudy,11,4,207
GA,Cloudy,12,1,20
GA,Cloudy,12,2,2448
GA,Cloudy,12,3,1757
GA,Cloudy,12,4,238
GA,Cloudy,13,1,23
GA,Cloudy,13,2,2077
GA,Cloudy,13,3,1888
GA,Cloudy,13,4,285
GA,Cloudy,14,1,13
GA,Cloudy,14,2,2068
GA,Cloudy,14,3,2143
GA,Cloudy,14,4,304
GA,Cloudy,15,1,12
GA,Cloudy,15,2,2265
GA,Cloudy,15,3,2238
GA,Cloudy,15,4,308
GA,Cloudy,16,1,38
GA,Cloudy,16,2,2504
GA,Cloudy,16,3,2657
GA,Cloudy,16,4,320
GA,Cloudy,17,1,24
GA,Cloudy,17,2,2328
GA,Cloudy,17,3,2397
GA,Cloudy,17,4,290
GA,Cloudy,18,1,21
GA,Cloudy,18,2,1849
GA,Cloudy,18,3,1996
GA,Cloudy,18,4,252
GA,Cloudy,19,1,15
GA,Cloudy,19,2,1361
GA,Cloudy,19,3,1491
GA,Cloudy,19,4,234
GA,Cloudy,20,1,9
GA,Cloudy,20,2,990
GA,Cloudy,20,3,1091
GA,Cloudy,20,4,214
GA,Cloudy,21,1,3
GA,Cloudy,21,2,693
GA,Cloudy,21,3,760
GA,Cloudy,21,4,166
GA,Cloudy,22,1,3
GA,Cloudy,22,2,565
GA,Cloudy,22,3,730
GA,Cloudy,22,4,168
GA,Cloudy,23,1,2
GA,Cloudy,23,2,458
GA,Cloudy,23,3,103
GA,Cloudy,23,4,141
GA,Fog/Low visibility,0,2,41
GA,Fog/Low visibility,0,3,5
GA,Fog/Low visibility,0,4,13
GA,Fog/Low visibility,1,2,41
GA,Fog/Low visibility,1,3,1
GA,Fog/Low visibility,1,4,13
GA,Fog/Low visibility,2,2,42
GA,Fog/Low visibility,2,3,4
GA,Fog/Low visibility,2,4,13
GA,Fog/Low visibility,3,2,48
GA,Fog/Low visibility,3,3,4
GA,Fog/Low visibility,3,4,22
GA,Fog/Low visibility,4,1,1
GA,Fog/Low visibility,4,2,88
GA,Fog/Low visibility,4,3,27
GA,Fog/Low visibility,4,4,17
GA,Fog/Low visibility,5,1,1
GA,Fog/Low visibility,5,2,127
GA,Fog/Low visibility,5,3,22
GA,Fog/Low visibility,5,4,29
GA,Fog/Low visibility,6,1,5
GA,Fog/Low visibility,6,2,294
GA,Fog/Low visibility,6,3,91
GA,Fog/Low visibility,6,4,26
GA,Fog/Low visibility,7,1,10
GA,Fog/Low visibility,7,2,510
GA,Fog/Low visibility,7,3,132
GA,Fog/Low visibility,7,4,34
GA,Fog/Low visibility,8,1,7
GA,Fog/Low visibility,8,2,412
GA,Fog/Low visibility,8,3,115
GA,Fog/Low visibility,8,4,32
GA,Fog/Low visibility,9,1,1
GA,Fog/Low visibility,9,2,105
GA,Fog/Low visibility,9,3,51
GA,Fog/Low visibility,9,4,10
GA,Fog/Low visibility,10,1,1
GA,Fog/Low visibility,10,2,97
GA,Fog/Low visibility,10,3,36
GA,Fog/Low visibility,10,4,14
GA,Fog/Low visibility,11,1,2
GA,Fog/Low visibility,11,2,62
GA,Fog/Low visibility,11,3,26
GA,Fog/Low visibility,11,4,1
GA,Fog/Low visibility,12,1,2
GA,Fog/Low visibility,12,2,68
GA,Fog/Low visibility,12,3,23
GA,Fog/Low visibility,12,4,5
GA,Fog/Low visibility,13,2,43
GA,Fog/Low visibility,13,3,27
GA,Fog/Low visibility,13,4,7
GA,Fog/Low visibility,14,2,37
GA,Fog/Low visibility,14,3,22
GA,Fog/Low visibility,14,4,3
GA,Fog/Low visibility,15,2,37
GA,Fog/Low visibility,15,3,30
GA,Fog/Low visibility,15,4,1
GA,Fog/Low visibility,16,2,35
GA,Fog/Low visibility,16,3,37
GA,Fog/Low visibility,16,4,10
GA,Fog/Low visibility,17,2,41
GA,Fog/Low visibility,17,3,26
GA,Fog/Low visibility,17,4,3
GA,Fog/Low visibility,18,2,59
GA,Fog/Low visibility,18,3,29
GA,Fog/Low visibility,18,4,7
GA,Fog/Low visibility,19,2,24
GA,Fog/Low visibility,19,3,15
GA,Fog/Low visibility,19,4,5
GA,Fog/Low visibility,20,2,21
GA,Fog/Low visibility,20,3,17
GA,Fog/Low visibility,20,4,2
GA,Fog/Low visibility,21,2,36
GA,Fog/Low visibility,21,3,10
GA,Fog/Low visibility,21,4,10
GA,Fog/Low visibility,22,2,40
GA,Fog/Low visibility,22,3,16
GA,Fog/Low visibility,22,4,9
GA,Fog/Low visibility,23,2,29
GA,Fog/Low visibility,23,3,5
GA,Fog/Low visibility,23,4,7
GA,Precipitation (type unknown),5,2,1
GA,Precipitation (type unknown),6,2,1
GA,Precipitation (type unknown),7,3,1
GA,Precipitation (type unknown),8,2,1
GA,Precipitation (type unknown),10,2,1
GA,Precipitation (type unknown),10,3,1
GA,Precipitation (type unknown),11,2,1
GA,Precipitation (type unknown),13,2,1
GA,Precipitation (type unknown),14,3,1
GA,Precipitation (type unknown),17,2,1
GA,Precipitation (type unknown),23,2,3
GA,Rain,0,2,98
GA,Rain,0,3,42
GA,Rain,0,4,42
GA,Rain,1,2,104
GA,Rain,1,3,18
GA,Rain,1,4,40
GA,Rain,2,2,106
GA,Rain,2,3,13
GA,Rain,2,4,24
GA,Rain,3,2,117
GA,Rain,3,3,18
GA,Rain,3,4,33
GA,Rain,4,2,228
GA,Rain,4,3,197
GA,Rain,4,4,40
GA,Rain,5,2,343
GA,Rain,5,3,213
GA,Rain,5,4,55
GA,Rain,6,1,4
GA,Rain,6,2,790
GA,Rain,6,3,371
GA,Rain,6,4,70
GA,Rain,7,1,7
GA,Rain,7,2,952
GA,Rain,7,3,543
GA,Rain,7,4,57
GA,Rain,8,1,6
GA,Rain,8,2,792
GA,Rain,8,3,509
GA,Rain,8,4,52
GA,Rain,9,2,341
GA,Rain,9,3,338
GA,Rain,9,4,32
GA,Rain,10,1,2
GA,Rain,10,2,423
GA,Rain,10,3,334
GA,Rain,10,4,43
GA,Rain,11,1,7
GA,Rain,11,2,401
GA,Rain,11,3,326
GA,Rain,11,4,42
GA,Rain,12,1,5
GA,Rain,12,2,396
GA,Rain,12,3,310
GA,Rain,12,4,33
GA,Rain,13,1,5
GA,Rain,13,2,333
GA,Rain,13,3,344
GA,Rain,13,4,38
GA,Rain,14,1,1
GA,Rain,14,2,373
GA,Rain,14,3,316
GA,Rain,14,4,21
GA,Rain,15,1,1
GA,Rain,15,2,421
GA,Rain,15,3,345
GA,Rain,15,4,40
GA,Rain,16,1,3
GA,Rain,16,2,400
GA,Rain,16,3,412
GA,Rain,16,4,38
GA,Rain,17,1,2
GA,Rain,17,2,411
GA,Rain,17,3,408
GA,Rain,17,4,57
GA,Rain,18,1,5
GA,Rain,18,2,359
GA,Rain,18,3,379
GA,Rain,18,4,46
GA,Rain,19,1,3
GA,Rain,19,2,316
GA,Rain,19,3,363
GA,Rain,19,4,44
GA,Rain,20,1,3
GA,Rain,20,2,305
GA,Rain,20,3,286
GA,Rain,20,4,43
GA,Rain,21,2,180
GA,Rain,21,3,205
GA,Rain,21,4,46
GA,Rain,22,2,167
GA,Rain,22,3,147
GA,Rain,22,4,42
GA,Rain,23,2,142
GA,Rain,23,3,30
GA,Rain,23,4,36
GA,Severe wind,20,2,1
GA,Severe wind,20,3,1
GA,Snow/Ice,0,3,1
GA,Snow/Ice,2,2,3
GA,Snow/Ice,2,4,5
GA,Snow/Ice,3,4,1
GA,Snow/Ice,4,2,7
GA,Snow/Ice,4,3,5
GA,Snow/Ice,4,4,2
GA,Snow/Ice,5,2,2
GA,Snow/Ice,5,3,6
GA,Snow/Ice,6,2,4
GA,Snow/Ice,6,3,3
GA,Snow/Ice,6,4,2
GA,Snow/Ice,7,2,5
GA,Snow/Ice,7,3,5
GA,Snow/Ice,8,2,7
GA,Snow/Ice,8,3,3
GA,Snow/Ice,8,4,2
GA,Snow/Ice,9,2,4
GA,Snow/Ice,9,3,4
GA,Snow/Ice,9,4,1
GA,Snow/Ice,10,2,3
GA,Snow/Ice,10,3,8
GA,Snow/Ice,10,4,2
GA,Snow/Ice,11,2,6
GA,Snow/Ice,11,3,7
GA,Snow/Ice,12,2,13
GA,Snow/Ice,12,3,4
GA,Snow/Ice,12,4,1
GA,Snow/Ice,13,2,3
GA,Snow/Ice,13,3,1
GA,Snow/Ice,13,4,1
GA,Snow/Ice,14,2,1
GA,Snow/Ice,14,3,1
GA,Snow/Ice,14,4,1
GA,Snow/Ice,15,2,1
GA,Snow/Ice,15,3,3
GA,Snow/Ice,16,2,7
GA,Snow/Ice,16,3,7
GA,Snow/Ice,16,4,1
GA,Snow/Ice,17,2,4
GA,Snow/Ice,17,3,5
GA,Snow/Ice,17,4,1
GA,Snow/Ice,19,3,3
GA,Snow/Ice,20,2,1
GA,Snow/Ice,20,3,2
GA,Snow/Ice,21,2,6
GA,Snow/Ice,21,3,3
GA,Snow/Ice,22,2,9
GA,Snow/Ice,22,3,3
GA,Snow/Ice,22,4,1
GA,Snow/Ice,23,2,2
GA,Thunderstorm,0,2,35
GA,Thunderstorm,0,3,2
GA,Thunderstorm,0,4,3
GA,Thunderstorm,1,2,16
GA,Thunderstorm,1,3,7
GA,Thunderstorm,1,4,3
GA,Thunderstorm,2,2,2
GA,Thunderstorm,2,3,2
GA,Thunderstorm,2,4,2
GA,Thunderstorm,3,2,6
GA,Thunderstorm,3,3,1
GA,Thunderstorm,3,4,2
GA,Thunderstorm,4,2,23
GA,Thunderstorm,4,3,8
GA,Thunderstorm,4,4,3
GA,Thunderstorm,5,2,77
GA,Thunderstorm,5,3,15
GA,Thunderstorm,5,4,8
GA,Thunderstorm,6,2,86
GA,Thunderstorm,6,3,26
GA,Thunderstorm,6,4,5
GA,Thunderstorm,7,2,86
GA,Thunderstorm,7,3,35
GA,Thunderstorm,7,4,2
GA,Thunderstorm,8,1,3
GA,Thunderstorm,8,2,63
GA,Thunderstorm,8,3,31
GA,Thunderstorm,8,4,3
GA,Thunderstorm,9,2,68
GA,Thunderstorm,9,3,32
GA,Thunderstorm,9,4,6
GA,Thunderstorm,10,1,1
GA,Thunderstorm,10,2,18
GA,Thunderstorm,10,3,18
GA,Thunderstorm,10,4,6
GA,Thunderstorm,11,2,56
GA,Thunderstorm,11,3,22
GA,Thunderstorm,11,4,9
GA,Thunderstorm,12,2,50
GA,Thunderstorm,12,3,28
GA,Thunderstorm,12,4,5
GA,Thunderstorm,13,2,63
GA,Thunderstorm,13,3,76
GA,Thunderstorm,13,4,11
GA,Thunderstorm,14,2,86
GA,Thunderstorm,14,3,85
GA,Thunderstorm,14,4,12
GA,Thunderstorm,15,2,129
GA,Thunderstorm,15,3,120
GA,Thunderstorm,15,4,17
GA,Thunderstorm,16,1,4
GA,Thunderstorm,16,2,152
GA,Thunderstorm,16,3,127
GA,Thunderstorm,16,4,23
GA,Thunderstorm,17,1,4
GA,Thunderstorm,17,2,169
GA,Thunderstorm,17,3,154
GA,Thunderstorm,17,4,14
GA,Thunderstorm,18,1,7
GA,Thunderstorm,18,2,137
GA,Thunderstorm,18,3,108
GA,Thunderstorm,18,4,12
GA,Thunderstorm,19,1,2
GA,Thunderstorm,19,2,80
GA,Thunderstorm,19,3,71
GA,Thunderstorm,19,4,9
GA,Thunderstorm,20,1,3
GA,Thunderstorm,20,2,62
GA,Thunderstorm,20,3,62
GA,Thunderstorm,20,4,8
GA,Thunderstorm,21,2,65
GA,Thunderstorm,21,3,37
GA,Thunderstorm,21,4,21
GA,Thunderstorm,22,2,48
GA,Thunderstorm,22,3,34
GA,Thunderstorm,22,4,7
GA,Thunderstorm,23,2,26
GA,Thunderstorm,23,3,4
GA,Thunderstorm,23,4,7
IA,Clear/Fair,0,2,171
IA,Clear/Fair,0,4,25
IA,Clear/Fair,1,2,115
IA,Clear/Fair,1,3,2
IA,Clear/Fair,1,4,41
IA,Clear/Fair,2,2,92
IA,Clear/Fair,2,3,2
IA,Clear/Fair,2,4,18
IA,Clear/Fair,3,2,77
IA,Clear/Fair,3,3,15
IA,Clear/Fair,3,4,24
IA,Clear/Fair,4,2,133
IA,Clear/Fair,4,3,36
IA,Clear/Fair,4,4,34
IA,Clear/Fair,5,1,1
IA,Clear/Fair,5,2,180
IA,Clear/Fair,5,3,59
IA,Clear/Fair,5,4,30
IA,Clear/Fair,6,1,4
IA,Clear/Fair,6,2,326
IA,Clear/Fair,6,3,94
IA,Clear/Fair,6,4,23
IA,Clear/Fair,7,1,6
IA,Clear/Fair,7,2,541
IA,Clear/Fair,7,3,205
IA,Clear/Fair,7,4,35
IA,Clear/Fair,8,1,2
IA,Clear/Fair,8,2,346
IA,Clear/Fair,8,3,174
IA,Clear/Fair,8,4,39
IA,Clear/Fair,9,1,2
IA,Clear/Fair,9,2,261
IA,Clear/Fair,9,3,140
IA,Clear/Fair,9,4,37
IA,Clear/Fair,10,2,296
IA,Clear/Fair,10,3,102
IA,Clear/Fair,10,4,45
IA,Clear/Fair,11,2,280
IA,Clear/Fair,11,3,129
IA,Clear/Fair,11,4,38
IA,Clear/Fair,12,2,284
IA,Clear/Fair,12,3,125
IA,Clear/Fair,12,4,46
IA,Clear/Fair,13,2,326
IA,Clear/Fair,13,3,143
IA,Clear/Fair,13,4,32
IA,Clear/Fair,14,2,334
IA,Clear/Fair,14,3,96
IA,Clear/Fair,14,4,37
IA,Clear/Fair,15,1,1
IA,Clear/Fair,15,2,488
IA,Clear/Fair,15,3,195
IA,Clear/Fair,15,4,51
IA,Clear/Fair,16,1,1
IA,Clear/Fair,16,2,506
IA,Clear/Fair,16,3,288
IA,Clear/Fair,16,4,47
IA,Clear/Fair,17,1,3
IA,Clear/Fair,17,2,574
IA,Clear/Fair,17,3,336
IA,Clear/Fair,17,4,56
IA,Clear/Fair,18,1,3
IA,Clear/Fair,18,2,367
IA,Clear/Fair,18,3,184
IA,Clear/Fair,18,4,36
IA,Clear/Fair,19,1,1
IA,Clear/Fair,19,2,219
IA,Clear/Fair,19,3,130
IA,Clear/Fair,19,4,40
IA,Clear/Fair,20,2,193
IA,Clear/Fair,20,3,66
IA,Clear/Fair,20,4,34
IA,Clear/Fair,21,2,164
IA,Clear/Fair,21,3,51
IA,Clear/Fair,21,4,23
IA,Clear/Fair,22,2,175
IA,Clear/Fair,22,3,28
IA,Clear/Fair,22,4,46
IA,Clear/Fair,23,2,147
IA,Clear/Fair,23,3,3
IA,Clear/Fair,23,4,30
IA,Cloudy,0,2,75
IA,Cloudy,0,3,7
IA,Cloudy,0,4,23
IA,Cloudy,1,1,1
IA,Cloudy,1,2,86
IA,Cloudy,1,3,3
IA,Cloudy,1,4,19
IA,Cloudy,2,1,1
IA,Cloudy,2,2,75
IA,Cloudy,2,3,10
IA,Cloudy,2,4,28
IA,Cloudy,3,2,77
IA,Cloudy,3,3,16
IA,Cloudy,3,4,18
IA,Cloudy,4,1,1
IA,Cloudy,4,2,146
IA,Cloudy,4,3,31
IA,Cloudy,4,4,12
IA,Cloudy,5,1,5
IA,Cloudy,5,2,174
IA,Cloudy,5,3,41
IA,Cloudy,5,4,18
IA,Cloudy,6,1,3
IA,Cloudy,6,2,414
IA,Cloudy,6,3,139
IA,Cloudy,6,4,47
IA,Cloudy,7,1,4
IA,Cloudy,7,2,611
IA,Cloudy,7,3,224
IA,Cloudy,7,4,48
IA,Cloudy,8,1,1
IA,Cloudy,8,2,349
IA,Cloudy,8,3,248
IA,Cloudy,8,4,35
IA,Cloudy,9,2,220
IA,Cloudy,9,3,186
IA,Cloudy,9,4,41
IA,Cloudy,10,2,241
IA,Cloudy,10,3,122
IA,Cloudy,10,4,45
IA,Cloudy,11,2,229
IA,Cloudy,11,3,120
IA,Cloudy,11,4,44
IA,Cloudy,12,1,1
IA,Cloudy,12,2,260
IA,Cloudy,12,3,163
IA,Cloudy,12,4,42
IA,Cloudy,13,1,1
IA,Cloudy,13,2,262
IA,Cloudy,13,3,163
IA,Cloudy,13,4,25
IA,Cloudy,14,1,1
IA,Cloudy,14,2,296
IA,Cloudy,14,3,104
IA,Cloudy,14,4,33
IA,Cloudy,15,1,2
IA,Cloudy,15,2,395
IA,Cloudy,15,3,211
IA,Cloudy,15,4,29
IA,Cloudy,16,1,2
IA,Cloudy,16,2,608
IA,Cloudy,16,3,351
IA,Cloudy,16,4,44
IA,Cloudy,17,1,2
IA,Cloudy,17,2,710
IA,Cloudy,17,3,414
IA,Cloudy,17,4,27
IA,Cloudy,18,1,2
IA,Cloudy,18,2,448
IA,Cloudy,18,3,251
IA,Cloudy,18,4,22
IA,Cloudy,19,1,1
IA,Cloudy,19,2,192
IA,Cloudy,19,3,95
IA,Cloudy,19,4,20
IA,Cloudy,20,2,138
IA,Cloudy,20,3,70
IA,Cloudy,20,4,16
IA,Cloudy,21,2,118
IA,Cloudy,21,3,34
IA,Cloudy,21,4,25
IA,Cloudy,22,2,83
IA,Cloudy,22,3,32
IA,Cloudy,22,4,34
IA,Cloudy,23,2,107
IA,Cloudy,23,3,5
IA,Cloudy,23,4,19
IA,Fog/Low visibility,0,2,6
IA,Fog/Low visibility,0,4,1
IA,Fog/Low visibility,1,2,15
IA,Fog/Low visibility,2,2,24
IA,Fog/Low visibility,2,3,1
IA,Fog/Low visibility,2,4,1
IA,Fog/Low visibility,3,2,23
IA,Fog/Low visibility,3,3,1
IA,Fog/Low visibility,3,4,2
IA,Fog/Low visibility,4,2,18
IA,Fog/Low visibility,4,3,10
IA,Fog/Low visibility,4,4,5
IA,Fog/Low visibility,5,2,17
IA,Fog/Low visibility,5,3,5
IA,Fog/Low visibility,5,4,3
IA,Fog/Low visibility,6,2,52
IA,Fog/Low visibility,6,3,14
IA,Fog/Low visibility,6,4,6
IA,Fog/Low visibility,7,1,1
IA,Fog/Low visibility,7,2,50
IA,Fog/Low visibility,7,3,20
IA,Fog/Low visibility,7,4,8
IA,Fog/Low visibility,8,2,55
IA,Fog/Low visibility,8,3,19
IA,Fog/Low visibility,8,4,6
IA,Fog/Low visibility,9,2,33
IA,Fog/Low visibility,9,3,9
IA,Fog/Low visibility,9,4,1
IA,Fog/Low visibility,10,2,44
IA,Fog/Low visibility,10,3,3
IA,Fog/Low visibility,10,4,5
IA,Fog/Low visibility,11,2,24
IA,Fog/Low visibility,11,3,6
IA,Fog/Low visibility,11,4,2
IA,Fog/Low visibility,12,2,38
IA,Fog/Low visibility,12,3,9
IA,Fog/Low visibility,13,2,37
IA,Fog/Low visibility,13,3,8
IA,Fog/Low visibility,13,4,2
IA,Fog/Low visibility,14,2,26
IA,Fog/Low visibility,14,3,6
IA,Fog/Low visibility,14,4,4
IA,Fog/Low visibility,15,2,34
IA,Fog/Low visibility,15,3,8
IA,Fog/Low visibility,15,4,3
IA,Fog/Low visibility,16,2,53
IA,Fog/Low visibility,16,3,11
IA,Fog/Low visibility,16,4,3
IA,Fog/Low visibility,17,2,20
IA,Fog/Low visibility,17,3,13
IA,Fog/Low visibility,17,4,1
IA,Fog/Low visibility,18,2,23
IA,Fog/Low visibility,18,3,8
IA,Fog/Low visibility,18,4,3
IA,Fog/Low visibility,19,2,21
IA,Fog/Low visibility,19,3,5
IA,Fog/Low visibility,19,4,2
IA,Fog/Low visibility,20,2,13
IA,Fog/Low visibility,20,3,4
IA,Fog/Low visibility,20,4,2
IA,Fog/Low visibility,21,2,32
IA,Fog/Low visibility,21,3,1
IA,Fog/Low visibility,21,4,2
IA,Fog/Low visibility,22,2,28
IA,Fog/Low visibility,22,3,1
IA,Fog/Low visibility,22,4,5
IA,Fog/Low visibility,23,2,13
IA,Fog/Low visibility,23,3,1
IA,Fog/Low visibility,23,4,4
IA,Precipitation (type unknown),0,2,6
IA,Precipitation (type unknown),0,4,2
IA,Precipitation (type unknown),1,2,1
IA,Precipitation (type unknown),1,4,1
IA,Precipitation (type unknown),2,2,1
IA,Precipitation (type unknown),3,2,2
IA,Precipitation (type unknown),3,4,1
IA,Precipitation (type unknown),4,2,8
IA,Precipitation (type unknown),4,3,1
IA,Precipitation (type unknown),5,2,6
IA,Precipitation (type unknown),5,3,1
IA,Precipitation (type unknown),6,2,8
IA,Precipitation (type unknown),7,2,7
IA,Precipitation (type unknown),7,3,1
IA,Precipitation (type unknown),8,2,8
IA,Precipitation (type unknown),9,2,2
IA,Precipitation (type unknown),9,4,1
IA,Precipitation (type unknown),10,2,6
IA,Precipitation (type unknown),10,4,1
IA,Precipitation (type unknown),11,2,6
IA,Precipitation (type unknown),11,3,1
IA,Precipitation (type unknown),11,4,2
IA,Precipitation (type unknown),12,2,5
IA,Precipitation (type unknown),12,3,1
IA,Precipitation (type unknown),13,2,9
IA,Precipitation (type unknown),13,4,2
IA,Precipitation (type unknown),14,2,3
IA,Precipitation (type unknown),14,3,1
IA,Precipitation (type unknown),15,2,4
IA,Precipitation (type unknown),16,2,17
IA,Precipitation (type unknown),16,3,1
IA,Precipitation (type unknown),16,4,2
IA,Precipitation (type unknown),17,2,2
IA,Precipitation (type unknown),17,3,4
IA,Precipitation (type unknown),17,4,1
IA,Precipitation (type unknown),18,2,13
IA,Precipitation (type unknown),18,3,1
IA,Precipitation (type unknown),18,4,1
IA,Precipitation (type unknown),19,2,2
IA,Precipitation (type unknown),19,3,1
IA,Precipitation (type unknown),20,2,9
IA,Precipitation (type unknown),20,4,1
IA,Precipitation (type unknown),21,2,3
IA,Precipitation (type unknown),21,4,3
IA,Precipitation (type unknown),22,2,5
IA,Precipitation (type unknown),22,4,1
IA,Precipitation (type unknown),23,2,20
IA,Precipitation (type unknown),23,4,4
IA,Rain,0,2,6
IA,Rain,0,3,1
IA,Rain,0,4,1
IA,Rain,1,2,5
IA,Rain,1,4,2
IA,Rain,2,2,10
IA,Rain,2,4,3
IA,Rain,3,2,14
IA,Rain,3,4,1
IA,Rain,4,2,13
IA,Rain,4,3,6
IA,Rain,4,4,4
IA,Rain,5,2,17
IA,Rain,5,3,11
IA,Rain,5,4,4
IA,Rain,6,1,1
IA,Rain,6,2,62
IA,Rain,6,3,40
IA,Rain,6,4,2
IA,Rain,7,2,94
IA,Rain,7,3,32
IA,Rain,7,4,3
IA,Rain,8,2,36
IA,Rain,8,3,31
IA,Rain,8,4,7
IA,Rain,9,2,32
IA,Rain,9,3,18
IA,Rain,9,4,2
IA,Rain,10,2,25
IA,Rain,10,3,15
IA,Rain,10,4,1
IA,Rain,11,2,34
IA,Rain,11,3,21
IA,Rain,11,4,4
IA,Rain,12,2,35
IA,Rain,12,3,25
IA,Rain,12,4,3
IA,Rain,13,2,33
IA,Rain,13,3,19
IA,Rain,13,4,7
IA,Rain,14,2,39
IA,Rain,14,3,16
IA,Rain,14,4,2
IA,Rain,15,2,52
IA,Rain,15,3,28
IA,Rain,15,4,5
IA,Rain,16,1,1
IA,Rain,16,2,47
IA,Rain,16,3,48
IA,Rain,16,4,3
IA,Rain,17,2,71
IA,Rain,17,3,43
IA,Rain,18,1,2
IA,Rain,18,2,42
IA,Rain,18,3,22
IA,Rain,18,4,5
IA,Rain,19,2,21
IA,Rain,19,3,5
IA,Rain,19,4,3
IA,Rain,20,2,18
IA,Rain,20,3,5
IA,Rain,21,2,12
IA,Rain,21,3,10
IA,Rain,21,4,1
IA,Rain,22,2,11
IA,Rain,22,3,1
IA,Rain,23,2,8
IA,Rain,23,3,3
IA,Rain,23,4,6
IA,Snow/Ice,0,2,60
IA,Snow/Ice,0,4,8
IA,Snow/Ice,1,2,28
IA,Snow/Ice,1,4,3
IA,Snow/Ice,2,2,12
IA,Snow/Ice,2,3,2
IA,Snow/Ice,2,4,4
IA,Snow/Ice,3,2,28
IA,Snow/Ice,3,3,4
IA,Snow/Ice,3,4,3
IA,Snow/Ice,4,2,29
IA,Snow/Ice,4,3,8
IA,Snow/Ice,4,4,8
IA,Snow/Ice,5,2,60
IA,Snow/Ice,5,3,15
IA,Snow/Ice,5,4,5
IA,Snow/Ice,6,2,127
IA,Snow/Ice,6,3,42
IA,Snow/Ice,6,4,17
IA,Snow/Ice,7,2,148
IA,Snow/Ice,7,3,37
IA,Snow/Ice,7,4,4
IA,Snow/Ice,8,2,83
IA,Snow/Ice,8,3,29
IA,Snow/Ice,8,4,13
IA,Snow/Ice,9,2,67
IA,Snow/Ice,9,3,31
IA,Snow/Ice,9,4,12
IA,Snow/Ice,10,2,88
IA,Snow/Ice,10,3,40
IA,Snow/Ice,10,4,16
IA,Snow/Ice,11,2,58
IA,Snow/Ice,11,3,29
IA,Snow/Ice,11,4,16
IA,Snow/Ice,12,2,71
IA,Snow/Ice,12,3,21
IA,Snow/Ice,12,4,22
IA,Snow/Ice,13,2,70
IA,Snow/Ice,13,3,25
IA,Snow/Ice,13,4,10
IA,Snow/Ice,14,2,57
IA,Snow/Ice,14,3,14
IA,Snow/Ice,14,4,6
IA,Snow/Ice,15,2,112
IA,Snow/Ice,15,3,27
IA,Snow/Ice,15,4,28
IA,Snow/Ice,16,2,126
IA,Snow/Ice,16,3,41
IA,Snow/Ice,16,4,4
IA,Snow/Ice,17,2,135
IA,Snow/Ice,17,3,48
IA,Snow/Ice,17,4,6
IA,Snow/Ice,18,2,110
IA,Snow/Ice,18,3,30
IA,Snow/Ice,18,4,6
IA,Snow/Ice,19,2,80
IA,Snow/Ice,19,3,15
IA,Snow/Ice,19,4,7
IA,Snow/Ice,20,2,54
IA,Snow/Ice,20,3,11
IA,Snow/Ice,20,4,5
IA,Snow/Ice,21,2,65
IA,Snow/Ice,21,3,6
IA,Snow/Ice,21,4,10
IA,Snow/Ice,22,2,63
IA,Snow/Ice,22,3,6
IA,Snow/Ice,22,4,15
IA,Snow/Ice,23,2,46
IA,Snow/Ice,23,3,2
IA,Snow/Ice,23,4,6
IA,Thunderstorm,0,3,2
IA,Thunderstorm,3,3,2
IA,Thunderstorm,4,2,1
IA,Thunderstorm,4,3,4
IA,Thunderstorm,4,4,1
IA,Thunderstorm,5,2,6
IA,Thunderstorm,5,3,4
IA,Thunderstorm,6,2,19
IA,Thunderstorm,6,3,9
IA,Thunderstorm,7,2,16
IA,Thunderstorm,7,3,6
IA,Thunderstorm,8,2,6
IA,Thunderstorm,8,3,3
IA,Thunderstorm,9,2,7
IA,Thunderstorm,10,2,5
IA,Thunderstorm,10,3,3
IA,Thunderstorm,10,4,1
IA,Thunderstorm,11,2,4
IA,Thunderstorm,12,2,2
IA,Thunderstorm,13,2,7
IA,Thunderstorm,13,3,3
IA,Thunderstorm,14,2,8
IA,Thunderstorm,14,3,4
IA,Thunderstorm,15,2,11
IA,Thunderstorm,15,3,4
IA,Thunderstorm,16,2,16
IA,Thunderstorm,16,3,9
IA,Thunderstorm,17,2,8
IA,Thunderstorm,17,3,8
IA,Thunderstorm,18,2,4
IA,Thunderstorm,18,3,5
IA,Thunderstorm,18,4,4
IA,Thunderstorm,19,2,6
IA,Thunderstorm,19,3,1
IA,Thunderstorm,19,4,2
IA,Thunderstorm,20,2,9
IA,Thunderstorm,20,3,2
IA,Thunderstorm,20,4,1
IA,Thunderstorm,21,3,2
IA,Thunderstorm,21,4,1
ID,Clear/Fair,0,2,94
ID,Clear/Fair,0,3,2
ID,Clear/Fair,0,4,10
ID,Clear/Fair,1,2,75
ID,Clear/Fair,1,3,2
ID,Clear/Fair,1,4,6
ID,Clear/Fair,2,2,71
ID,Clear/Fair,2,3,6
ID,Clear/Fair,2,4,8
ID,Clear/Fair,3,2,40
ID,Clear/Fair,3,3,1
ID,Clear/Fair,3,4,5
ID,Clear/Fair,4,2,37
ID,Clear/Fair,4,3,1
ID,Clear/Fair,4,4,3
ID,Clear/Fair,5,2,95
ID,Clear/Fair,5,3,4
ID,Clear/Fair,5,4,6
ID,Clear/Fair,6,2,173
ID,Clear/Fair,6,3,2
ID,Clear/Fair,6,4,6
ID,Clear/Fair,7,2,273
ID,Clear/Fair,7,3,8
ID,Clear/Fair,7,4,8
ID,Clear/Fair,8,2,229
ID,Clear/Fair,8,3,12
ID,Clear/Fair,8,4,9
ID,Clear/Fair,9,2,172
ID,Clear/Fair,9,3,5
ID,Clear/Fair,9,4,16
ID,Clear/Fair,10,2,198
ID,Clear/Fair,10,3,2
ID,Clear/Fair,10,4,6
ID,Clear/Fair,11,2,234
ID,Clear/Fair,11,3,9
ID,Clear/Fair,11,4,8
ID,Clear/Fair,12,2,293
ID,Clear/Fair,12,3,11
ID,Clear/Fair,12,4,10
ID,Clear/Fair,13,2,367
ID,Clear/Fair,13,3,6
ID,Clear/Fair,13,4,18
ID,Clear/Fair,14,2,369
ID,Clear/Fair,14,3,6
ID,Clear/Fair,14,4,16
ID,Clear/Fair,15,2,578
ID,Clear/Fair,15,3,6
ID,Clear/Fair,15,4,26
ID,Clear/Fair,16,2,555
ID,Clear/Fair,16,3,6
ID,Clear/Fair,16,4,11
ID,Clear/Fair,17,2,522
ID,Clear/Fair,17,3,8
ID,Clear/Fair,17,4,12
ID,Clear/Fair,18,2,212
ID,Clear/Fair,18,3,1
ID,Clear/Fair,18,4,5
ID,Clear/Fair,19,2,122
ID,Clear/Fair,19,3,1
ID,Clear/Fair,19,4,15
ID,Clear/Fair,20,2,121
ID,Clear/Fair,20,3,1
ID,Clear/Fair,20,4,2
ID,Clear/Fair,21,2,113
ID,Clear/Fair,21,3,4
ID,Clear/Fair,21,4,25
ID,Clear/Fair,22,2,90
ID,Clear/Fair,22,3,4
ID,Clear/Fair,22,4,12
ID,Clear/Fair,23,2,123
ID,Clear/Fair,23,3,4
ID,Clear/Fair,23,4,16
ID,Cloudy,0,2,72
ID,Cloudy,0,3,6
ID,Cloudy,0,4,10
ID,Cloudy,1,2,67
ID,Cloudy,1,3,1
ID,Cloudy,1,4,6
ID,Cloudy,2,2,37
ID,Cloudy,2,3,2
ID,Cloudy,2,4,15
ID,Cloudy,3,2,34
ID,Cloudy,3,3,3
ID,Cloudy,3,4,7
ID,Cloudy,4,2,33
ID,Cloudy,4,4,1
ID,Cloudy,5,2,61
ID,Cloudy,5,3,6
ID,Cloudy,5,4,5
ID,Cloudy,6,2,97
ID,Cloudy,6,3,2
ID,Cloudy,6,4,1
ID,Cloudy,7,1,1
ID,Cloudy,7,2,191
ID,Cloudy,7,3,5
ID,Cloudy,7,4,8
ID,Cloudy,8,2,176
ID,Cloudy,8,3,1
ID,Cloudy,9,2,85
ID,Cloudy,9,3,5
ID,Cloudy,9,4,9
ID,Cloudy,10,2,63
ID,Cloudy,10,3,3
ID,Cloudy,10,4,4
ID,Cloudy,11,2,67
ID,Cloudy,11,3,4
ID,Cloudy,11,4,13
ID,Cloudy,12,2,163
ID,Cloudy,12,3,8
ID,Cloudy,12,4,8
ID,Cloudy,13,2,146
ID,Cloudy,13,3,2
ID,Cloudy,13,4,13
ID,Cloudy,14,2,172
ID,Cloudy,14,3,6
ID,Cloudy,14,4,9
ID,Cloudy,15,2,216
ID,Cloudy,15,3,2
ID,Cloudy,15,4,8
ID,Cloudy,16,2,326
ID,Cloudy,16,4,13
ID,Cloudy,17,2,275
ID,Cloudy,17,3,4
ID,Cloudy,17,4,16
ID,Cloudy,18,2,114
ID,Cloudy,18,3,3
ID,Cloudy,18,4,7
ID,Cloudy,19,2,90
ID,Cloudy,19,3,3
ID,Cloudy,19,4,6
ID,Cloudy,20,2,76
ID,Cloudy,20,4,4
ID,Cloudy,21,2,56
ID,Cloudy,21,3,3
ID,Cloudy,21,4,10
ID,Cloudy,22,2,55
ID,Cloudy,22,3,1
ID,Cloudy,22,4,10
ID,Cloudy,23,2,71
ID,Cloudy,23,4,3
ID,Fog/Low visibility,0,2,10
ID,Fog/Low visibility,1,2,2
ID,Fog/Low visibility,2,2,2
ID,Fog/Low visibility,3,2,1
ID,Fog/Low visibility,4,2,2
ID,Fog/Low visibility,5,2,10
ID,Fog/Low visibility,5,4,1
ID,Fog/Low visibility,6,2,9
ID,Fog/Low visibility,7,2,29
ID,Fog/Low visibility,7,3,1
ID,Fog/Low visibility,8,2,32
ID,Fog/Low visibility,8,3,1
ID,Fog/Low visibility,9,2,30
ID,Fog/Low visibility,9,3,1
ID,Fog/Low visibility,9,4,1
ID,Fog/Low visibility,10,2,41
ID,Fog/Low visibility,11,2,30
ID,Fog/Low visibility,11,3,3
ID,Fog/Low visibility,11,4,1
ID,Fog/Low visibility,12,2,27
ID,Fog/Low visibility,12,3,1
ID,Fog/Low visibility,12,4,2
ID,Fog/Low visibility,13,2,34
ID,Fog/Low visibility,13,4,1
ID,Fog/Low visibility,14,2,17
ID,Fog/Low visibility,15,2,36
ID,Fog/Low visibility,15,4,3
ID,Fog/Low visibility,16,2,24
ID,Fog/Low visibility,17,2,17
ID,Fog/Low visibility,18,2,13
ID,Fog/Low visibility,19,2,7
ID,Fog/Low visibility,19,4,2
ID,Fog/Low visibility,20,2,3
ID,Fog/Low visibility,21,2,6
ID,Fog/Low visibility,22,2,11
ID,Fog/Low visibility,23,2,5
ID,Fog/Low visibility,23,4,1
ID,Precipitation (type unknown),7,2,1
ID,Precipitation (type unknown),9,2,6
ID,Precipitation (type unknown),12,2,1
ID,Precipitation (type unknown),20,2,1
ID,Rain,0,2,10
ID,Rain,0,3,2
ID,Rain,1,2,2
ID,Rain,2,2,2
ID,Rain,2,4,1
ID,Rain,3,2,4
ID,Rain,3,3,1
ID,Rain,3,4,2
ID,Rain,4,2,3
ID,Rain,6,2,5
ID,Rain,6,3,1
ID,Rain,7,2,7
ID,Rain,7,3,1
ID,Rain,8,2,8
ID,Rain,8,3,1
ID,Rain,8,4,3
ID,Rain,9,2,8
ID,Rain,10,2,7
ID,Rain,10,4,3
ID,Rain,11,2,6
ID,Rain,11,3,1
ID,Rain,12,2,7
ID,Rain,12,4,2
ID,Rain,13,2,11
ID,Rain,14,2,20
ID,Rain,14,4,1
ID,Rain,15,2,23
ID,Rain,15,3,1
ID,Rain,16,2,30
ID,Rain,16,3,1
ID,Rain,16,4,1
ID,Rain,17,2,22
ID,Rain,17,3,1
ID,Rain,17,4,3
ID,Rain,18,2,11
ID,Rain,19,2,5
ID,Rain,19,3,1
ID,Rain,20,2,9
ID,Rain,20,3,1
ID,Rain,21,2,6
ID,Rain,21,3,1
ID,Rain,22,2,12
ID,Rain,23,2,4
ID,Severe wind,16,2,2
ID,Severe wind,16,4,2
ID,Snow/Ice,0,2,7
ID,Snow/Ice,1,2,2
ID,Snow/Ice,2,2,7
ID,Snow/Ice,3,2,5
ID,Snow/Ice,4,2,11
ID,Snow/Ice,4,4,1
ID,Snow/Ice,5,2,18
ID,Snow/Ice,6,2,25
ID,Snow/Ice,6,3,1
ID,Snow/Ice,6,4,2
ID,Snow/Ice,7,2,34
ID,Snow/Ice,7,4,3
ID,Snow/Ice,8,2,45
ID,Snow/Ice,8,3,4
ID,Snow/Ice,8,4,2
ID,Snow/Ice,9,2,39
ID,Snow/Ice,9,3,4
ID,Snow/Ice,9,4,3
ID,Snow/Ice,10,2,23
ID,Snow/Ice,10,3,3
ID,Snow/Ice,10,4,6
ID,Snow/Ice,11,2,30
ID,Snow/Ice,11,3,2
ID,Snow/Ice,11,4,2
ID,Snow/Ice,12,2,27
ID,Snow/Ice,13,2,25
ID,Snow/Ice,13,3,1
ID,Snow/Ice,13,4,6
ID,Snow/Ice,14,2,30
ID,Snow/Ice,14,3,1
ID,Snow/Ice,15,2,32
ID,Snow/Ice,15,4,3
ID,Snow/Ice,16,2,24
ID,Snow/Ice,17,2,47
ID,Snow/Ice,17,4,2
ID,Snow/Ice,18,2,58
ID,Snow/Ice,18,4,6
ID,Snow/Ice,19,2,20
ID,Snow/Ice,20,2,10
ID,Snow/Ice,20,4,2
ID,Snow/Ice,21,2,36
ID,Snow/Ice,22,2,7
ID,Snow/Ice,22,4,2
ID,Snow/Ice,23,2,13
ID,Snow/Ice,23,4,3
ID,Thunderstorm,10,2,1
ID,Thunderstorm,12,2,1
ID,Thunderstorm,14,2,1
ID,Thunderstorm,15,2,1
ID,Thunderstorm,16,2,4
ID,Thunderstorm,18,2,3
ID,Thunderstorm,18,4,2
ID,Thunderstorm,19,2,1
IL,Clear/Fair,0,2,216
IL,Clear/Fair,0,3,243
IL,Clear/Fair,0,4,47
IL,Clear/Fair,1,1,1
IL,Clear/Fair,1,2,211
IL,Clear/Fair,1,3,251
IL,Clear/Fair,1,4,44
IL,Clear/Fair,2,2,153
IL,Clear/Fair,2,3,239
IL,Clear/Fair,2,4,32
IL,Clear/Fair,3,1,2
IL,Clear/Fair,3,2,349
IL,Clear/Fair,3,3,342
IL,Clear/Fair,3,4,49
IL,Clear/Fair,4,1,38
IL,Clear/Fair,4,2,685
IL,Clear/Fair,4,3,618
IL,Clear/Fair,4,4,44
IL,Clear/Fair,5,1,41
IL,Clear/Fair,5,2,1061
IL,Clear/Fair,5,3,665
IL,Clear/Fair,5,4,73
IL,Clear/Fair,6,1,105
IL,Clear/Fair,6,2,2662
IL,Clear/Fair,6,3,1146
IL,Clear/Fair,6,4,102
IL,Clear/Fair,7,1,213
IL,Clear/Fair,7,2,4648
IL,Clear/Fair,7,3,1324
IL,Clear/Fair,7,4,75
IL,Clear/Fair,8,1,242
IL,Clear/Fair,8,2,4682
IL,Clear/Fair,8,3,1398
IL,Clear/Fair,8,4,89
IL,Clear/Fair,9,1,2
IL,Clear/Fair,9,2,1943
IL,Clear/Fair,9,3,627
IL,Clear/Fair,9,4,93
IL,Clear/Fair,10,1,17
IL,Clear/Fair,10,2,1753
IL,Clear/Fair,10,3,702
IL,Clear/Fair,10,4,86
IL,Clear/Fair,11,1,3
IL,Clear/Fair,11,2,1645
IL,Clear/Fair,11,3,678
IL,Clear/Fair,11,4,70
IL,Clear/Fair,12,1,4
IL,Clear/Fair,12,2,1479
IL,Clear/Fair,12,3,406
IL,Clear/Fair,12,4,59
IL,Clear/Fair,13,1,7
IL,Clear/Fair,13,2,1436
IL,Clear/Fair,13,3,542
IL,Clear/Fair,13,4,79
IL,Clear/Fair,14,1,7
IL,Clear/Fair,14,2,1546
IL,Clear/Fair,14,3,449
IL,Clear/Fair,14,4,79
IL,Clear/Fair,15,1,6
IL,Clear/Fair,15,2,2400
IL,Clear/Fair,15,3,1199
IL,Clear/Fair,15,4,90
IL,Clear/Fair,16,1,14
IL,Clear/Fair,16,2,2846
IL,Clear/Fair,16,3,1501
IL,Clear/Fair,16,4,94
IL,Clear/Fair,17,1,23
IL,Clear/Fair,17,2,2518
IL,Clear/Fair,17,3,1535
IL,Clear/Fair,17,4,85
IL,Clear/Fair,18,1,17
IL,Clear/Fair,18,2,2090
IL,Clear/Fair,18,3,1430
IL,Clear/Fair,18,4,66
IL,Clear/Fair,19,1,13
IL,Clear/Fair,19,2,922
IL,Clear/Fair,19,3,733
IL,Clear/Fair,19,4,39
IL,Clear/Fair,20,1,12
IL,Clear/Fair,20,2,608
IL,Clear/Fair,20,3,524
IL,Clear/Fair,20,4,51
IL,Clear/Fair,21,1,9
IL,Clear/Fair,21,2,428
IL,Clear/Fair,21,3,529
IL,Clear/Fair,21,4,42
IL,Clear/Fair,22,1,1
IL,Clear/Fair,22,2,344
IL,Clear/Fair,22,3,519
IL,Clear/Fair,22,4,40
IL,Clear/Fair,23,2,271
IL,Clear/Fair,23,3,364
IL,Clear/Fair,23,4,62
IL,Cloudy,0,2,189
IL,Cloudy,0,3,354
IL,Cloudy,0,4,52
IL,Cloudy,1,2,223
IL,Cloudy,1,3,381
IL,Cloudy,1,4,71
IL,Cloudy,2,2,169
IL,Cloudy,2,3,378
IL,Cloudy,2,4,53
IL,Cloudy,3,1,3
IL,Cloudy,3,2,409
IL,Cloudy,3,3,522
IL,Cloudy,3,4,46
IL,Cloudy,4,1,46
IL,Cloudy,4,2,866
IL,Cloudy,4,3,778
IL,Cloudy,4,4,83
IL,Cloudy,5,1,34
IL,Cloudy,5,2,1494
IL,Cloudy,5,3,1046
IL,Cloudy,5,4,83
IL,Cloudy,6,1,83
IL,Cloudy,6,2,3751
IL,Cloudy,6,3,1595
IL,Cloudy,6,4,154
IL,Cloudy,7,1,174
IL,Cloudy,7,2,5672
IL,Cloudy,7,3,1839
IL,Cloudy,7,4,137
IL,Cloudy,8,1,174
IL,Cloudy,8,2,6341
IL,Cloudy,8,3,1969
IL,Cloudy,8,4,131
IL,Cloudy,9,1,4
IL,Cloudy,9,2,2715
IL,Cloudy,9,3,1017
IL,Cloudy,9,4,75
IL,Cloudy,10,1,3
IL,Cloudy,10,2,2545
IL,Cloudy,10,3,1140
IL,Cloudy,10,4,115
IL,Cloudy,11,1,4
IL,Cloudy,11,2,2738
IL,Cloudy,11,3,1242
IL,Cloudy,11,4,107
IL,Cloudy,12,1,3
IL,Cloudy,12,2,2556
IL,Cloudy,12,3,926
IL,Cloudy,12,4,145
IL,Cloudy,13,1,16
IL,Cloudy,13,2,2815
IL,Cloudy,13,3,1104
IL,Cloudy,13,4,96
IL,Cloudy,14,1,12
IL,Cloudy,14,2,3068
IL,Cloudy,14,3,972
IL,Cloudy,14,4,142
IL,Cloudy,15,1,22
IL,Cloudy,15,2,3531
IL,Cloudy,15,3,2578
IL,Cloudy,15,4,78
IL,Cloudy,16,1,19
IL,Cloudy,16,2,3839
IL,Cloudy,16,3,2877
IL,Cloudy,16,4,117
IL,Cloudy,17,1,26
IL,Cloudy,17,2,3189
IL,Cloudy,17,3,2685
IL,Cloudy,17,4,100
IL,Cloudy,18,1,19
IL,Cloudy,18,2,2577
IL,Cloudy,18,3,2298
IL,Cloudy,18,4,95
IL,Cloudy,19,1,12
IL,Cloudy,19,2,1271
IL,Cloudy,19,3,1177
IL,Cloudy,19,4,61
IL,Cloudy,20,1,7
IL,Cloudy,20,2,693
IL,Cloudy,20,3,867
IL,Cloudy,20,4,42
IL,Cloudy,21,1,17
IL,Cloudy,21,2,444
IL,Cloudy,21,3,798
IL,Cloudy,21,4,34
IL,Cloudy,22,2,357
IL,Cloudy,22,3,790
IL,Cloudy,22,4,52
IL,Cloudy,23,1,1
IL,Cloudy,23,2,273
IL,Cloudy,23,3,466
IL,Cloudy,23,4,75
IL,Fog/Low visibility,0,2,21
IL,Fog/Low visibility,0,3,9
IL,Fog/Low visibility,0,4,2
IL,Fog/Low visibility,1,2,2
IL,Fog/Low visibility,1,3,5
IL,Fog/Low visibility,1,4,1
IL,Fog/Low visibility,2,2,5
IL,Fog/Low visibility,2,3,9
IL,Fog/Low visibility,2,4,2
IL,Fog/Low visibility,3,2,17
IL,Fog/Low visibility,3,3,12
IL,Fog/Low visibility,4,2,39
IL,Fog/Low visibility,4,3,38
IL,Fog/Low visibility,4,4,3
IL,Fog/Low visibility,5,2,72
IL,Fog/Low visibility,5,3,56
IL,Fog/Low visibility,5,4,7
IL,Fog/Low visibility,6,1,5
IL,Fog/Low visibility,6,2,195
IL,Fog/Low visibility,6,3,83
IL,Fog/Low visibility,6,4,1
IL,Fog/Low visibility,7,1,8
IL,Fog/Low visibility,7,2,398
IL,Fog/Low visibility,7,3,95
IL,Fog/Low visibility,7,4,5
IL,Fog/Low visibility,8,1,4
IL,Fog/Low visibility,8,2,447
IL,Fog/Low visibility,8,3,68
IL,Fog/Low visibility,8,4,5
IL,Fog/Low visibility,9,2,152
IL,Fog/Low visibility,9,3,41
IL,Fog/Low visibility,9,4,7
IL,Fog/Low visibility,10,1,1
IL,Fog/Low visibility,10,2,110
IL,Fog/Low visibility,10,3,33
IL,Fog/Low visibility,10,4,1
IL,Fog/Low visibility,11,2,114
IL,Fog/Low visibility,11,3,21
IL,Fog/Low visibility,11,4,4
IL,Fog/Low visibility,12,2,76
IL,Fog/Low visibility,12,3,11
IL,Fog/Low visibility,12,4,5
IL,Fog/Low visibility,13,2,73
IL,Fog/Low visibility,13,3,21
IL,Fog/Low visibility,13,4,2
IL,Fog/Low visibility,14,2,85
IL,Fog/Low visibility,14,3,10
IL,Fog/Low visibility,14,4,1
IL,Fog/Low visibility,15,2,104
IL,Fog/Low visibility,15,3,42
IL,Fog/Low visibility,15,4,4
IL,Fog/Low visibility,16,2,145
IL,Fog/Low visibility,16,3,69
IL,Fog/Low visibility,16,4,2
IL,Fog/Low visibility,17,1,1
IL,Fog/Low visibility,17,2,67
IL,Fog/Low visibility,17,3,62
IL,Fog/Low visibility,18,2,64
IL,Fog/Low visibility,18,3,50
IL,Fog/Low visibility,19,2,26
IL,Fog/Low visibility,19,3,21
IL,Fog/Low visibility,19,4,2
IL,Fog/Low visibility,20,2,20
IL,Fog/Low visibility,20,3,10
IL,Fog/Low visibility,20,4,1
IL,Fog/Low visibility,21,2,15
IL,Fog/Low visibility,21,3,15
IL,Fog/Low visibility,21,4,1
IL,Fog/Low visibility,22,2,10
IL,Fog/Low visibility,22,3,11
IL,Fog/Low visibility,23,2,7
IL,Fog/Low visibility,23,3,6
IL,Fog/Low visibility,23,4,4
IL,Precipitation (type unknown),0,2,1
IL,Precipitation (type unknown),4,3,1
IL,Precipitation (type unknown),5,2,1
IL,Precipitation (type unknown),6,3,3
IL,Precipitation (type unknown),7,3,4
IL,Precipitation (type unknown),8,2,3
IL,Precipitation (type unknown),8,3,5
IL,Precipitation (type unknown),10,2,1
IL,Precipitation (type unknown),11,2,2
IL,Precipitation (type unknown),12,3,1
IL,Precipitation (type unknown),13,2,7
IL,Precipitation (type unknown),13,3,2
IL,Precipitation (type unknown),14,2,2
IL,Precipitation (type unknown),14,3,1
IL,Precipitation (type unknown),15,2,1
IL,Precipitation (type unknown),15,3,2
IL,Precipitation (type unknown),16,3,3
IL,Precipitation (type unknown),17,3,1
IL,Precipitation (type unknown),20,2,1
IL,Precipitation (type unknown),20,3,2
IL,Precipitation (type unknown),23,2,2
IL,Precipitation (type unknown),23,4,1
IL,Rain,0,2,33
IL,Rain,0,3,75
IL,Rain,0,4,2
IL,Rain,1,2,24
IL,Rain,1,3,74
IL,Rain,1,4,6
IL,Rain,2,2,33
IL,Rain,2,3,71
IL,Rain,2,4,6
IL,Rain,3,2,72
IL,Rain,3,3,141
IL,Rain,3,4,13
IL,Rain,4,1,1
IL,Rain,4,2,144
IL,Rain,4,3,170
IL,Rain,4,4,8
IL,Rain,5,1,4
IL,Rain,5,2,249
IL,Rain,5,3,215
IL,Rain,5,4,8
IL,Rain,6,1,10
IL,Rain,6,2,480
IL,Rain,6,3,262
IL,Rain,6,4,10
IL,Rain,7,1,16
IL,Rain,7,2,698
IL,Rain,7,3,257
IL,Rain,7,4,14
IL,Rain,8,1,31
IL,Rain,8,2,703
IL,Rain,8,3,236
IL,Rain,8,4,7
IL,Rain,9,2,321
IL,Rain,9,3,174
IL,Rain,9,4,11
IL,Rain,10,2,317
IL,Rain,10,3,136
IL,Rain,10,4,8
IL,Rain,11,1,2
IL,Rain,11,2,262
IL,Rain,11,3,171
IL,Rain,11,4,12
IL,Rain,12,1,1
IL,Rain,12,2,255
IL,Rain,12,3,116
IL,Rain,12,4,12
IL,Rain,13,1,1
IL,Rain,13,2,296
IL,Rain,13,3,153
IL,Rain,13,4,6
IL,Rain,14,1,2
IL,Rain,14,2,341
IL,Rain,14,3,153
IL,Rain,14,4,10
IL,Rain,15,1,7
IL,Rain,15,2,400
IL,Rain,15,3,308
IL,Rain,15,4,10
IL,Rain,16,1,3
IL,Rain,16,2,493
IL,Rain,16,3,336
IL,Rain,16,4,11
IL,Rain,17,1,9
IL,Rain,17,2,441
IL,Rain,17,3,308
IL,Rain,17,4,9
IL,Rain,18,1,3
IL,Rain,18,2,423
IL,Rain,18,3,314
IL,Rain,18,4,5
IL,Rain,19,1,5
IL,Rain,19,2,188
IL,Rain,19,3,202
IL,Rain,19,4,2
IL,Rain,20,1,6
IL,Rain,20,2,98
IL,Rain,20,3,143
IL,Rain,20,4,10
IL,Rain,21,1,3
IL,Rain,21,2,54
IL,Rain,21,3,145
IL,Rain,21,4,9
IL,Rain,22,2,59
IL,Rain,22,3,128
IL,Rain,22,4,10
IL,Rain,23,2,43
IL,Rain,23,3,83
IL,Rain,23,4,12
IL,Severe wind,15,3,1
IL,Severe wind,18,3,1
IL,Severe wind,21,3,1
IL,Snow/Ice,0,2,36
IL,Snow/Ice,0,3,36
IL,Snow/Ice,0,4,3
IL,Snow/Ice,1,2,65
IL,Snow/Ice,1,3,48
IL,Snow/Ice,1,4,11
IL,Snow/Ice,2,2,59
IL,Snow/Ice,2,3,61
IL,Snow/Ice,2,4,10
IL,Snow/Ice,3,2,82
IL,Snow/Ice,3,3,94
IL,Snow/Ice,3,4,8
IL,Snow/Ice,4,2,155
IL,Snow/Ice,4,3,187
IL,Snow/Ice,4,4,9
IL,Snow/Ice,5,2,295
IL,Snow/Ice,5,3,202
IL,Snow/Ice,5,4,16
IL,Snow/Ice,6,2,626
IL,Snow/Ice,6,3,248
IL,Snow/Ice,6,4,25
IL,Snow/Ice,7,1,1
IL,Snow/Ice,7,2,835
IL,Snow/Ice,7,3,265
IL,Snow/Ice,7,4,24
IL,Snow/Ice,8,2,782
IL,Snow/Ice,8,3,236
IL,Snow/Ice,8,4,17
IL,Snow/Ice,9,2,254
IL,Snow/Ice,9,3,127
IL,Snow/Ice,9,4,11
IL,Snow/Ice,10,2,195
IL,Snow/Ice,10,3,120
IL,Snow/Ice,10,4,13
IL,Snow/Ice,11,2,216
IL,Snow/Ice,11,3,152
IL,Snow/Ice,11,4,11
IL,Snow/Ice,12,2,162
IL,Snow/Ice,12,3,59
IL,Snow/Ice,12,4,3
IL,Snow/Ice,13,2,203
IL,Snow/Ice,13,3,82
IL,Snow/Ice,13,4,3
IL,Snow/Ice,14,2,261
IL,Snow/Ice,14,3,66
IL,Snow/Ice,14,4,8
IL,Snow/Ice,15,2,319
IL,Snow/Ice,15,3,162
IL,Snow/Ice,15,4,4
IL,Snow/Ice,16,2,369
IL,Snow/Ice,16,3,236
IL,Snow/Ice,16,4,7
IL,Snow/Ice,17,1,1
IL,Snow/Ice,17,2,326
IL,Snow/Ice,17,3,186
IL,Snow/Ice,17,4,5
IL,Snow/Ice,18,1,2
IL,Snow/Ice,18,2,236
IL,Snow/Ice,18,3,204
IL,Snow/Ice,18,4,13
IL,Snow/Ice,19,2,125
IL,Snow/Ice,19,3,121
IL,Snow/Ice,19,4,4
IL,Snow/Ice,20,2,85
IL,Snow/Ice,20,3,109
IL,Snow/Ice,20,4,7
IL,Snow/Ice,21,2,51
IL,Snow/Ice,21,3,89
IL,Snow/Ice,22,2,40
IL,Snow/Ice,22,3,93
IL,Snow/Ice,22,4,1
IL,Snow/Ice,23,2,37
IL,Snow/Ice,23,3,64
IL,Snow/Ice,23,4,6
IL,Thunderstorm,0,2,6
IL,Thunderstorm,0,3,7
IL,Thunderstorm,1,2,9
IL,Thunderstorm,1,3,12
IL,Thunderstorm,1,4,4
IL,Thunderstorm,2,2,4
IL,Thunderstorm,2,3,9
IL,Thunderstorm,3,2,14
IL,Thunderstorm,3,3,37
IL,Thunderstorm,3,4,1
IL,Thunderstorm,4,2,25
IL,Thunderstorm,4,3,36
IL,Thunderstorm,4,4,4
IL,Thunderstorm,5,2,27
IL,Thunderstorm,5,3,57
IL,Thunderstorm,5,4,2
IL,Thunderstorm,6,2,62
IL,Thunderstorm,6,3,34
IL,Thunderstorm,6,4,3
IL,Thunderstorm,7,1,3
IL,Thunderstorm,7,2,66
IL,Thunderstorm,7,3,51
IL,Thunderstorm,8,2,52
IL,Thunderstorm,8,3,38
IL,Thunderstorm,8,4,3
IL,Thunderstorm,9,2,28
IL,Thunderstorm,9,3,16
IL,Thunderstorm,9,4,2
IL,Thunderstorm,10,2,28
IL,Thunderstorm,10,3,24
IL,Thunderstorm,10,4,1
IL,Thunderstorm,11,2,31
IL,Thunderstorm,11,3,16
IL,Thunderstorm,11,4,1
IL,Thunderstorm,12,2,27
IL,Thunderstorm,12,3,23
IL,Thunderstorm,12,4,2
IL,Thunderstorm,13,1,1
IL,Thunderstorm,13,2,34
IL,Thunderstorm,13,3,14
IL,Thunderstorm,14,1,1
IL,Thunderstorm,14,2,54
IL,Thunderstorm,14,3,20
IL,Thunderstorm,14,4,1
IL,Thunderstorm,15,2,60
IL,Thunderstorm,15,3,54
IL,Thunderstorm,15,4,3
IL,Thunderstorm,16,1,1
IL,Thunderstorm,16,2,57
IL,Thunderstorm,16,3,65
IL,Thunderstorm,16,4,1
IL,Thunderstorm,17,1,1
IL,Thunderstorm,17,2,56
IL,Thunderstorm,17,3,74
IL,Thunderstorm,17,4,4
IL,Thunderstorm,18,2,61
IL,Thunderstorm,18,3,72
IL,Thunderstorm,18,4,1
IL,Thunderstorm,19,2,40
IL,Thunderstorm,19,3,44
IL,Thunderstorm,19,4,1
IL,Thunderstorm,20,2,15
IL,Thunderstorm,20,3,45
IL,Thunderstorm,21,2,7
IL,Thunderstorm,21,3,34
IL,Thunderstorm,21,4,1
IL,Thunderstorm,22,2,9
IL,Thunderstorm,22,3,29
IL,Thunderstorm,23,2,3
IL,Thunderstorm,23,3,28
IN,Clear/Fair,0,2,236
IN,Clear/Fair,0,3,29
IN,Clear/Fair,0,4,59
IN,Clear/Fair,1,2,181
IN,Clear/Fair,1,3,10
IN,Clear/Fair,1,4,58
IN,Clear/Fair,2,2,162
IN,Clear/Fair,2,3,16
IN,Clear/Fair,2,4,39
IN,Clear/Fair,3,2,200
IN,Clear/Fair,3,3,35
IN,Clear/Fair,3,4,42
IN,Clear/Fair,4,1,9
IN,Clear/Fair,4,2,407
IN,Clear/Fair,4,3,96
IN,Clear/Fair,4,4,48
IN,Clear/Fair,5,1,14
IN,Clear/Fair,5,2,603
IN,Clear/Fair,5,3,152
IN,Clear/Fair,5,4,70
IN,Clear/Fair,6,1,23
IN,Clear/Fair,6,2,1192
IN,Clear/Fair,6,3,270
IN,Clear/Fair,6,4,77
IN,Clear/Fair,7,1,43
IN,Clear/Fair,7,2,1998
IN,Clear/Fair,7,3,517
IN,Clear/Fair,7,4,110
IN,Clear/Fair,8,1,54
IN,Clear/Fair,8,2,2187
IN,Clear/Fair,8,3,499
IN,Clear/Fair,8,4,124
IN,Clear/Fair,9,1,6
IN,Clear/Fair,9,2,919
IN,Clear/Fair,9,3,258
IN,Clear/Fair,9,4,122
IN,Clear/Fair,10,1,8
IN,Clear/Fair,10,2,799
IN,Clear/Fair,10,3,202
IN,Clear/Fair,10,4,106
IN,Clear/Fair,11,1,5
IN,Clear/Fair,11,2,768
IN,Clear/Fair,11,3,217
IN,Clear/Fair,11,4,109
IN,Clear/Fair,12,1,1
IN,Clear/Fair,12,2,581
IN,Clear/Fair,12,3,199
IN,Clear/Fair,12,4,109
IN,Clear/Fair,13,2,555
IN,Clear/Fair,13,3,236
IN,Clear/Fair,13,4,104
IN,Clear/Fair,14,1,1
IN,Clear/Fair,14,2,677
IN,Clear/Fair,14,3,268
IN,Clear/Fair,14,4,106
IN,Clear/Fair,15,2,761
IN,Clear/Fair,15,3,350
IN,Clear/Fair,15,4,124
IN,Clear/Fair,16,1,2
IN,Clear/Fair,16,2,990
IN,Clear/Fair,16,3,497
IN,Clear/Fair,16,4,114
IN,Clear/Fair,17,1,3
IN,Clear/Fair,17,2,1095
IN,Clear/Fair,17,3,578
IN,Clear/Fair,17,4,127
IN,Clear/Fair,18,1,2
IN,Clear/Fair,18,2,777
IN,Clear/Fair,18,3,430
IN,Clear/Fair,18,4,122
IN,Clear/Fair,19,1,5
IN,Clear/Fair,19,2,537
IN,Clear/Fair,19,3,251
IN,Clear/Fair,19,4,136
IN,Clear/Fair,20,1,2
IN,Clear/Fair,20,2,394
IN,Clear/Fair,20,3,192
IN,Clear/Fair,20,4,124
IN,Clear/Fair,21,1,1
IN,Clear/Fair,21,2,359
IN,Clear/Fair,21,3,162
IN,Clear/Fair,21,4,84
IN,Clear/Fair,22,2,279
IN,Clear/Fair,22,3,104
IN,Clear/Fair,22,4,60
IN,Clear/Fair,23,2,224
IN,Clear/Fair,23,3,24
IN,Clear/Fair,23,4,58
IN,Cloudy,0,2,233
IN,Cloudy,0,3,21
IN,Cloudy,0,4,82
IN,Cloudy,1,2,222
IN,Cloudy,1,3,15
IN,Cloudy,1,4,44
IN,Cloudy,2,2,233
IN,Cloudy,2,3,16
IN,Cloudy,2,4,38
IN,Cloudy,3,2,209
IN,Cloudy,3,3,27
IN,Cloudy,3,4,30
IN,Cloudy,4,1,12
IN,Cloudy,4,2,416
IN,Cloudy,4,3,136
IN,Cloudy,4,4,64
IN,Cloudy,5,1,6
IN,Cloudy,5,2,646
IN,Cloudy,5,3,195
IN,Cloudy,5,4,80
IN,Cloudy,6,1,12
IN,Cloudy,6,2,1441
IN,Cloudy,6,3,418
IN,Cloudy,6,4,112
IN,Cloudy,7,1,25
IN,Cloudy,7,2,2544
IN,Cloudy,7,3,683
IN,Cloudy,7,4,125
IN,Cloudy,8,1,27
IN,Cloudy,8,2,2251
IN,Cloudy,8,3,553
IN,Cloudy,8,4,120
IN,Cloudy,9,1,3
IN,Cloudy,9,2,887
IN,Cloudy,9,3,317
IN,Cloudy,9,4,118
IN,Cloudy,10,1,2
IN,Cloudy,10,2,950
IN,Cloudy,10,3,275
IN,Cloudy,10,4,128
IN,Cloudy,11,2,920
IN,Cloudy,11,3,301
IN,Cloudy,11,4,122
IN,Cloudy,12,1,1
IN,Cloudy,12,2,936
IN,Cloudy,12,3,387
IN,Cloudy,12,4,124
IN,Cloudy,13,1,1
IN,Cloudy,13,2,854
IN,Cloudy,13,3,414
IN,Cloudy,13,4,126
IN,Cloudy,14,1,1
IN,Cloudy,14,2,1039
IN,Cloudy,14,3,448
IN,Cloudy,14,4,126
IN,Cloudy,15,1,1
IN,Cloudy,15,2,1124
IN,Cloudy,15,3,572
IN,Cloudy,15,4,147
IN,Cloudy,16,1,1
IN,Cloudy,16,2,1575
IN,Cloudy,16,3,800
IN,Cloudy,16,4,166
IN,Cloudy,17,1,2
IN,Cloudy,17,2,1321
IN,Cloudy,17,3,823
IN,Cloudy,17,4,120
IN,Cloudy,18,1,4
IN,Cloudy,18,2,904
IN,Cloudy,18,3,575
IN,Cloudy,18,4,123
IN,Cloudy,19,1,4
IN,Cloudy,19,2,586
IN,Cloudy,19,3,290
IN,Cloudy,19,4,98
IN,Cloudy,20,1,2
IN,Cloudy,20,2,394
IN,Cloudy,20,3,199
IN,Cloudy,20,4,110
IN,Cloudy,21,1,7
IN,Cloudy,21,2,337
IN,Cloudy,21,3,168
IN,Cloudy,21,4,95
IN,Cloudy,22,1,2
IN,Cloudy,22,2,220
IN,Cloudy,22,3,123
IN,Cloudy,22,4,39
IN,Cloudy,23,1,1
IN,Cloudy,23,2,218
IN,Cloudy,23,3,33
IN,Cloudy,23,4,49
IN,Fog/Low visibility,0,2,4
IN,Fog/Low visibility,0,4,3
IN,Fog/Low visibility,1,2,4
IN,Fog/Low visibility,1,4,2
IN,Fog/Low visibility,2,2,10
IN,Fog/Low visibility,2,4,2
IN,Fog/Low visibility,3,2,14
IN,Fog/Low visibility,3,3,2
IN,Fog/Low visibility,3,4,3
IN,Fog/Low visibility,4,1,1
IN,Fog/Low visibility,4,2,21
IN,Fog/Low visibility,4,3,12
IN,Fog/Low visibility,4,4,2
IN,Fog/Low visibility,5,1,1
IN,Fog/Low visibility,5,2,31
IN,Fog/Low visibility,5,3,6
IN,Fog/Low visibility,5,4,2
IN,Fog/Low visibility,6,1,1
IN,Fog/Low visibility,6,2,75
IN,Fog/Low visibility,6,3,17
IN,Fog/Low visibility,6,4,7
IN,Fog/Low visibility,7,1,2
IN,Fog/Low visibility,7,2,162
IN,Fog/Low visibility,7,3,39
IN,Fog/Low visibility,7,4,12
IN,Fog/Low visibility,8,1,1
IN,Fog/Low visibility,8,2,130
IN,Fog/Low visibility,8,3,32
IN,Fog/Low visibility,8,4,13
IN,Fog/Low visibility,9,2,29
IN,Fog/Low visibility,9,3,15
IN,Fog/Low visibility,9,4,9
IN,Fog/Low visibility,10,2,32
IN,Fog/Low visibility,10,3,7
IN,Fog/Low visibility,10,4,3
IN,Fog/Low visibility,11,2,34
IN,Fog/Low visibility,11,3,4
IN,Fog/Low visibility,11,4,8
IN,Fog/Low visibility,12,2,19
IN,Fog/Low visibility,12,3,4
IN,Fog/Low visibility,12,4,7
IN,Fog/Low visibility,13,2,31
IN,Fog/Low visibility,13,3,8
IN,Fog/Low visibility,13,4,2
IN,Fog/Low visibility,14,2,31
IN,Fog/Low visibility,14,3,10
IN,Fog/Low visibility,14,4,6
IN,Fog/Low visibility,15,2,35
IN,Fog/Low visibility,15,3,2
IN,Fog/Low visibility,15,4,4
IN,Fog/Low visibility,16,2,50
IN,Fog/Low visibility,16,3,1
IN,Fog/Low visibility,16,4,4
IN,Fog/Low visibility,17,2,32
IN,Fog/Low visibility,17,3,6
IN,Fog/Low visibility,17,4,6
IN,Fog/Low visibility,18,2,24
IN,Fog/Low visibility,18,3,7
IN,Fog/Low visibility,19,2,10
IN,Fog/Low visibility,19,3,3
IN,Fog/Low visibility,19,4,3
IN,Fog/Low visibility,20,2,4
IN,Fog/Low visibility,20,4,3
IN,Fog/Low visibility,21,2,19
IN,Fog/Low visibility,21,3,1
IN,Fog/Low visibility,21,4,2
IN,Fog/Low visibility,22,2,7
IN,Fog/Low visibility,22,3,5
IN,Fog/Low visibility,23,2,8
IN,Fog/Low visibility,23,3,2
IN,Fog/Low visibility,23,4,5
IN,Precipitation (type unknown),0,2,6
IN,Precipitation (type unknown),1,2,1
IN,Precipitation (type unknown),2,2,1
IN,Precipitation (type unknown),5,2,1
IN,Precipitation (type unknown),5,4,1
IN,Precipitation (type unknown),6,2,5
IN,Precipitation (type unknown),8,2,1
IN,Precipitation (type unknown),9,2,7
IN,Precipitation (type unknown),9,4,1
IN,Precipitation (type unknown),10,2,1
IN,Precipitation (type unknown),11,2,2
IN,Precipitation (type unknown),12,2,3
IN,Precipitation (type unknown),13,2,3
IN,Precipitation (type unknown),14,2,6
IN,Precipitation (type unknown),15,2,3
IN,Precipitation (type unknown),16,2,7
IN,Precipitation (type unknown),16,3,1
IN,Precipitation (type unknown),18,2,5
IN,Precipitation (type unknown),18,4,2
IN,Precipitation (type unknown),19,2,4
IN,Precipitation (type unknown),21,2,7
IN,Precipitation (type unknown),22,2,6
IN,Precipitation (type unknown),23,2,1
IN,Rain,0,2,43
IN,Rain,0,3,6
IN,Rain,0,4,15
IN,Rain,1,2,18
IN,Rain,1,3,5
IN,Rain,1,4,5
IN,Rain,2,2,17
IN,Rain,2,3,2
IN,Rain,2,4,4
IN,Rain,3,2,19
IN,Rain,3,3,12
IN,Rain,3,4,7
IN,Rain,4,2,64
IN,Rain,4,3,26
IN,Rain,4,4,7
IN,Rain,5,1,1
IN,Rain,5,2,121
IN,Rain,5,3,49
IN,Rain,5,4,15
IN,Rain,6,1,1
IN,Rain,6,2,249
IN,Rain,6,3,58
IN,Rain,6,4,29
IN,Rain,7,1,3
IN,Rain,7,2,407
IN,Rain,7,3,118
IN,Rain,7,4,21
IN,Rain,8,1,5
IN,Rain,8,2,304
IN,Rain,8,3,64
IN,Rain,8,4,22
IN,Rain,9,1,1
IN,Rain,9,2,122
IN,Rain,9,3,44
IN,Rain,9,4,12
IN,Rain,10,2,152
IN,Rain,10,3,56
IN,Rain,10,4,30
IN,Rain,11,1,1
IN,Rain,11,2,168
IN,Rain,11,3,56
IN,Rain,11,4,22
IN,Rain,12,1,1
IN,Rain,12,2,137
IN,Rain,12,3,57
IN,Rain,12,4,18
IN,Rain,13,2,139
IN,Rain,13,3,73
IN,Rain,13,4,20
IN,Rain,14,2,151
IN,Rain,14,3,54
IN,Rain,14,4,20
IN,Rain,15,2,159
IN,Rain,15,3,78
IN,Rain,15,4,16
IN,Rain,16,2,131
IN,Rain,16,3,97
IN,Rain,16,4,13
IN,Rain,17,1,2
IN,Rain,17,2,174
IN,Rain,17,3,116
IN,Rain,17,4,12
IN,Rain,18,2,89
IN,Rain,18,3,66
IN,Rain,18,4,18
IN,Rain,19,2,83
IN,Rain,19,3,40
IN,Rain,19,4,16
IN,Rain,20,2,41
IN,Rain,20,3,37
IN,Rain,20,4,13
IN,Rain,21,1,1
IN,Rain,21,2,36
IN,Rain,21,3,26
IN,Rain,21,4,8
IN,Rain,22,2,53
IN,Rain,22,3,14
IN,Rain,22,4,11
IN,Rain,23,2,21
IN,Rain,23,3,9
IN,Rain,23,4,3
IN,Snow/Ice,0,2,25
IN,Snow/Ice,0,3,6
IN,Snow/Ice,0,4,6
IN,Snow/Ice,1,2,42
IN,Snow/Ice,1,3,4
IN,Snow/Ice,1,4,7
IN,Snow/Ice,2,2,29
IN,Snow/Ice,2,3,2
IN,Snow/Ice,2,4,9
IN,Snow/Ice,3,2,41
IN,Snow/Ice,3,3,6
IN,Snow/Ice,3,4,11
IN,Snow/Ice,4,2,81
IN,Snow/Ice,4,3,42
IN,Snow/Ice,4,4,9
IN,Snow/Ice,5,2,100
IN,Snow/Ice,5,3,35
IN,Snow/Ice,5,4,7
IN,Snow/Ice,6,2,136
IN,Snow/Ice,6,3,30
IN,Snow/Ice,6,4,17
IN,Snow/Ice,7,2,208
IN,Snow/Ice,7,3,75
IN,Snow/Ice,7,4,20
IN,Snow/Ice,8,1,1
IN,Snow/Ice,8,2,154
IN,Snow/Ice,8,3,68
IN,Snow/Ice,8,4,18
IN,Snow/Ice,9,2,125
IN,Snow/Ice,9,3,52
IN,Snow/Ice,9,4,27
IN,Snow/Ice,10,2,143
IN,Snow/Ice,10,3,33
IN,Snow/Ice,10,4,24
IN,Snow/Ice,11,2,100
IN,Snow/Ice,11,3,39
IN,Snow/Ice,11,4,15
IN,Snow/Ice,12,2,74
IN,Snow/Ice,12,3,33
IN,Snow/Ice,12,4,29
IN,Snow/Ice,13,2,79
IN,Snow/Ice,13,3,24
IN,Snow/Ice,13,4,22
IN,Snow/Ice,14,2,92
IN,Snow/Ice,14,3,30
IN,Snow/Ice,14,4,20
IN,Snow/Ice,15,2,114
IN,Snow/Ice,15,3,31
IN,Snow/Ice,15,4,18
IN,Snow/Ice,16,2,130
IN,Snow/Ice,16,3,37
IN,Snow/Ice,16,4,8
IN,Snow/Ice,17,2,89
IN,Snow/Ice,17,3,30
IN,Snow/Ice,17,4,5
IN,Snow/Ice,18,2,82
IN,Snow/Ice,18,3,44
IN,Snow/Ice,18,4,24
IN,Snow/Ice,19,2,97
IN,Snow/Ice,19,3,34
IN,Snow/Ice,19,4,22
IN,Snow/Ice,20,2,67
IN,Snow/Ice,20,3,22
IN,Snow/Ice,20,4,8
IN,Snow/Ice,21,2,52
IN,Snow/Ice,21,3,30
IN,Snow/Ice,21,4,12
IN,Snow/Ice,22,2,67
IN,Snow/Ice,22,3,10
IN,Snow/Ice,22,4,15
IN,Snow/Ice,23,2,49
IN,Snow/Ice,23,3,6
IN,Snow/Ice,23,4,10
IN,Thunderstorm,0,2,6
IN,Thunderstorm,0,3,1
IN,Thunderstorm,1,2,5
IN,Thunderstorm,1,3,1
IN,Thunderstorm,1,4,1
IN,Thunderstorm,2,2,8
IN,Thunderstorm,2,4,3
IN,Thunderstorm,3,2,4
IN,Thunderstorm,4,2,9
IN,Thunderstorm,4,3,3
IN,Thunderstorm,4,4,3
IN,Thunderstorm,5,2,7
IN,Thunderstorm,5,3,6
IN,Thunderstorm,5,4,1
IN,Thunderstorm,6,1,3
IN,Thunderstorm,6,2,24
IN,Thunderstorm,6,3,7
IN,Thunderstorm,7,2,26
IN,Thunderstorm,7,3,7
IN,Thunderstorm,8,1,1
IN,Thunderstorm,8,2,26
IN,Thunderstorm,8,3,12
IN,Thunderstorm,9,2,11
IN,Thunderstorm,9,3,8
IN,Thunderstorm,10,2,9
IN,Thunderstorm,10,3,9
IN,Thunderstorm,10,4,3
IN,Thunderstorm,11,1,1
IN,Thunderstorm,11,2,10
IN,Thunderstorm,11,3,4
IN,Thunderstorm,11,4,2
IN,Thunderstorm,12,2,13
IN,Thunderstorm,12,3,9
IN,Thunderstorm,12,4,4
IN,Thunderstorm,13,1,1
IN,Thunderstorm,13,2,9
IN,Thunderstorm,13,3,5
IN,Thunderstorm,14,2,22
IN,Thunderstorm,14,3,15
IN,Thunderstorm,14,4,2
IN,Thunderstorm,15,2,23
IN,Thunderstorm,15,3,15
IN,Thunderstorm,15,4,5
IN,Thunderstorm,16,2,25
IN,Thunderstorm,16,3,9
IN,Thunderstorm,16,4,3
IN,Thunderstorm,17,2,22
IN,Thunderstorm,17,3,8
IN,Thunderstorm,17,4,3
IN,Thunderstorm,18,2,23
IN,Thunderstorm,18,3,11
IN,Thunderstorm,18,4,4
IN,Thunderstorm,19,2,7
IN,Thunderstorm,19,3,12
IN,Thunderstorm,19,4,1
IN,Thunderstorm,20,2,13
IN,Thunderstorm,20,3,5
IN,Thunderstorm,20,4,4
IN,Thunderstorm,21,2,18
IN,Thunderstorm,21,3,9
IN,Thunderstorm,21,4,1
IN,Thunderstorm,22,2,5
IN,Thunderstorm,22,3,5
IN,Thunderstorm,22,4,2
IN,Thunderstorm,23,2,11
IN,Thunderstorm,23,4,1
KS,Clear/Fair,0,2,149
KS,Clear/Fair,0,3,4
KS,Clear/Fair,0,4,27
KS,Clear/Fair,1,2,112
KS,Clear/Fair,1,3,6
KS,Clear/Fair,1,4,10
KS,Clear/Fair,2,2,102
KS,Clear/Fair,2,3,3
KS,Clear/Fair,2,4,5
KS,Clear/Fair,3,2,71
KS,Clear/Fair,3,3,6
KS,Clear/Fair,3,4,4
KS,Clear/Fair,4,1,2
KS,Clear/Fair,4,2,95
KS,Clear/Fair,4,3,36
KS,Clear/Fair,4,4,7
KS,Clear/Fair,5,2,161
KS,Clear/Fair,5,3,38
KS,Clear/Fair,5,4,6
KS,Clear/Fair,6,1,4
KS,Clear/Fair,6,2,296
KS,Clear/Fair,6,3,101
KS,Clear/Fair,6,4,12
KS,Clear/Fair,7,1,7
KS,Clear/Fair,7,2,701
KS,Clear/Fair,7,3,204
KS,Clear/Fair,7,4,22
KS,Clear/Fair,8,1,7
KS,Clear/Fair,8,2,578
KS,Clear/Fair,8,3,231
KS,Clear/Fair,8,4,23
KS,Clear/Fair,9,1,1
KS,Clear/Fair,9,2,270
KS,Clear/Fair,9,3,89
KS,Clear/Fair,9,4,12
KS,Clear/Fair,10,2,206
KS,Clear/Fair,10,3,83
KS,Clear/Fair,10,4,16
KS,Clear/Fair,11,2,188
KS,Clear/Fair,11,3,72
KS,Clear/Fair,11,4,24
KS,Clear/Fair,12,2,220
KS,Clear/Fair,12,3,70
KS,Clear/Fair,12,4,14
KS,Clear/Fair,13,2,216
KS,Clear/Fair,13,3,74
KS,Clear/Fair,13,4,17
KS,Clear/Fair,14,2,313
KS,Clear/Fair,14,3,75
KS,Clear/Fair,14,4,12
KS,Clear/Fair,15,2,516
KS,Clear/Fair,15,3,157
KS,Clear/Fair,15,4,23
KS,Clear/Fair,16,2,736
KS,Clear/Fair,16,3,174
KS,Clear/Fair,16,4,29
KS,Clear/Fair,17,2,794
KS,Clear/Fair,17,3,248
KS,Clear/Fair,17,4,31
KS,Clear/Fair,18,2,434
KS,Clear/Fair,18,3,154
KS,Clear/Fair,18,4,14
KS,Clear/Fair,19,2,217
KS,Clear/Fair,19,3,75
KS,Clear/Fair,19,4,15
KS,Clear/Fair,20,2,196
KS,Clear/Fair,20,3,55
KS,Clear/Fair,20,4,21
KS,Clear/Fair,21,2,199
KS,Clear/Fair,21,3,46
KS,Clear/Fair,21,4,15
KS,Clear/Fair,22,2,175
KS,Clear/Fair,22,3,30
KS,Clear/Fair,22,4,5
KS,Clear/Fair,23,2,176
KS,Clear/Fair,23,3,5
KS,Clear/Fair,23,4,15
KS,Cloudy,0,2,68
KS,Cloudy,0,3,5
KS,Cloudy,0,4,11
KS,Cloudy,1,2,49
KS,Cloudy,1,3,1
KS,Cloudy,1,4,6
KS,Cloudy,2,2,39
KS,Cloudy,2,3,2
KS,Cloudy,2,4,1
KS,Cloudy,3,2,21
KS,Cloudy,3,4,2
KS,Cloudy,4,2,39
KS,Cloudy,4,3,17
KS,Cloudy,4,4,6
KS,Cloudy,5,2,102
KS,Cloudy,5,3,21
KS,Cloudy,5,4,14
KS,Cloudy,6,1,3
KS,Cloudy,6,2,177
KS,Cloudy,6,3,59
KS,Cloudy,6,4,15
KS,Cloudy,7,1,2
KS,Cloudy,7,2,342
KS,Cloudy,7,3,103
KS,Cloudy,7,4,28
KS,Cloudy,8,1,1
KS,Cloudy,8,2,270
KS,Cloudy,8,3,132
KS,Cloudy,8,4,16
KS,Cloudy,9,1,1
KS,Cloudy,9,2,173
KS,Cloudy,9,3,66
KS,Cloudy,9,4,7
KS,Cloudy,10,1,1
KS,Cloudy,10,2,99
KS,Cloudy,10,3,47
KS,Cloudy,10,4,8
KS,Cloudy,11,2,138
KS,Cloudy,11,3,60
KS,Cloudy,11,4,12
KS,Cloudy,12,2,109
KS,Cloudy,12,3,41
KS,Cloudy,12,4,5
KS,Cloudy,13,2,161
KS,Cloudy,13,3,55
KS,Cloudy,13,4,4
KS,Cloudy,14,2,193
KS,Cloudy,14,3,62
KS,Cloudy,14,4,5
KS,Cloudy,15,1,1
KS,Cloudy,15,2,311
KS,Cloudy,15,3,86
KS,Cloudy,15,4,12
KS,Cloudy,16,2,386
KS,Cloudy,16,3,111
KS,Cloudy,16,4,16
KS,Cloudy,17,2,437
KS,Cloudy,17,3,109
KS,Cloudy,17,4,11
KS,Cloudy,18,1,1
KS,Cloudy,18,2,193
KS,Cloudy,18,3,71
KS,Cloudy,18,4,7
KS,Cloudy,19,2,112
KS,Cloudy,19,3,35
KS,Cloudy,19,4,2
KS,Cloudy,20,2,83
KS,Cloudy,20,3,19
KS,Cloudy,20,4,13
KS,Cloudy,21,2,61
KS,Cloudy,21,3,30
KS,Cloudy,22,2,66
KS,Cloudy,22,3,23
KS,Cloudy,22,4,1
KS,Cloudy,23,2,67
KS,Cloudy,23,3,9
KS,Cloudy,23,4,4
KS,Fog/Low visibility,0,2,6
KS,Fog/Low visibility,0,4,3
KS,Fog/Low visibility,1,2,4
KS,Fog/Low visibility,2,2,1
KS,Fog/Low visibility,3,2,1
KS,Fog/Low visibility,3,3,1
KS,Fog/Low visibility,4,2,3
KS,Fog/Low visibility,4,3,2
KS,Fog/Low visibility,4,4,2
KS,Fog/Low visibility,5,2,12
KS,Fog/Low visibility,5,3,1
KS,Fog/Low visibility,5,4,6
KS,Fog/Low visibility,6,2,27
KS,Fog/Low visibility,6,3,5
KS,Fog/Low visibility,6,4,18
KS,Fog/Low visibility,7,2,61
KS,Fog/Low visibility,7,3,9
KS,Fog/Low visibility,7,4,1
KS,Fog/Low visibility,8,2,40
KS,Fog/Low visibility,8,3,11
KS,Fog/Low visibility,8,4,1
KS,Fog/Low visibility,9,1,1
KS,Fog/Low visibility,9,2,22
KS,Fog/Low visibility,9,3,1
KS,Fog/Low visibility,9,4,1
KS,Fog/Low visibility,10,2,47
KS,Fog/Low visibility,10,3,2
KS,Fog/Low visibility,11,2,16
KS,Fog/Low visibility,11,3,1
KS,Fog/Low visibility,12,2,21
KS,Fog/Low visibility,12,3,2
KS,Fog/Low visibility,12,4,1
KS,Fog/Low visibility,13,2,15
KS,Fog/Low visibility,13,3,1
KS,Fog/Low visibility,14,2,7
KS,Fog/Low visibility,14,4,6
KS,Fog/Low visibility,15,2,11
KS,Fog/Low visibility,15,3,2
KS,Fog/Low visibility,15,4,2
KS,Fog/Low visibility,16,2,16
KS,Fog/Low visibility,16,3,3
KS,Fog/Low visibility,16,4,1
KS,Fog/Low visibility,17,2,1
KS,Fog/Low visibility,17,3,2
KS,Fog/Low visibility,18,2,3
KS,Fog/Low visibility,18,3,1
KS,Fog/Low visibility,19,2,3
KS,Fog/Low visibility,19,3,1
KS,Fog/Low visibility,20,2,4
KS,Fog/Low visibility,20,3,1
KS,Fog/Low visibility,21,2,4
KS,Fog/Low visibility,21,3,1
KS,Fog/Low visibility,22,2,5
KS,Fog/Low visibility,23,2,2
KS,Precipitation (type unknown),5,2,1
KS,Precipitation (type unknown),6,2,1
KS,Precipitation (type unknown),7,2,2
KS,Precipitation (type unknown),8,2,5
KS,Precipitation (type unknown),8,3,2
KS,Precipitation (type unknown),13,2,4
KS,Precipitation (type unknown),13,3,1
KS,Precipitation (type unknown),16,2,1
KS,Precipitation (type unknown),19,2,2
KS,Precipitation (type unknown),20,2,1
KS,Rain,0,2,11
KS,Rain,0,4,3
KS,Rain,1,2,8
KS,Rain,1,3,1
KS,Rain,2,4,1
KS,Rain,3,2,3
KS,Rain,3,3,1
KS,Rain,4,2,7
KS,Rain,4,3,3
KS,Rain,4,4,1
KS,Rain,5,2,8
KS,Rain,5,3,8
KS,Rain,6,2,63
KS,Rain,6,3,27
KS,Rain,7,1,1
KS,Rain,7,2,95
KS,Rain,7,3,36
KS,Rain,7,4,1
KS,Rain,8,2,62
KS,Rain,8,3,33
KS,Rain,8,4,1
KS,Rain,9,2,49
KS,Rain,9,3,21
KS,Rain,10,2,38
KS,Rain,10,3,23
KS,Rain,10,4,2
KS,Rain,11,2,39
KS,Rain,11,3,16
KS,Rain,11,4,2
KS,Rain,12,2,39
KS,Rain,12,3,13
KS,Rain,13,2,49
KS,Rain,13,3,12
KS,Rain,13,4,1
KS,Rain,14,2,58
KS,Rain,14,3,22
KS,Rain,15,2,53
KS,Rain,15,3,16
KS,Rain,15,4,2
KS,Rain,16,2,54
KS,Rain,16,3,15
KS,Rain,16,4,1
KS,Rain,17,2,91
KS,Rain,17,3,26
KS,Rain,17,4,1
KS,Rain,18,2,65
KS,Rain,18,3,17
KS,Rain,19,2,40
KS,Rain,19,3,11
KS,Rain,19,4,1
KS,Rain,20,2,28
KS,Rain,20,3,11
KS,Rain,20,4,2
KS,Rain,21,2,20
KS,Rain,21,3,2
KS,Rain,21,4,2
KS,Rain,22,2,13
KS,Rain,22,3,1
KS,Rain,23,2,13
KS,Rain,23,3,4
KS,Rain,23,4,2
KS,Snow/Ice,0,2,12
KS,Snow/Ice,0,4,1
KS,Snow/Ice,1,2,25
KS,Snow/Ice,2,2,9
KS,Snow/Ice,2,3,1
KS,Snow/Ice,3,2,32
KS,Snow/Ice,4,2,42
KS,Snow/Ice,4,3,3
KS,Snow/Ice,5,2,61
KS,Snow/Ice,5,3,7
KS,Snow/Ice,6,2,81
KS,Snow/Ice,6,3,17
KS,Snow/Ice,6,4,1
KS,Snow/Ice,7,2,90
KS,Snow/Ice,7,3,16
KS,Snow/Ice,7,4,1
KS,Snow/Ice,8,2,100
KS,Snow/Ice,8,3,32
KS,Snow/Ice,8,4,6
KS,Snow/Ice,9,2,59
KS,Snow/Ice,9,3,28
KS,Snow/Ice,9,4,3
KS,Snow/Ice,10,2,55
KS,Snow/Ice,10,3,30
KS,Snow/Ice,11,2,37
KS,Snow/Ice,11,3,14
KS,Snow/Ice,11,4,3
KS,Snow/Ice,12,2,40
KS,Snow/Ice,12,3,7
KS,Snow/Ice,13,2,45
KS,Snow/Ice,13,3,10
KS,Snow/Ice,13,4,5
KS,Snow/Ice,14,2,41
KS,Snow/Ice,14,3,11
KS,Snow/Ice,14,4,1
KS,Snow/Ice,15,2,36
KS,Snow/Ice,15,3,10
KS,Snow/Ice,15,4,3
KS,Snow/Ice,16,2,19
KS,Snow/Ice,16,3,5
KS,Snow/Ice,16,4,7
KS,Snow/Ice,17,2,20
KS,Snow/Ice,17,3,7
KS,Snow/Ice,18,2,36
KS,Snow/Ice,18,3,4
KS,Snow/Ice,19,2,26
KS,Snow/Ice,19,3,8
KS,Snow/Ice,20,2,15
KS,Snow/Ice,20,3,3
KS,Snow/Ice,21,2,6
KS,Snow/Ice,21,3,2
KS,Snow/Ice,22,2,10
KS,Snow/Ice,22,3,2
KS,Snow/Ice,22,4,1
KS,Snow/Ice,23,2,21
KS,Snow/Ice,23,3,1
KS,Snow/Ice,23,4,1
KS,Thunderstorm,0,2,2
KS,Thunderstorm,1,2,2
KS,Thunderstorm,2,2,2
KS,Thunderstorm,3,2,4
KS,Thunderstorm,4,2,2
KS,Thunderstorm,4,3,7
KS,Thunderstorm,5,2,7
KS,Thunderstorm,5,3,2
KS,Thunderstorm,6,2,25
KS,Thunderstorm,6,3,8
KS,Thunderstorm,6,4,2
KS,Thunderstorm,7,2,40
KS,Thunderstorm,7,3,24
KS,Thunderstorm,8,2,25
KS,Thunderstorm,8,3,17
KS,Thunderstorm,8,4,2
KS,Thunderstorm,9,2,23
KS,Thunderstorm,9,3,9
KS,Thunderstorm,9,4,3
KS,Thunderstorm,10,2,3
KS,Thunderstorm,10,3,8
KS,Thunderstorm,11,2,2
KS,Thunderstorm,11,3,2
KS,Thunderstorm,12,2,5
KS,Thunderstorm,12,3,4
KS,Thunderstorm,13,2,1
KS,Thunderstorm,13,3,5
KS,Thunderstorm,14,2,7
KS,Thunderstorm,14,3,4
KS,Thunderstorm,15,1,1
KS,Thunderstorm,15,2,18
KS,Thunderstorm,15,3,3
KS,Thunderstorm,16,2,26
KS,Thunderstorm,16,3,6
KS,Thunderstorm,17,2,26
KS,Thunderstorm,17,3,4
KS,Thunderstorm,18,2,8
KS,Thunderstorm,18,3,7
KS,Thunderstorm,19,2,9
KS,Thunderstorm,19,3,7
KS,Thunderstorm,19,4,1
KS,Thunderstorm,20,2,17
KS,Thunderstorm,20,4,2
KS,Thunderstorm,21,2,12
KS,Thunderstorm,21,3,2
KS,Thunderstorm,22,2,4
KS,Thunderstorm,23,2,6
KS,Thunderstorm,23,3,2
KS,Thunderstorm,23,4,1
KY,Clear/Fair,0,2,44
KY,Clear/Fair,0,3,2
KY,Clear/Fair,0,4,14
KY,Clear/Fair,1,2,31
KY,Clear/Fair,1,3,4
KY,Clear/Fair,1,4,8
KY,Clear/Fair,2,2,19
KY,Clear/Fair,2,3,1
KY,Clear/Fair,2,4,12
KY,Clear/Fair,3,2,31
KY,Clear/Fair,3,3,1
KY,Clear/Fair,3,4,9
KY,Clear/Fair,4,1,8
KY,Clear/Fair,4,2,101
KY,Clear/Fair,4,3,66
KY,Clear/Fair,4,4,9
KY,Clear/Fair,5,1,3
KY,Clear/Fair,5,2,226
KY,Clear/Fair,5,3,85
KY,Clear/Fair,5,4,22
KY,Clear/Fair,6,1,6
KY,Clear/Fair,6,2,453
KY,Clear/Fair,6,3,153
KY,Clear/Fair,6,4,28
KY,Clear/Fair,7,1,19
KY,Clear/Fair,7,2,1060
KY,Clear/Fair,7,3,389
KY,Clear/Fair,7,4,28
KY,Clear/Fair,8,1,30
KY,Clear/Fair,8,2,1207
KY,Clear/Fair,8,3,382
KY,Clear/Fair,8,4,37
KY,Clear/Fair,9,1,9
KY,Clear/Fair,9,2,280
KY,Clear/Fair,9,3,207
KY,Clear/Fair,9,4,36
KY,Clear/Fair,10,1,6
KY,Clear/Fair,10,2,239
KY,Clear/Fair,10,3,167
KY,Clear/Fair,10,4,22
KY,Clear/Fair,11,1,3
KY,Clear/Fair,11,2,225
KY,Clear/Fair,11,3,145
KY,Clear/Fair,11,4,14
KY,Clear/Fair,12,2,148
KY,Clear/Fair,12,3,113
KY,Clear/Fair,12,4,23
KY,Clear/Fair,13,1,1
KY,Clear/Fair,13,2,227
KY,Clear/Fair,13,3,159
KY,Clear/Fair,13,4,28
KY,Clear/Fair,14,1,2
KY,Clear/Fair,14,2,218
KY,Clear/Fair,14,3,145
KY,Clear/Fair,14,4,12
KY,Clear/Fair,15,1,1
KY,Clear/Fair,15,2,169
KY,Clear/Fair,15,3,127
KY,Clear/Fair,15,4,25
KY,Clear/Fair,16,1,13
KY,Clear/Fair,16,2,596
KY,Clear/Fair,16,3,396
KY,Clear/Fair,16,4,25
KY,Clear/Fair,17,1,25
KY,Clear/Fair,17,2,728
KY,Clear/Fair,17,3,446
KY,Clear/Fair,17,4,28
KY,Clear/Fair,18,1,1
KY,Clear/Fair,18,2,233
KY,Clear/Fair,18,3,251
KY,Clear/Fair,18,4,20
KY,Clear/Fair,19,1,1
KY,Clear/Fair,19,2,106
KY,Clear/Fair,19,3,106
KY,Clear/Fair,19,4,12
KY,Clear/Fair,20,2,75
KY,Clear/Fair,20,3,115
KY,Clear/Fair,20,4,11
KY,Clear/Fair,21,2,70
KY,Clear/Fair,21,3,99
KY,Clear/Fair,21,4,19
KY,Clear/Fair,22,2,47
KY,Clear/Fair,22,3,97
KY,Clear/Fair,22,4,17
KY,Clear/Fair,23,2,65
KY,Clear/Fair,23,3,66
KY,Clear/Fair,23,4,26
KY,Cloudy,0,2,26
KY,Cloudy,0,3,5
KY,Cloudy,0,4,4
KY,Cloudy,1,2,23
KY,Cloudy,1,3,2
KY,Cloudy,1,4,6
KY,Cloudy,2,2,18
KY,Cloudy,2,3,7
KY,Cloudy,2,4,10
KY,Cloudy,3,2,21
KY,Cloudy,3,3,3
KY,Cloudy,3,4,6
KY,Cloudy,4,1,10
KY,Cloudy,4,2,162
KY,Cloudy,4,3,102
KY,Cloudy,4,4,14
KY,Cloudy,5,1,6
KY,Cloudy,5,2,254
KY,Cloudy,5,3,128
KY,Cloudy,5,4,29
KY,Cloudy,6,1,5
KY,Cloudy,6,2,535
KY,Cloudy,6,3,261
KY,Cloudy,6,4,22
KY,Cloudy,7,1,17
KY,Cloudy,7,2,1239
KY,Cloudy,7,3,610
KY,Cloudy,7,4,31
KY,Cloudy,8,1,26
KY,Cloudy,8,2,1162
KY,Cloudy,8,3,512
KY,Cloudy,8,4,31
KY,Cloudy,9,1,4
KY,Cloudy,9,2,319
KY,Cloudy,9,3,292
KY,Cloudy,9,4,31
KY,Cloudy,10,1,4
KY,Cloudy,10,2,336
KY,Cloudy,10,3,243
KY,Cloudy,10,4,35
KY,Cloudy,11,1,3
KY,Cloudy,11,2,335
KY,Cloudy,11,3,278
KY,Cloudy,11,4,19
KY,Cloudy,12,1,3
KY,Cloudy,12,2,308
KY,Cloudy,12,3,242
KY,Cloudy,12,4,44
KY,Cloudy,13,2,374
KY,Cloudy,13,3,308
KY,Cloudy,13,4,39
KY,Cloudy,14,1,2
KY,Cloudy,14,2,380
KY,Cloudy,14,3,335
KY,Cloudy,14,4,24
KY,Cloudy,15,1,5
KY,Cloudy,15,2,302
KY,Cloudy,15,3,387
KY,Cloudy,15,4,35
KY,Cloudy,16,1,10
KY,Cloudy,16,2,843
KY,Cloudy,16,3,749
KY,Cloudy,16,4,18
KY,Cloudy,17,1,9
KY,Cloudy,17,2,737
KY,Cloudy,17,3,687
KY,Cloudy,17,4,46
KY,Cloudy,18,1,1
KY,Cloudy,18,2,285
KY,Cloudy,18,3,370
KY,Cloudy,18,4,27
KY,Cloudy,19,1,4
KY,Cloudy,19,2,143
KY,Cloudy,19,3,208
KY,Cloudy,19,4,9
KY,Cloudy,20,2,95
KY,Cloudy,20,3,155
KY,Cloudy,20,4,13
KY,Cloudy,21,2,50
KY,Cloudy,21,3,103
KY,Cloudy,21,4,11
KY,Cloudy,22,2,42
KY,Cloudy,22,3,100
KY,Cloudy,22,4,10
KY,Cloudy,23,1,1
KY,Cloudy,23,2,63
KY,Cloudy,23,3,76
KY,Cloudy,23,4,5
KY,Fog/Low visibility,1,2,1
KY,Fog/Low visibility,2,2,5
KY,Fog/Low visibility,3,2,1
KY,Fog/Low visibility,4,1,2
KY,Fog/Low visibility,4,2,12
KY,Fog/Low visibility,4,3,1
KY,Fog/Low visibility,5,2,26
KY,Fog/Low visibility,5,3,8
KY,Fog/Low visibility,6,1,3
KY,Fog/Low visibility,6,2,48
KY,Fog/Low visibility,6,3,22
KY,Fog/Low visibility,6,4,3
KY,Fog/Low visibility,7,1,4
KY,Fog/Low visibility,7,2,150
KY,Fog/Low visibility,7,3,54
KY,Fog/Low visibility,7,4,3
KY,Fog/Low visibility,8,1,2
KY,Fog/Low visibility,8,2,114
KY,Fog/Low visibility,8,3,38
KY,Fog/Low visibility,8,4,2
KY,Fog/Low visibility,9,2,14
KY,Fog/Low visibility,9,3,14
KY,Fog/Low visibility,10,2,12
KY,Fog/Low visibility,10,3,4
KY,Fog/Low visibility,11,2,6
KY,Fog/Low visibility,11,3,4
KY,Fog/Low visibility,12,2,1
KY,Fog/Low visibility,12,3,2
KY,Fog/Low visibility,13,2,6
KY,Fog/Low visibility,13,3,5
KY,Fog/Low visibility,14,2,8
KY,Fog/Low visibility,14,3,5
KY,Fog/Low visibility,15,2,2
KY,Fog/Low visibility,15,3,3
KY,Fog/Low visibility,16,1,1
KY,Fog/Low visibility,16,2,16
KY,Fog/Low visibility,16,3,5
KY,Fog/Low visibility,16,4,4
KY,Fog/Low visibility,17,2,11
KY,Fog/Low visibility,17,3,5
KY,Fog/Low visibility,18,2,1
KY,Fog/Low visibility,18,3,2
KY,Fog/Low visibility,19,2,1
KY,Fog/Low visibility,19,3,2
KY,Fog/Low visibility,20,2,5
KY,Fog/Low visibility,21,3,2
KY,Fog/Low visibility,22,2,1
KY,Fog/Low visibility,22,3,2
KY,Fog/Low visibility,23,2,4
KY,Fog/Low visibility,23,3,1
KY,Precipitation (type unknown),0,2,1
KY,Precipitation (type unknown),13,2,1
KY,Precipitation (type unknown),15,2,1
KY,Rain,0,2,12
KY,Rain,0,3,3
KY,Rain,0,4,1
KY,Rain,1,2,3
KY,Rain,1,3,2
KY,Rain,1,4,5
KY,Rain,2,2,6
KY,Rain,2,3,2
KY,Rain,2,4,4
KY,Rain,3,2,8
KY,Rain,4,2,46
KY,Rain,4,3,42
KY,Rain,4,4,4
KY,Rain,5,2,88
KY,Rain,5,3,57
KY,Rain,5,4,5
KY,Rain,6,1,1
KY,Rain,6,2,187
KY,Rain,6,3,120
KY,Rain,6,4,3
KY,Rain,7,1,4
KY,Rain,7,2,371
KY,Rain,7,3,184
KY,Rain,7,4,5
KY,Rain,8,1,3
KY,Rain,8,2,349
KY,Rain,8,3,171
KY,Rain,8,4,11
KY,Rain,9,1,1
KY,Rain,9,2,111
KY,Rain,9,3,99
KY,Rain,9,4,10
KY,Rain,10,1,1
KY,Rain,10,2,70
KY,Rain,10,3,91
KY,Rain,10,4,9
KY,Rain,11,1,1
KY,Rain,11,2,96
KY,Rain,11,3,107
KY,Rain,11,4,18
KY,Rain,12,2,53
KY,Rain,12,3,69
KY,Rain,12,4,7
KY,Rain,13,2,84
KY,Rain,13,3,88
KY,Rain,13,4,5
KY,Rain,14,2,60
KY,Rain,14,3,91
KY,Rain,14,4,3
KY,Rain,15,1,1
KY,Rain,15,2,78
KY,Rain,15,3,89
KY,Rain,15,4,8
KY,Rain,16,1,1
KY,Rain,16,2,157
KY,Rain,16,3,160
KY,Rain,16,4,10
KY,Rain,17,1,4
KY,Rain,17,2,172
KY,Rain,17,3,163
KY,Rain,17,4,10
KY,Rain,18,1,1
KY,Rain,18,2,70
KY,Rain,18,3,110
KY,Rain,18,4,4
KY,Rain,19,1,1
KY,Rain,19,2,30
KY,Rain,19,3,52
KY,Rain,19,4,2
KY,Rain,20,2,28
KY,Rain,20,3,47
KY,Rain,20,4,1
KY,Rain,21,2,19
KY,Rain,21,3,35
KY,Rain,21,4,1
KY,Rain,22,2,19
KY,Rain,22,3,47
KY,Rain,22,4,12
KY,Rain,23,1,1
KY,Rain,23,2,26
KY,Rain,23,3,16
KY,Rain,23,4,3
KY,Snow/Ice,0,2,3
KY,Snow/Ice,0,4,1
KY,Snow/Ice,1,2,5
KY,Snow/Ice,1,4,1
KY,Snow/Ice,2,4,2
KY,Snow/Ice,3,2,1
KY,Snow/Ice,4,2,24
KY,Snow/Ice,4,3,6
KY,Snow/Ice,4,4,2
KY,Snow/Ice,5,2,35
KY,Snow/Ice,5,3,15
KY,Snow/Ice,5,4,1
KY,Snow/Ice,6,2,48
KY,Snow/Ice,6,3,30
KY,Snow/Ice,6,4,1
KY,Snow/Ice,7,2,89
KY,Snow/Ice,7,3,38
KY,Snow/Ice,8,2,81
KY,Snow/Ice,8,3,30
KY,Snow/Ice,9,2,7
KY,Snow/Ice,9,3,15
KY,Snow/Ice,9,4,3
KY,Snow/Ice,10,2,15
KY,Snow/Ice,10,3,22
KY,Snow/Ice,10,4,3
KY,Snow/Ice,11,2,3
KY,Snow/Ice,11,3,6
KY,Snow/Ice,12,2,2
KY,Snow/Ice,12,4,1
KY,Snow/Ice,13,2,3
KY,Snow/Ice,13,3,5
KY,Snow/Ice,14,2,13
KY,Snow/Ice,14,3,11
KY,Snow/Ice,14,4,1
KY,Snow/Ice,15,2,4
KY,Snow/Ice,15,3,8
KY,Snow/Ice,16,2,33
KY,Snow/Ice,16,3,17
KY,Snow/Ice,17,2,11
KY,Snow/Ice,17,3,15
KY,Snow/Ice,17,4,1
KY,Snow/Ice,18,2,10
KY,Snow/Ice,18,3,7
KY,Snow/Ice,19,2,2
KY,Snow/Ice,19,3,2
KY,Snow/Ice,20,2,5
KY,Snow/Ice,20,3,7
KY,Snow/Ice,21,2,1
KY,Snow/Ice,21,3,8
KY,Snow/Ice,22,2,1
KY,Snow/Ice,22,3,6
KY,Snow/Ice,23,2,5
KY,Snow/Ice,23,3,16
KY,Snow/Ice,23,4,1
KY,Thunderstorm,0,2,1
KY,Thunderstorm,0,4,2
KY,Thunderstorm,1,2,2
KY,Thunderstorm,3,3,1
KY,Thunderstorm,4,2,8
KY,Thunderstorm,4,3,4
KY,Thunderstorm,4,4,2
KY,Thunderstorm,5,2,6
KY,Thunderstorm,5,3,10
KY,Thunderstorm,6,2,6
KY,Thunderstorm,6,3,14
KY,Thunderstorm,6,4,1
KY,Thunderstorm,7,1,3
KY,Thunderstorm,7,2,18
KY,Thunderstorm,7,3,11
KY,Thunderstorm,7,4,2
KY,Thunderstorm,8,1,1
KY,Thunderstorm,8,2,32
KY,Thunderstorm,8,3,14
KY,Thunderstorm,9,2,9
KY,Thunderstorm,9,3,5
KY,Thunderstorm,10,2,2
KY,Thunderstorm,10,3,1
KY,Thunderstorm,11,2,7
KY,Thunderstorm,11,3,1
KY,Thunderstorm,12,2,4
KY,Thunderstorm,12,3,4
KY,Thunderstorm,13,2,12
KY,Thunderstorm,13,3,9
KY,Thunderstorm,14,2,12
KY,Thunderstorm,14,3,18
KY,Thunderstorm,14,4,1
KY,Thunderstorm,15,1,1
KY,Thunderstorm,15,2,12
KY,Thunderstorm,15,3,8
KY,Thunderstorm,15,4,1
KY,Thunderstorm,16,2,23
KY,Thunderstorm,16,3,26
KY,Thunderstorm,16,4,1
KY,Thunderstorm,17,1,14
KY,Thunderstorm,17,2,37
KY,Thunderstorm,17,3,33
KY,Thunderstorm,17,4,2
KY,Thunderstorm,18,2,4
KY,Thunderstorm,18,3,21
KY,Thunderstorm,19,2,6
KY,Thunderstorm,19,3,10
KY,Thunderstorm,20,2,1
KY,Thunderstorm,20,3,8
KY,Thunderstorm,21,2,3
KY,Thunderstorm,21,3,11
KY,Thunderstorm,21,4,1
KY,Thunderstorm,22,2,3
KY,Thunderstorm,22,3,3
KY,Thunderstorm,23,2,4
KY,Thunderstorm,23,3,1
KY,Thunderstorm,23,4,4
LA,Clear/Fair,0,2,862
LA,Clear/Fair,0,3,9
LA,Clear/Fair,0,4,26
LA,Clear/Fair,1,2,676
LA,Clear/Fair,1,3,5
LA,Clear/Fair,1,4,16
LA,Clear/Fair,2,2,540
LA,Clear/Fair,2,3,10
LA,Clear/Fair,2,4,20
LA,Clear/Fair,3,1,1
LA,Clear/Fair,3,2,465
LA,Clear/Fair,3,3,9
LA,Clear/Fair,3,4,19
LA,Clear/Fair,4,1,49
LA,Clear/Fair,4,2,823
LA,Clear/Fair,4,3,111
LA,Clear/Fair,4,4,23
LA,Clear/Fair,5,1,50
LA,Clear/Fair,5,2,1186
LA,Clear/Fair,5,3,176
LA,Clear/Fair,5,4,21
LA,Clear/Fair,6,1,104
LA,Clear/Fair,6,2,2538
LA,Clear/Fair,6,3,406
LA,Clear/Fair,6,4,43
LA,Clear/Fair,7,1,194
LA,Clear/Fair,7,2,4565
LA,Clear/Fair,7,3,624
LA,Clear/Fair,7,4,54
LA,Clear/Fair,8,1,227
LA,Clear/Fair,8,2,4410
LA,Clear/Fair,8,3,621
LA,Clear/Fair,8,4,55
LA,Clear/Fair,9,1,89
LA,Clear/Fair,9,2,3583
LA,Clear/Fair,9,3,363
LA,Clear/Fair,9,4,38
LA,Clear/Fair,10,1,63
LA,Clear/Fair,10,2,3447
LA,Clear/Fair,10,3,231
LA,Clear/Fair,10,4,40
LA,Clear/Fair,11,1,32
LA,Clear/Fair,11,2,2116
LA,Clear/Fair,11,3,328
LA,Clear/Fair,11,4,33
LA,Clear/Fair,12,1,48
LA,Clear/Fair,12,2,2646
LA,Clear/Fair,12,3,334
LA,Clear/Fair,12,4,35
LA,Clear/Fair,13,1,30
LA,Clear/Fair,13,2,2634
LA,Clear/Fair,13,3,318
LA,Clear/Fair,13,4,25
LA,Clear/Fair,14,1,27
LA,Clear/Fair,14,2,3057
LA,Clear/Fair,14,3,378
LA,Clear/Fair,14,4,33
LA,Clear/Fair,15,1,45
LA,Clear/Fair,15,2,4517
LA,Clear/Fair,15,3,529
LA,Clear/Fair,15,4,38
LA,Clear/Fair,16,1,84
LA,Clear/Fair,16,2,4981
LA,Clear/Fair,16,3,633
LA,Clear/Fair,16,4,52
LA,Clear/Fair,17,1,53
LA,Clear/Fair,17,2,4566
LA,Clear/Fair,17,3,778
LA,Clear/Fair,17,4,49
LA,Clear/Fair,18,1,86
LA,Clear/Fair,18,2,3423
LA,Clear/Fair,18,3,590
LA,Clear/Fair,18,4,38
LA,Clear/Fair,19,2,1920
LA,Clear/Fair,19,3,279
LA,Clear/Fair,19,4,28
LA,Clear/Fair,20,1,9
LA,Clear/Fair,20,2,1772
LA,Clear/Fair,20,3,186
LA,Clear/Fair,20,4,42
LA,Clear/Fair,21,1,3
LA,Clear/Fair,21,2,1710
LA,Clear/Fair,21,3,196
LA,Clear/Fair,21,4,32
LA,Clear/Fair,22,2,1345
LA,Clear/Fair,22,3,115
LA,Clear/Fair,22,4,29
LA,Clear/Fair,23,1,1
LA,Clear/Fair,23,2,1061
LA,Clear/Fair,23,3,17
LA,Clear/Fair,23,4,45
LA,Cloudy,0,2,446
LA,Cloudy,0,3,5
LA,Cloudy,0,4,13
LA,Cloudy,1,2,394
LA,Cloudy,1,3,7
LA,Cloudy,1,4,5
LA,Cloudy,2,2,356
LA,Cloudy,2,3,4
LA,Cloudy,2,4,9
LA,Cloudy,3,2,362
LA,Cloudy,3,3,5
LA,Cloudy,3,4,9
LA,Cloudy,4,1,26
LA,Cloudy,4,2,765
LA,Cloudy,4,3,101
LA,Cloudy,4,4,22
LA,Cloudy,5,1,32
LA,Cloudy,5,2,1183
LA,Cloudy,5,3,169
LA,Cloudy,5,4,29
LA,Cloudy,6,1,61
LA,Cloudy,6,2,2331
LA,Cloudy,6,3,385
LA,Cloudy,6,4,59
LA,Cloudy,7,1,92
LA,Cloudy,7,2,3432
LA,Cloudy,7,3,514
LA,Cloudy,7,4,48
LA,Cloudy,8,1,97
LA,Cloudy,8,2,3382
LA,Cloudy,8,3,509
LA,Cloudy,8,4,63
LA,Cloudy,9,1,108
LA,Cloudy,9,2,3253
LA,Cloudy,9,3,351
LA,Cloudy,9,4,57
LA,Cloudy,10,1,120
LA,Cloudy,10,2,3799
LA,Cloudy,10,3,358
LA,Cloudy,10,4,31
LA,Cloudy,11,1,42
LA,Cloudy,11,2,2607
LA,Cloudy,11,3,399
LA,Cloudy,11,4,54
LA,Cloudy,12,1,48
LA,Cloudy,12,2,3076
LA,Cloudy,12,3,529
LA,Cloudy,12,4,58
LA,Cloudy,13,1,50
LA,Cloudy,13,2,3415
LA,Cloudy,13,3,511
LA,Cloudy,13,4,35
LA,Cloudy,14,1,59
LA,Cloudy,14,2,3748
LA,Cloudy,14,3,588
LA,Cloudy,14,4,56
LA,Cloudy,15,1,46
LA,Cloudy,15,2,4731
LA,Cloudy,15,3,704
LA,Cloudy,15,4,49
LA,Cloudy,16,1,60
LA,Cloudy,16,2,4182
LA,Cloudy,16,3,691
LA,Cloudy,16,4,50
LA,Cloudy,17,1,46
LA,Cloudy,17,2,3206
LA,Cloudy,17,3,716
LA,Cloudy,17,4,32
LA,Cloudy,18,1,30
LA,Cloudy,18,2,2171
LA,Cloudy,18,3,454
LA,Cloudy,18,4,43
LA,Cloudy,19,2,1015
LA,Cloudy,19,3,203
LA,Cloudy,19,4,24
LA,Cloudy,20,2,840
LA,Cloudy,20,3,131
LA,Cloudy,20,4,16
LA,Cloudy,21,2,769
LA,Cloudy,21,3,111
LA,Cloudy,21,4,12
LA,Cloudy,22,2,537
LA,Cloudy,22,3,59
LA,Cloudy,22,4,13
LA,Cloudy,23,2,501
LA,Cloudy,23,3,15
LA,Cloudy,23,4,19
LA,Fog/Low visibility,0,2,89
LA,Fog/Low visibility,0,3,1
LA,Fog/Low visibility,1,2,84
LA,Fog/Low visibility,1,3,3
LA,Fog/Low visibility,2,2,79
LA,Fog/Low visibility,3,2,86
LA,Fog/Low visibility,3,3,4
LA,Fog/Low visibility,4,1,1
LA,Fog/Low visibility,4,2,140
LA,Fog/Low visibility,4,3,12
LA,Fog/Low visibility,4,4,3
LA,Fog/Low visibility,5,1,7
LA,Fog/Low visibility,5,2,182
LA,Fog/Low visibility,5,3,21
LA,Fog/Low visibility,5,4,4
LA,Fog/Low visibility,6,1,8
LA,Fog/Low visibility,6,2,314
LA,Fog/Low visibility,6,3,47
LA,Fog/Low visibility,6,4,10
LA,Fog/Low visibility,7,1,3
LA,Fog/Low visibility,7,2,527
LA,Fog/Low visibility,7,3,59
LA,Fog/Low visibility,7,4,7
LA,Fog/Low visibility,8,2,371
LA,Fog/Low visibility,8,3,37
LA,Fog/Low visibility,8,4,5
LA,Fog/Low visibility,9,1,3
LA,Fog/Low visibility,9,2,191
LA,Fog/Low visibility,9,3,18
LA,Fog/Low visibility,9,4,3
LA,Fog/Low visibility,10,1,1
LA,Fog/Low visibility,10,2,151
LA,Fog/Low visibility,10,3,15
LA,Fog/Low visibility,11,2,71
LA,Fog/Low visibility,11,3,8
LA,Fog/Low visibility,11,4,3
LA,Fog/Low visibility,12,2,88
LA,Fog/Low visibility,12,3,15
LA,Fog/Low visibility,13,1,1
LA,Fog/Low visibility,13,2,83
LA,Fog/Low visibility,13,3,18
LA,Fog/Low visibility,14,2,68
LA,Fog/Low visibility,14,3,8
LA,Fog/Low visibility,14,4,1
LA,Fog/Low visibility,15,1,2
LA,Fog/Low visibility,15,2,115
LA,Fog/Low visibility,15,3,20
LA,Fog/Low visibility,16,1,1
LA,Fog/Low visibility,16,2,85
LA,Fog/Low visibility,16,3,18
LA,Fog/Low visibility,16,4,1
LA,Fog/Low visibility,17,2,101
LA,Fog/Low visibility,17,3,14
LA,Fog/Low visibility,17,4,1
LA,Fog/Low visibility,18,2,62
LA,Fog/Low visibility,18,3,13
LA,Fog/Low visibility,19,2,41
LA,Fog/Low visibility,19,3,6
LA,Fog/Low visibility,20,2,29
LA,Fog/Low visibility,20,3,1
LA,Fog/Low visibility,21,2,64
LA,Fog/Low visibility,21,3,2
LA,Fog/Low visibility,21,4,1
LA,Fog/Low visibility,22,2,98
LA,Fog/Low visibility,22,3,4
LA,Fog/Low visibility,22,4,2
LA,Fog/Low visibility,23,2,59
LA,Fog/Low visibility,23,4,1
LA,Precipitation (type unknown),0,2,3
LA,Precipitation (type unknown),2,2,1
LA,Precipitation (type unknown),7,2,6
LA,Precipitation (type unknown),7,3,1
LA,Precipitation (type unknown),7,4,1
LA,Precipitation (type unknown),8,2,7
LA,Precipitation (type unknown),8,4,1
LA,Precipitation (type unknown),11,2,1
LA,Precipitation (type unknown),13,2,1
LA,Precipitation (type unknown),14,2,1
LA,Precipitation (type unknown),21,2,1
LA,Precipitation (type unknown),21,3,1
LA,Rain,0,2,89
LA,Rain,0,4,1
LA,Rain,1,2,57
LA,Rain,1,4,2
LA,Rain,2,2,79
LA,Rain,2,4,4
LA,Rain,3,1,1
LA,Rain,3,2,71
LA,Rain,3,3,2
LA,Rain,4,1,4
LA,Rain,4,2,116
LA,Rain,4,3,22
LA,Rain,4,4,6
LA,Rain,5,2,204
LA,Rain,5,3,43
LA,Rain,5,4,4
LA,Rain,6,1,13
LA,Rain,6,2,363
LA,Rain,6,3,67
LA,Rain,6,4,6
LA,Rain,7,1,19
LA,Rain,7,2,488
LA,Rain,7,3,96
LA,Rain,7,4,6
LA,Rain,8,1,19
LA,Rain,8,2,487
LA,Rain,8,3,81
LA,Rain,8,4,7
LA,Rain,9,1,16
LA,Rain,9,2,465
LA,Rain,9,3,67
LA,Rain,9,4,6
LA,Rain,10,1,5
LA,Rain,10,2,479
LA,Rain,10,3,79
LA,Rain,10,4,2
LA,Rain,11,1,6
LA,Rain,11,2,290
LA,Rain,11,3,76
LA,Rain,11,4,10
LA,Rain,12,2,362
LA,Rain,12,3,77
LA,Rain,12,4,3
LA,Rain,13,1,5
LA,Rain,13,2,402
LA,Rain,13,3,106
LA,Rain,13,4,8
LA,Rain,14,1,3
LA,Rain,14,2,452
LA,Rain,14,3,91
LA,Rain,14,4,11
LA,Rain,15,1,1
LA,Rain,15,2,690
LA,Rain,15,3,102
LA,Rain,15,4,9
LA,Rain,16,1,5
LA,Rain,16,2,710
LA,Rain,16,3,113
LA,Rain,16,4,5
LA,Rain,17,1,4
LA,Rain,17,2,536
LA,Rain,17,3,106
LA,Rain,17,4,9
LA,Rain,18,1,3
LA,Rain,18,2,409
LA,Rain,18,3,80
LA,Rain,18,4,2
LA,Rain,19,2,197
LA,Rain,19,3,35
LA,Rain,19,4,7
LA,Rain,20,1,1
LA,Rain,20,2,144
LA,Rain,20,3,34
LA,Rain,20,4,3
LA,Rain,21,2,113
LA,Rain,21,3,24
LA,Rain,21,4,2
LA,Rain,22,2,116
LA,Rain,22,3,12
LA,Rain,22,4,3
LA,Rain,23,2,70
LA,Rain,23,3,4
LA,Rain,23,4,3
LA,Severe wind,8,2,2
LA,Severe wind,17,3,1
LA,Snow/Ice,1,2,1
LA,Snow/Ice,2,2,2
LA,Snow/Ice,3,2,5
LA,Snow/Ice,4,2,9
LA,Snow/Ice,4,3,8
LA,Snow/Ice,5,2,7
LA,Snow/Ice,5,3,2
LA,Snow/Ice,6,2,17
LA,Snow/Ice,6,3,6
LA,Snow/Ice,7,2,14
LA,Snow/Ice,8,2,9
LA,Snow/Ice,8,3,6
LA,Snow/Ice,9,2,3
LA,Snow/Ice,9,3,1
LA,Snow/Ice,10,2,4
LA,Snow/Ice,10,3,2
LA,Snow/Ice,11,2,1
LA,Snow/Ice,12,2,6
LA,Snow/Ice,12,3,8
LA,Snow/Ice,13,2,4
LA,Snow/Ice,13,3,3
LA,Snow/Ice,14,2,5
LA,Snow/Ice,14,3,1
LA,Snow/Ice,14,4,2
LA,Snow/Ice,15,2,10
LA,Snow/Ice,16,2,5
LA,Snow/Ice,17,2,8
LA,Snow/Ice,17,3,2
LA,Snow/Ice,18,2,2
LA,Snow/Ice,19,2,1
LA,Snow/Ice,20,2,1
LA,Snow/Ice,20,3,2
LA,Snow/Ice,21,3,1
LA,Thunderstorm,0,2,19
LA,Thunderstorm,1,2,7
LA,Thunderstorm,2,2,12
LA,Thunderstorm,3,2,11
LA,Thunderstorm,3,4,2
LA,Thunderstorm,4,2,43
LA,Thunderstorm,4,3,7
LA,Thunderstorm,4,4,2
LA,Thunderstorm,5,1,1
LA,Thunderstorm,5,2,62
LA,Thunderstorm,5,3,12
LA,Thunderstorm,5,4,2
LA,Thunderstorm,6,1,8
LA,Thunderstorm,6,2,96
LA,Thunderstorm,6,3,23
LA,Thunderstorm,7,1,12
LA,Thunderstorm,7,2,114
LA,Thunderstorm,7,3,37
LA,Thunderstorm,7,4,4
LA,Thunderstorm,8,1,15
LA,Thunderstorm,8,2,134
LA,Thunderstorm,8,3,26
LA,Thunderstorm,8,4,2
LA,Thunderstorm,9,1,9
LA,Thunderstorm,9,2,154
LA,Thunderstorm,9,3,18
LA,Thunderstorm,10,1,4
LA,Thunderstorm,10,2,203
LA,Thunderstorm,10,3,27
LA,Thunderstorm,10,4,4
LA,Thunderstorm,11,1,3
LA,Thunderstorm,11,2,167
LA,Thunderstorm,11,3,54
LA,Thunderstorm,11,4,3
LA,Thunderstorm,12,1,2
LA,Thunderstorm,12,2,211
LA,Thunderstorm,12,3,57
LA,Thunderstorm,12,4,2
LA,Thunderstorm,13,1,2
LA,Thunderstorm,13,2,284
LA,Thunderstorm,13,3,53
LA,Thunderstorm,13,4,3
LA,Thunderstorm,14,1,8
LA,Thunderstorm,14,2,417
LA,Thunderstorm,14,3,75
LA,Thunderstorm,14,4,2
LA,Thunderstorm,15,1,8
LA,Thunderstorm,15,2,705
LA,Thunderstorm,15,3,109
LA,Thunderstorm,15,4,6
LA,Thunderstorm,16,1,3
LA,Thunderstorm,16,2,614
LA,Thunderstorm,16,3,90
LA,Thunderstorm,16,4,5
LA,Thunderstorm,17,1,12
LA,Thunderstorm,17,2,405
LA,Thunderstorm,17,3,61
LA,Thunderstorm,17,4,2
LA,Thunderstorm,18,1,2
LA,Thunderstorm,18,2,236
LA,Thunderstorm,18,3,39
LA,Thunderstorm,18,4,3
LA,Thunderstorm,19,2,99
LA,Thunderstorm,19,3,24
LA,Thunderstorm,19,4,1
LA,Thunderstorm,20,2,40
LA,Thunderstorm,20,3,11
LA,Thunderstorm,21,2,47
LA,Thunderstorm,21,3,4
LA,Thunderstorm,22,2,30
LA,Thunderstorm,22,3,5
LA,Thunderstorm,22,4,2
LA,Thunderstorm,23,2,29
LA,Thunderstorm,23,4,2
MA,Clear/Fair,0,1,6
MA,Clear/Fair,0,2,39
MA,Clear/Fair,0,3,13
MA,Clear/Fair,0,4,4
MA,Clear/Fair,1,1,7
MA,Clear/Fair,1,2,40
MA,Clear/Fair,1,3,5
MA,Clear/Fair,1,4,4
MA,Clear/Fair,2,1,3
MA,Clear/Fair,2,2,33
MA,Clear/Fair,2,3,7
MA,Clear/Fair,2,4,1
MA,Clear/Fair,3,2,24
MA,Clear/Fair,3,3,6
MA,Clear/Fair,3,4,3
MA,Clear/Fair,4,1,16
MA,Clear/Fair,4,2,233
MA,Clear/Fair,4,3,138
MA,Clear/Fair,4,4,3
MA,Clear/Fair,5,1,31
MA,Clear/Fair,5,2,465
MA,Clear/Fair,5,3,314
MA,Clear/Fair,5,4,8
MA,Clear/Fair,6,1,37
MA,Clear/Fair,6,2,1122
MA,Clear/Fair,6,3,680
MA,Clear/Fair,6,4,11
MA,Clear/Fair,7,1,86
MA,Clear/Fair,7,2,2039
MA,Clear/Fair,7,3,952
MA,Clear/Fair,7,4,2
MA,Clear/Fair,8,1,101
MA,Clear/Fair,8,2,1973
MA,Clear/Fair,8,3,869
MA,Clear/Fair,8,4,5
MA,Clear/Fair,9,1,82
MA,Clear/Fair,9,2,1287
MA,Clear/Fair,9,3,434
MA,Clear/Fair,9,4,3
MA,Clear/Fair,10,1,100
MA,Clear/Fair,10,2,900
MA,Clear/Fair,10,3,254
MA,Clear/Fair,10,4,6
MA,Clear/Fair,11,1,55
MA,Clear/Fair,11,2,677
MA,Clear/Fair,11,3,169
MA,Clear/Fair,11,4,5
MA,Clear/Fair,12,2,175
MA,Clear/Fair,12,3,107
MA,Clear/Fair,12,4,8
MA,Clear/Fair,13,1,2
MA,Clear/Fair,13,2,255
MA,Clear/Fair,13,3,161
MA,Clear/Fair,13,4,6
MA,Clear/Fair,14,1,2
MA,Clear/Fair,14,2,332
MA,Clear/Fair,14,3,220
MA,Clear/Fair,14,4,12
MA,Clear/Fair,15,1,3
MA,Clear/Fair,15,2,317
MA,Clear/Fair,15,3,256
MA,Clear/Fair,15,4,8
MA,Clear/Fair,16,1,78
MA,Clear/Fair,16,2,1685
MA,Clear/Fair,16,3,718
MA,Clear/Fair,16,4,15
MA,Clear/Fair,17,1,67
MA,Clear/Fair,17,2,1588
MA,Clear/Fair,17,3,688
MA,Clear/Fair,17,4,13
MA,Clear/Fair,18,1,31
MA,Clear/Fair,18,2,850
MA,Clear/Fair,18,3,317
MA,Clear/Fair,18,4,8
MA,Clear/Fair,19,1,6
MA,Clear/Fair,19,2,276
MA,Clear/Fair,19,3,106
MA,Clear/Fair,19,4,9
MA,Clear/Fair,20,1,10
MA,Clear/Fair,20,2,208
MA,Clear/Fair,20,3,72
MA,Clear/Fair,20,4,3
MA,Clear/Fair,21,1,5
MA,Clear/Fair,21,2,142
MA,Clear/Fair,21,3,44
MA,Clear/Fair,21,4,7
MA,Clear/Fair,22,1,8
MA,Clear/Fair,22,2,133
MA,Clear/Fair,22,3,53
MA,Clear/Fair,22,4,11
MA,Clear/Fair,23,1,4
MA,Clear/Fair,23,2,44
MA,Clear/Fair,23,3,10
MA,Clear/Fair,23,4,4
MA,Cloudy,0,1,1
MA,Cloudy,0,2,38
MA,Cloudy,0,3,10
MA,Cloudy,0,4,2
MA,Cloudy,1,1,1
MA,Cloudy,1,2,28
MA,Cloudy,1,3,6
MA,Cloudy,1,4,7
MA,Cloudy,2,1,2
MA,Cloudy,2,2,16
MA,Cloudy,2,3,7
MA,Cloudy,3,1,2
MA,Cloudy,3,2,14
MA,Cloudy,3,3,10
MA,Cloudy,3,4,1
MA,Cloudy,4,1,16
MA,Cloudy,4,2,226
MA,Cloudy,4,3,126
MA,Cloudy,4,4,3
MA,Cloudy,5,1,22
MA,Cloudy,5,2,605
MA,Cloudy,5,3,337
MA,Cloudy,5,4,16
MA,Cloudy,6,1,45
MA,Cloudy,6,2,1338
MA,Cloudy,6,3,721
MA,Cloudy,6,4,9
MA,Cloudy,7,1,77
MA,Cloudy,7,2,2268
MA,Cloudy,7,3,1071
MA,Cloudy,7,4,5
MA,Cloudy,8,1,81
MA,Cloudy,8,2,2171
MA,Cloudy,8,3,1049
MA,Cloudy,8,4,18
MA,Cloudy,9,1,63
MA,Cloudy,9,2,1375
MA,Cloudy,9,3,490
MA,Cloudy,9,4,6
MA,Cloudy,10,1,84
MA,Cloudy,10,2,1034
MA,Cloudy,10,3,311
MA,Cloudy,10,4,10
MA,Cloudy,11,1,36
MA,Cloudy,11,2,789
MA,Cloudy,11,3,252
MA,Cloudy,11,4,9
MA,Cloudy,12,1,1
MA,Cloudy,12,2,271
MA,Cloudy,12,3,143
MA,Cloudy,12,4,11
MA,Cloudy,13,2,455
MA,Cloudy,13,3,250
MA,Cloudy,13,4,15
MA,Cloudy,14,2,574
MA,Cloudy,14,3,370
MA,Cloudy,14,4,24
MA,Cloudy,15,2,597
MA,Cloudy,15,3,480
MA,Cloudy,15,4,16
MA,Cloudy,16,1,74
MA,Cloudy,16,2,2265
MA,Cloudy,16,3,952
MA,Cloudy,16,4,21
MA,Cloudy,17,1,52
MA,Cloudy,17,2,2016
MA,Cloudy,17,3,833
MA,Cloudy,17,4,14
MA,Cloudy,18,1,12
MA,Cloudy,18,2,963
MA,Cloudy,18,3,339
MA,Cloudy,18,4,21
MA,Cloudy,19,2,317
MA,Cloudy,19,3,109
MA,Cloudy,19,4,13
MA,Cloudy,20,1,3
MA,Cloudy,20,2,212
MA,Cloudy,20,3,75
MA,Cloudy,20,4,14
MA,Cloudy,21,1,2
MA,Cloudy,21,2,153
MA,Cloudy,21,3,55
MA,Cloudy,21,4,7
MA,Cloudy,22,1,8
MA,Cloudy,22,2,124
MA,Cloudy,22,3,55
MA,Cloudy,22,4,6
MA,Cloudy,23,1,1
MA,Cloudy,23,2,41
MA,Cloudy,23,3,12
MA,Cloudy,23,4,6
MA,Fog/Low visibility,0,2,7
MA,Fog/Low visibility,0,3,1
MA,Fog/Low visibility,0,4,1
MA,Fog/Low visibility,1,2,2
MA,Fog/Low visibility,1,4,1
MA,Fog/Low visibility,2,2,5
MA,Fog/Low visibility,3,2,1
MA,Fog/Low visibility,4,1,3
MA,Fog/Low visibility,4,2,26
MA,Fog/Low visibility,4,3,17
MA,Fog/Low visibility,5,1,2
MA,Fog/Low visibility,5,2,75
MA,Fog/Low visibility,5,3,56
MA,Fog/Low visibility,6,1,6
MA,Fog/Low visibility,6,2,118
MA,Fog/Low visibility,6,3,78
MA,Fog/Low visibility,6,4,1
MA,Fog/Low visibility,7,1,5
MA,Fog/Low visibility,7,2,188
MA,Fog/Low visibility,7,3,90
MA,Fog/Low visibility,7,4,5
MA,Fog/Low visibility,8,1,2
MA,Fog/Low visibility,8,2,148
MA,Fog/Low visibility,8,3,54
MA,Fog/Low visibility,8,4,4
MA,Fog/Low visibility,9,1,4
MA,Fog/Low visibility,9,2,87
MA,Fog/Low visibility,9,3,22
MA,Fog/Low visibility,10,1,1
MA,Fog/Low visibility,10,2,40
MA,Fog/Low visibility,10,3,10
MA,Fog/Low visibility,11,1,2
MA,Fog/Low visibility,11,2,20
MA,Fog/Low visibility,11,3,7
MA,Fog/Low visibility,12,2,4
MA,Fog/Low visibility,12,3,3
MA,Fog/Low visibility,13,2,3
MA,Fog/Low visibility,13,3,5
MA,Fog/Low visibility,14,2,9
MA,Fog/Low visibility,14,3,6
MA,Fog/Low visibility,15,2,8
MA,Fog/Low visibility,15,3,8
MA,Fog/Low visibility,16,1,1
MA,Fog/Low visibility,16,2,72
MA,Fog/Low visibility,16,3,11
MA,Fog/Low visibility,17,1,1
MA,Fog/Low visibility,17,2,63
MA,Fog/Low visibility,17,3,13
MA,Fog/Low visibility,18,2,31
MA,Fog/Low visibility,18,3,10
MA,Fog/Low visibility,19,2,9
MA,Fog/Low visibility,19,3,5
MA,Fog/Low visibility,19,4,1
MA,Fog/Low visibility,20,2,6
MA,Fog/Low visibility,20,3,2
MA,Fog/Low visibility,21,2,7
MA,Fog/Low visibility,21,3,1
MA,Fog/Low visibility,22,2,10
MA,Fog/Low visibility,22,3,2
MA,Fog/Low visibility,23,2,5
MA,Precipitation (type unknown),4,3,1
MA,Precipitation (type unknown),5,2,4
MA,Precipitation (type unknown),5,3,2
MA,Precipitation (type unknown),6,2,1
MA,Precipitation (type unknown),7,2,3
MA,Precipitation (type unknown),8,2,5
MA,Precipitation (type unknown),9,2,1
MA,Precipitation (type unknown),10,2,1
MA,Precipitation (type unknown),11,2,1
MA,Precipitation (type unknown),11,4,1
MA,Precipitation (type unknown),12,3,1
MA,Precipitation (type unknown),16,2,2
MA,Rain,0,1,2
MA,Rain,0,2,12
MA,Rain,0,3,3
MA,Rain,0,4,1
MA,Rain,1,1,4
MA,Rain,1,2,8
MA,Rain,1,3,2
MA,Rain,2,1,1
MA,Rain,2,2,3
MA,Rain,2,3,2
MA,Rain,3,1,2
MA,Rain,3,2,4
MA,Rain,3,3,3
MA,Rain,3,4,2
MA,Rain,4,2,94
MA,Rain,4,3,63
MA,Rain,5,1,10
MA,Rain,5,2,218
MA,Rain,5,3,126
MA,Rain,5,4,6
MA,Rain,6,1,12
MA,Rain,6,2,289
MA,Rain,6,3,173
MA,Rain,6,4,6
MA,Rain,7,1,4
MA,Rain,7,2,484
MA,Rain,7,3,240
MA,Rain,7,4,5
MA,Rain,8,1,11
MA,Rain,8,2,497
MA,Rain,8,3,195
MA,Rain,8,4,8
MA,Rain,9,1,3
MA,Rain,9,2,292
MA,Rain,9,3,137
MA,Rain,9,4,6
MA,Rain,10,1,2
MA,Rain,10,2,198
MA,Rain,10,3,54
MA,Rain,11,1,6
MA,Rain,11,2,132
MA,Rain,11,3,50
MA,Rain,12,1,1
MA,Rain,12,2,53
MA,Rain,12,3,26
MA,Rain,12,4,2
MA,Rain,13,2,98
MA,Rain,13,3,47
MA,Rain,13,4,3
MA,Rain,14,2,120
MA,Rain,14,3,67
MA,Rain,14,4,5
MA,Rain,15,2,103
MA,Rain,15,3,89
MA,Rain,15,4,1
MA,Rain,16,1,9
MA,Rain,16,2,419
MA,Rain,16,3,196
MA,Rain,16,4,7
MA,Rain,17,1,10
MA,Rain,17,2,408
MA,Rain,17,3,176
MA,Rain,17,4,3
MA,Rain,18,1,3
MA,Rain,18,2,197
MA,Rain,18,3,91
MA,Rain,18,4,4
MA,Rain,19,1,2
MA,Rain,19,2,52
MA,Rain,19,3,32
MA,Rain,19,4,2
MA,Rain,20,1,2
MA,Rain,20,2,48
MA,Rain,20,3,18
MA,Rain,20,4,1
MA,Rain,21,1,1
MA,Rain,21,2,31
MA,Rain,21,3,10
MA,Rain,22,1,3
MA,Rain,22,2,27
MA,Rain,22,3,17
MA,Rain,22,4,1
MA,Rain,23,1,1
MA,Rain,23,2,20
MA,Rain,23,3,3
MA,Severe wind,11,2,1
MA,Snow/Ice,0,2,4
MA,Snow/Ice,0,4,1
MA,Snow/Ice,1,2,1
MA,Snow/Ice,1,3,1
MA,Snow/Ice,1,4,1
MA,Snow/Ice,2,2,1
MA,Snow/Ice,2,3,1
MA,Snow/Ice,4,1,1
MA,Snow/Ice,4,2,38
MA,Snow/Ice,4,3,41
MA,Snow/Ice,5,1,2
MA,Snow/Ice,5,2,92
MA,Snow/Ice,5,3,62
MA,Snow/Ice,5,4,2
MA,Snow/Ice,6,2,121
MA,Snow/Ice,6,3,80
MA,Snow/Ice,7,2,217
MA,Snow/Ice,7,3,84
MA,Snow/Ice,8,2,217
MA,Snow/Ice,8,3,82
MA,Snow/Ice,8,4,1
MA,Snow/Ice,9,2,145
MA,Snow/Ice,9,3,48
MA,Snow/Ice,9,4,1
MA,Snow/Ice,10,2,95
MA,Snow/Ice,10,3,28
MA,Snow/Ice,11,2,65
MA,Snow/Ice,11,3,19
MA,Snow/Ice,11,4,1
MA,Snow/Ice,12,2,14
MA,Snow/Ice,12,3,6
MA,Snow/Ice,13,2,41
MA,Snow/Ice,13,3,26
MA,Snow/Ice,14,2,46
MA,Snow/Ice,14,3,31
MA,Snow/Ice,14,4,4
MA,Snow/Ice,15,2,49
MA,Snow/Ice,15,3,19
MA,Snow/Ice,15,4,4
MA,Snow/Ice,16,2,155
MA,Snow/Ice,16,3,49
MA,Snow/Ice,16,4,1
MA,Snow/Ice,17,2,139
MA,Snow/Ice,17,3,37
MA,Snow/Ice,17,4,3
MA,Snow/Ice,18,2,73
MA,Snow/Ice,18,3,20
MA,Snow/Ice,18,4,1
MA,Snow/Ice,19,2,24
MA,Snow/Ice,19,3,14
MA,Snow/Ice,19,4,2
MA,Snow/Ice,20,2,26
MA,Snow/Ice,20,3,7
MA,Snow/Ice,20,4,1
MA,Snow/Ice,21,2,16
MA,Snow/Ice,21,3,7
MA,Snow/Ice,21,4,2
MA,Snow/Ice,22,2,9
MA,Snow/Ice,22,3,4
MA,Snow/Ice,23,2,8
MA,Snow/Ice,23,3,1
MA,Thunderstorm,0,3,1
MA,Thunderstorm,1,3,1
MA,Thunderstorm,3,3,1
MA,Thunderstorm,4,2,3
MA,Thunderstorm,5,2,3
MA,Thunderstorm,5,3,2
MA,Thunderstorm,6,2,6
MA,Thunderstorm,6,3,2
MA,Thunderstorm,7,1,1
MA,Thunderstorm,7,3,3
MA,Thunderstorm,8,1,2
MA,Thunderstorm,8,2,1
MA,Thunderstorm,9,2,2
MA,Thunderstorm,9,3,1
MA,Thunderstorm,10,2,10
MA,Thunderstorm,10,3,1
MA,Thunderstorm,10,4,1
MA,Thunderstorm,11,2,12
MA,Thunderstorm,11,3,1
MA,Thunderstorm,12,2,6
MA,Thunderstorm,12,3,1
MA,Thunderstorm,13,2,4
MA,Thunderstorm,14,2,1
MA,Thunderstorm,14,3,1
MA,Thunderstorm,15,2,5
MA,Thunderstorm,15,3,6
MA,Thunderstorm,16,2,32
MA,Thunderstorm,16,3,15
MA,Thunderstorm,17,1,3
MA,Thunderstorm,17,2,21
MA,Thunderstorm,17,3,20
MA,Thunderstorm,18,2,17
MA,Thunderstorm,18,3,3
MA,Thunderstorm,19,2,1
MA,Thunderstorm,19,3,2
MA,Thunderstorm,20,2,5
MA,Thunderstorm,20,3,2
MA,Thunderstorm,21,3,1
MA,Thunderstorm,21,4,1
MA,Thunderstorm,23,2,2
MD,Clear/Fair,0,2,615
MD,Clear/Fair,0,3,55
MD,Clear/Fair,0,4,165
MD,Clear/Fair,1,2,617
MD,Clear/Fair,1,3,23
MD,Clear/Fair,1,4,87
MD,Clear/Fair,2,2,535
MD,Clear/Fair,2,3,16
MD,Clear/Fair,2,4,104
MD,Clear/Fair,3,2,562
MD,Clear/Fair,3,3,30
MD,Clear/Fair,3,4,83
MD,Clear/Fair,4,1,3
MD,Clear/Fair,4,2,801
MD,Clear/Fair,4,3,137
MD,Clear/Fair,4,4,108
MD,Clear/Fair,5,1,7
MD,Clear/Fair,5,2,1416
MD,Clear/Fair,5,3,283
MD,Clear/Fair,5,4,170
MD,Clear/Fair,6,1,12
MD,Clear/Fair,6,2,2150
MD,Clear/Fair,6,3,509
MD,Clear/Fair,6,4,156
MD,Clear/Fair,7,1,21
MD,Clear/Fair,7,2,2900
MD,Clear/Fair,7,3,635
MD,Clear/Fair,7,4,208
MD,Clear/Fair,8,1,29
MD,Clear/Fair,8,2,2883
MD,Clear/Fair,8,3,580
MD,Clear/Fair,8,4,184
MD,Clear/Fair,9,1,7
MD,Clear/Fair,9,2,1613
MD,Clear/Fair,9,3,413
MD,Clear/Fair,9,4,175
MD,Clear/Fair,10,1,6
MD,Clear/Fair,10,2,1537
MD,Clear/Fair,10,3,322
MD,Clear/Fair,10,4,140
MD,Clear/Fair,11,1,11
MD,Clear/Fair,11,2,1466
MD,Clear/Fair,11,3,327
MD,Clear/Fair,11,4,133
MD,Clear/Fair,12,1,12
MD,Clear/Fair,12,2,1700
MD,Clear/Fair,12,3,275
MD,Clear/Fair,12,4,167
MD,Clear/Fair,13,1,8
MD,Clear/Fair,13,2,1755
MD,Clear/Fair,13,3,310
MD,Clear/Fair,13,4,183
MD,Clear/Fair,14,2,2032
MD,Clear/Fair,14,3,271
MD,Clear/Fair,14,4,157
MD,Clear/Fair,15,1,7
MD,Clear/Fair,15,2,2185
MD,Clear/Fair,15,3,289
MD,Clear/Fair,15,4,163
MD,Clear/Fair,16,1,3
MD,Clear/Fair,16,2,2263
MD,Clear/Fair,16,3,322
MD,Clear/Fair,16,4,198
MD,Clear/Fair,17,1,1
MD,Clear/Fair,17,2,2484
MD,Clear/Fair,17,3,410
MD,Clear/Fair,17,4,229
MD,Clear/Fair,18,1,12
MD,Clear/Fair,18,2,2056
MD,Clear/Fair,18,3,391
MD,Clear/Fair,18,4,249
MD,Clear/Fair,19,1,17
MD,Clear/Fair,19,2,1357
MD,Clear/Fair,19,3,302
MD,Clear/Fair,19,4,198
MD,Clear/Fair,20,1,3
MD,Clear/Fair,20,2,1194
MD,Clear/Fair,20,3,218
MD,Clear/Fair,20,4,170
MD,Clear/Fair,21,2,977
MD,Clear/Fair,21,3,136
MD,Clear/Fair,21,4,161
MD,Clear/Fair,22,2,959
MD,Clear/Fair,22,3,130
MD,Clear/Fair,22,4,154
MD,Clear/Fair,23,1,1
MD,Clear/Fair,23,2,837
MD,Clear/Fair,23,3,41
MD,Clear/Fair,23,4,156
MD,Cloudy,0,2,537
MD,Cloudy,0,3,39
MD,Cloudy,0,4,137
MD,Cloudy,1,1,1
MD,Cloudy,1,2,513
MD,Cloudy,1,3,26
MD,Cloudy,1,4,67
MD,Cloudy,2,2,540
MD,Cloudy,2,3,35
MD,Cloudy,2,4,96
MD,Cloudy,3,2,480
MD,Cloudy,3,3,43
MD,Cloudy,3,4,85
MD,Cloudy,4,1,3
MD,Cloudy,4,2,755
MD,Cloudy,4,3,247
MD,Cloudy,4,4,109
MD,Cloudy,5,1,10
MD,Cloudy,5,2,1400
MD,Cloudy,5,3,391
MD,Cloudy,5,4,116
MD,Cloudy,6,1,14
MD,Cloudy,6,2,2359
MD,Cloudy,6,3,721
MD,Cloudy,6,4,172
MD,Cloudy,7,1,18
MD,Cloudy,7,2,2903
MD,Cloudy,7,3,930
MD,Cloudy,7,4,199
MD,Cloudy,8,1,41
MD,Cloudy,8,2,2509
MD,Cloudy,8,3,858
MD,Cloudy,8,4,219
MD,Cloudy,9,1,11
MD,Cloudy,9,2,1587
MD,Cloudy,9,3,541
MD,Cloudy,9,4,183
MD,Cloudy,10,1,3
MD,Cloudy,10,2,1563
MD,Cloudy,10,3,538
MD,Cloudy,10,4,202
MD,Cloudy,11,1,13
MD,Cloudy,11,2,1725
MD,Cloudy,11,3,518
MD,Cloudy,11,4,200
MD,Cloudy,12,1,9
MD,Cloudy,12,2,1977
MD,Cloudy,12,3,503
MD,Cloudy,12,4,183
MD,Cloudy,13,1,18
MD,Cloudy,13,2,2219
MD,Cloudy,13,3,580
MD,Cloudy,13,4,257
MD,Cloudy,14,1,7
MD,Cloudy,14,2,2554
MD,Cloudy,14,3,697
MD,Cloudy,14,4,256
MD,Cloudy,15,1,9
MD,Cloudy,15,2,2496
MD,Cloudy,15,3,619
MD,Cloudy,15,4,240
MD,Cloudy,16,1,5
MD,Cloudy,16,2,2597
MD,Cloudy,16,3,656
MD,Cloudy,16,4,248
MD,Cloudy,17,1,6
MD,Cloudy,17,2,2508
MD,Cloudy,17,3,612
MD,Cloudy,17,4,276
MD,Cloudy,18,1,23
MD,Cloudy,18,2,1694
MD,Cloudy,18,3,503
MD,Cloudy,18,4,199
MD,Cloudy,19,1,9
MD,Cloudy,19,2,1071
MD,Cloudy,19,3,325
MD,Cloudy,19,4,159
MD,Cloudy,20,1,8
MD,Cloudy,20,2,899
MD,Cloudy,20,3,254
MD,Cloudy,20,4,140
MD,Cloudy,21,2,683
MD,Cloudy,21,3,174
MD,Cloudy,21,4,85
MD,Cloudy,22,2,706
MD,Cloudy,22,3,161
MD,Cloudy,22,4,116
MD,Cloudy,23,2,628
MD,Cloudy,23,3,58
MD,Cloudy,23,4,105
MD,Fog/Low visibility,0,2,41
MD,Fog/Low visibility,0,3,2
MD,Fog/Low visibility,0,4,8
MD,Fog/Low visibility,1,2,40
MD,Fog/Low visibility,1,4,6
MD,Fog/Low visibility,2,2,39
MD,Fog/Low visibility,2,4,9
MD,Fog/Low visibility,3,2,39
MD,Fog/Low visibility,3,3,2
MD,Fog/Low visibility,3,4,4
MD,Fog/Low visibility,4,2,68
MD,Fog/Low visibility,4,3,11
MD,Fog/Low visibility,4,4,11
MD,Fog/Low visibility,5,2,119
MD,Fog/Low visibility,5,3,21
MD,Fog/Low visibility,5,4,8
MD,Fog/Low visibility,6,1,1
MD,Fog/Low visibility,6,2,175
MD,Fog/Low visibility,6,3,30
MD,Fog/Low visibility,6,4,12
MD,Fog/Low visibility,7,1,2
MD,Fog/Low visibility,7,2,206
MD,Fog/Low visibility,7,3,34
MD,Fog/Low visibility,7,4,15
MD,Fog/Low visibility,8,1,2
MD,Fog/Low visibility,8,2,153
MD,Fog/Low visibility,8,3,32
MD,Fog/Low visibility,8,4,12
MD,Fog/Low visibility,9,1,2
MD,Fog/Low visibility,9,2,62
MD,Fog/Low visibility,9,3,10
MD,Fog/Low visibility,9,4,5
MD,Fog/Low visibility,10,2,67
MD,Fog/Low visibility,10,3,16
MD,Fog/Low visibility,10,4,8
MD,Fog/Low visibility,11,2,61
MD,Fog/Low visibility,11,3,7
MD,Fog/Low visibility,11,4,5
MD,Fog/Low visibility,12,1,1
MD,Fog/Low visibility,12,2,46
MD,Fog/Low visibility,12,3,10
MD,Fog/Low visibility,12,4,5
MD,Fog/Low visibility,13,2,41
MD,Fog/Low visibility,13,3,9
MD,Fog/Low visibility,13,4,2
MD,Fog/Low visibility,14,2,33
MD,Fog/Low visibility,14,3,14
MD,Fog/Low visibility,14,4,7
MD,Fog/Low visibility,15,1,1
MD,Fog/Low visibility,15,2,57
MD,Fog/Low visibility,15,3,4
MD,Fog/Low visibility,15,4,7
MD,Fog/Low visibility,16,2,43
MD,Fog/Low visibility,16,3,3
MD,Fog/Low visibility,16,4,5
MD,Fog/Low visibility,17,2,24
MD,Fog/Low visibility,17,3,7
MD,Fog/Low visibility,17,4,2
MD,Fog/Low visibility,18,2,23
MD,Fog/Low visibility,18,3,8
MD,Fog/Low visibility,18,4,10
MD,Fog/Low visibility,19,2,27
MD,Fog/Low visibility,19,3,5
MD,Fog/Low visibility,19,4,4
MD,Fog/Low visibility,20,2,25
MD,Fog/Low visibility,20,3,2
MD,Fog/Low visibility,20,4,8
MD,Fog/Low visibility,21,2,44
MD,Fog/Low visibility,21,3,1
MD,Fog/Low visibility,21,4,6
MD,Fog/Low visibility,22,2,39
MD,Fog/Low visibility,22,3,1
MD,Fog/Low visibility,22,4,4
MD,Fog/Low visibility,23,2,29
MD,Fog/Low visibility,23,3,1
MD,Fog/Low visibility,23,4,4
MD,Precipitation (type unknown),1,2,3
MD,Precipitation (type unknown),1,4,1
MD,Precipitation (type unknown),3,2,1
MD,Precipitation (type unknown),4,2,1
MD,Precipitation (type unknown),5,2,2
MD,Precipitation (type unknown),7,2,2
MD,Precipitation (type unknown),9,2,7
MD,Precipitation (type unknown),13,2,5
MD,Precipitation (type unknown),13,4,1
MD,Precipitation (type unknown),14,2,4
MD,Precipitation (type unknown),15,2,3
MD,Precipitation (type unknown),16,2,1
MD,Precipitation (type unknown),17,2,4
MD,Precipitation (type unknown),19,2,3
MD,Precipitation (type unknown),20,3,1
MD,Precipitation (type unknown),21,2,4
MD,Rain,0,2,103
MD,Rain,0,3,9
MD,Rain,0,4,26
MD,Rain,1,2,81
MD,Rain,1,3,6
MD,Rain,1,4,9
MD,Rain,2,2,49
MD,Rain,2,3,7
MD,Rain,2,4,9
MD,Rain,3,2,65
MD,Rain,3,3,6
MD,Rain,3,4,10
MD,Rain,4,2,109
MD,Rain,4,3,37
MD,Rain,4,4,24
MD,Rain,5,2,312
MD,Rain,5,3,70
MD,Rain,5,4,24
MD,Rain,6,2,376
MD,Rain,6,3,121
MD,Rain,6,4,16
MD,Rain,7,1,3
MD,Rain,7,2,514
MD,Rain,7,3,114
MD,Rain,7,4,21
MD,Rain,8,1,3
MD,Rain,8,2,388
MD,Rain,8,3,83
MD,Rain,8,4,20
MD,Rain,9,2,286
MD,Rain,9,3,87
MD,Rain,9,4,26
MD,Rain,10,1,2
MD,Rain,10,2,199
MD,Rain,10,3,78
MD,Rain,10,4,35
MD,Rain,11,1,1
MD,Rain,11,2,238
MD,Rain,11,3,61
MD,Rain,11,4,24
MD,Rain,12,1,4
MD,Rain,12,2,265
MD,Rain,12,3,67
MD,Rain,12,4,24
MD,Rain,13,2,225
MD,Rain,13,3,75
MD,Rain,13,4,20
MD,Rain,14,1,2
MD,Rain,14,2,311
MD,Rain,14,3,77
MD,Rain,14,4,42
MD,Rain,15,2,299
MD,Rain,15,3,64
MD,Rain,15,4,22
MD,Rain,16,2,343
MD,Rain,16,3,49
MD,Rain,16,4,28
MD,Rain,17,2,294
MD,Rain,17,3,54
MD,Rain,17,4,29
MD,Rain,18,1,2
MD,Rain,18,2,204
MD,Rain,18,3,33
MD,Rain,18,4,24
MD,Rain,19,1,2
MD,Rain,19,2,197
MD,Rain,19,3,40
MD,Rain,19,4,30
MD,Rain,20,2,166
MD,Rain,20,3,28
MD,Rain,20,4,20
MD,Rain,21,2,111
MD,Rain,21,3,23
MD,Rain,21,4,24
MD,Rain,22,2,129
MD,Rain,22,3,21
MD,Rain,22,4,33
MD,Rain,23,2,114
MD,Rain,23,3,12
MD,Rain,23,4,19
MD,Severe wind,16,2,1
MD,Snow/Ice,0,2,43
MD,Snow/Ice,0,3,2
MD,Snow/Ice,0,4,3
MD,Snow/Ice,1,2,33
MD,Snow/Ice,1,3,1
MD,Snow/Ice,1,4,3
MD,Snow/Ice,2,2,22
MD,Snow/Ice,2,3,2
MD,Snow/Ice,2,4,2
MD,Snow/Ice,3,2,23
MD,Snow/Ice,3,3,2
MD,Snow/Ice,3,4,3
MD,Snow/Ice,4,2,59
MD,Snow/Ice,4,3,8
MD,Snow/Ice,4,4,2
MD,Snow/Ice,5,2,125
MD,Snow/Ice,5,3,21
MD,Snow/Ice,5,4,12
MD,Snow/Ice,6,2,133
MD,Snow/Ice,6,3,20
MD,Snow/Ice,6,4,11
MD,Snow/Ice,7,2,177
MD,Snow/Ice,7,3,31
MD,Snow/Ice,7,4,33
MD,Snow/Ice,8,2,165
MD,Snow/Ice,8,3,31
MD,Snow/Ice,8,4,8
MD,Snow/Ice,9,2,160
MD,Snow/Ice,9,3,23
MD,Snow/Ice,9,4,23
MD,Snow/Ice,10,2,188
MD,Snow/Ice,10,3,29
MD,Snow/Ice,10,4,27
MD,Snow/Ice,11,2,147
MD,Snow/Ice,11,3,19
MD,Snow/Ice,11,4,25
MD,Snow/Ice,12,2,71
MD,Snow/Ice,12,3,27
MD,Snow/Ice,12,4,13
MD,Snow/Ice,13,2,75
MD,Snow/Ice,13,3,24
MD,Snow/Ice,13,4,19
MD,Snow/Ice,14,2,53
MD,Snow/Ice,14,3,18
MD,Snow/Ice,14,4,8
MD,Snow/Ice,15,2,78
MD,Snow/Ice,15,3,9
MD,Snow/Ice,15,4,23
MD,Snow/Ice,16,2,64
MD,Snow/Ice,16,3,5
MD,Snow/Ice,16,4,7
MD,Snow/Ice,17,2,56
MD,Snow/Ice,17,3,6
MD,Snow/Ice,17,4,6
MD,Snow/Ice,18,2,79
MD,Snow/Ice,18,3,5
MD,Snow/Ice,18,4,7
MD,Snow/Ice,19,2,47
MD,Snow/Ice,19,3,10
MD,Snow/Ice,19,4,1
MD,Snow/Ice,20,2,56
MD,Snow/Ice,20,3,9
MD,Snow/Ice,20,4,6
MD,Snow/Ice,21,2,32
MD,Snow/Ice,21,3,5
MD,Snow/Ice,21,4,2
MD,Snow/Ice,22,2,79
MD,Snow/Ice,22,3,4
MD,Snow/Ice,22,4,7
MD,Snow/Ice,23,2,50
MD,Snow/Ice,23,3,1
MD,Snow/Ice,23,4,10
MD,Thunderstorm,0,2,5
MD,Thunderstorm,0,4,1
MD,Thunderstorm,1,2,1
MD,Thunderstorm,2,2,2
MD,Thunderstorm,4,2,2
MD,Thunderstorm,4,3,3
MD,Thunderstorm,5,2,5
MD,Thunderstorm,5,3,1
MD,Thunderstorm,6,2,6
MD,Thunderstorm,6,3,1
MD,Thunderstorm,7,2,6
MD,Thunderstorm,7,3,1
MD,Thunderstorm,7,4,1
MD,Thunderstorm,8,2,5
MD,Thunderstorm,8,3,5
MD,Thunderstorm,8,4,1
MD,Thunderstorm,9,2,3
MD,Thunderstorm,9,3,3
MD,Thunderstorm,10,2,4
MD,Thunderstorm,11,2,1
MD,Thunderstorm,12,2,12
MD,Thunderstorm,12,3,1
MD,Thunderstorm,13,2,14
MD,Thunderstorm,13,3,10
MD,Thunderstorm,13,4,2
MD,Thunderstorm,14,2,17
MD,Thunderstorm,14,3,10
MD,Thunderstorm,14,4,1
MD,Thunderstorm,15,2,32
MD,Thunderstorm,15,3,16
MD,Thunderstorm,15,4,5
MD,Thunderstorm,16,2,55
MD,Thunderstorm,16,3,13
MD,Thunderstorm,16,4,7
MD,Thunderstorm,17,1,1
MD,Thunderstorm,17,2,63
MD,Thunderstorm,17,3,12
MD,Thunderstorm,17,4,2
MD,Thunderstorm,18,1,2
MD,Thunderstorm,18,2,67
MD,Thunderstorm,18,3,12
MD,Thunderstorm,18,4,7
MD,Thunderstorm,19,2,40
MD,Thunderstorm,19,3,11
MD,Thunderstorm,19,4,4
MD,Thunderstorm,20,2,25
MD,Thunderstorm,20,3,7
MD,Thunderstorm,20,4,1
MD,Thunderstorm,21,2,9
MD,Thunderstorm,21,3,1
MD,Thunderstorm,22,2,7
MD,Thunderstorm,22,3,4
MD,Thunderstorm,23,2,7
MD,Thunderstorm,23,3,1
ME,Clear/Fair,0,2,19
ME,Clear/Fair,0,4,5
ME,Clear/Fair,1,2,7
ME,Clear/Fair,2,2,3
ME,Clear/Fair,3,2,8
ME,Clear/Fair,4,2,8
ME,Clear/Fair,4,3,1
ME,Clear/Fair,5,2,10
ME,Clear/Fair,5,3,4
ME,Clear/Fair,6,2,19
ME,Clear/Fair,6,3,6
ME,Clear/Fair,7,2,43
ME,Clear/Fair,7,3,4
ME,Clear/Fair,7,4,7
ME,Clear/Fair,8,2,41
ME,Clear/Fair,8,3,3
ME,Clear/Fair,8,4,1
ME,Clear/Fair,9,2,41
ME,Clear/Fair,9,3,6
ME,Clear/Fair,9,4,4
ME,Clear/Fair,10,2,41
ME,Clear/Fair,10,3,6
ME,Clear/Fair,10,4,2
ME,Clear/Fair,11,2,33
ME,Clear/Fair,11,3,6
ME,Clear/Fair,11,4,2
ME,Clear/Fair,12,2,33
ME,Clear/Fair,12,3,6
ME,Clear/Fair,12,4,2
ME,Clear/Fair,13,2,36
ME,Clear/Fair,13,3,5
ME,Clear/Fair,14,1,1
ME,Clear/Fair,14,2,35
ME,Clear/Fair,14,3,3
ME,Clear/Fair,14,4,1
ME,Clear/Fair,15,2,38
ME,Clear/Fair,15,3,6
ME,Clear/Fair,15,4,1
ME,Clear/Fair,16,2,83
ME,Clear/Fair,16,3,14
ME,Clear/Fair,16,4,3
ME,Clear/Fair,17,1,1
ME,Clear/Fair,17,2,83
ME,Clear/Fair,17,3,13
ME,Clear/Fair,17,4,1
ME,Clear/Fair,18,2,44
ME,Clear/Fair,18,3,8
ME,Clear/Fair,18,4,3
ME,Clear/Fair,19,2,22
ME,Clear/Fair,19,3,6
ME,Clear/Fair,19,4,4
ME,Clear/Fair,20,2,19
ME,Clear/Fair,20,3,2
ME,Clear/Fair,20,4,2
ME,Clear/Fair,21,2,11
ME,Clear/Fair,21,3,2
ME,Clear/Fair,21,4,3
ME,Clear/Fair,22,2,16
ME,Clear/Fair,22,3,5
ME,Clear/Fair,23,2,13
ME,Clear/Fair,23,4,1
ME,Cloudy,0,2,15
ME,Cloudy,1,2,3
ME,Cloudy,2,2,6
ME,Cloudy,3,2,4
ME,Cloudy,4,2,4
ME,Cloudy,4,3,1
ME,Cloudy,5,2,12
ME,Cloudy,5,3,3
ME,Cloudy,6,2,21
ME,Cloudy,6,3,6
ME,Cloudy,6,4,1
ME,Cloudy,7,2,53
ME,Cloudy,7,3,10
ME,Cloudy,7,4,2
ME,Cloudy,8,2,98
ME,Cloudy,8,3,7
ME,Cloudy,8,4,2
ME,Cloudy,9,2,50
ME,Cloudy,9,3,3
ME,Cloudy,9,4,2
ME,Cloudy,10,1,1
ME,Cloudy,10,2,55
ME,Cloudy,10,3,8
ME,Cloudy,10,4,3
ME,Cloudy,11,2,63
ME,Cloudy,11,3,11
ME,Cloudy,11,4,3
ME,Cloudy,12,2,62
ME,Cloudy,12,3,1
ME,Cloudy,12,4,2
ME,Cloudy,13,2,61
ME,Cloudy,13,3,7
ME,Cloudy,13,4,4
ME,Cloudy,14,2,67
ME,Cloudy,14,3,3
ME,Cloudy,14,4,4
ME,Cloudy,15,2,83
ME,Cloudy,15,3,3
ME,Cloudy,15,4,1
ME,Cloudy,16,2,103
ME,Cloudy,16,3,27
ME,Cloudy,16,4,5
ME,Cloudy,17,2,127
ME,Cloudy,17,3,15
ME,Cloudy,17,4,3
ME,Cloudy,18,2,69
ME,Cloudy,18,3,10
ME,Cloudy,18,4,5
ME,Cloudy,19,2,29
ME,Cloudy,19,3,4
ME,Cloudy,19,4,3
ME,Cloudy,20,2,20
ME,Cloudy,20,3,2
ME,Cloudy,20,4,2
ME,Cloudy,21,2,17
ME,Cloudy,21,3,5
ME,Cloudy,21,4,2
ME,Cloudy,22,2,9
ME,Cloudy,22,3,3
ME,Cloudy,22,4,1
ME,Cloudy,23,2,13
ME,Cloudy,23,4,4
ME,Fog/Low visibility,0,2,2
ME,Fog/Low visibility,6,2,1
ME,Fog/Low visibility,6,3,2
ME,Fog/Low visibility,7,2,4
ME,Fog/Low visibility,7,3,2
ME,Fog/Low visibility,8,2,2
ME,Fog/Low visibility,8,3,1
ME,Fog/Low visibility,9,2,2
ME,Fog/Low visibility,9,3,1
ME,Fog/Low visibility,9,4,1
ME,Fog/Low visibility,10,2,2
ME,Fog/Low visibility,12,2,1
ME,Fog/Low visibility,12,4,1
ME,Fog/Low visibility,13,2,1
ME,Fog/Low visibility,14,2,1
ME,Fog/Low visibility,16,2,1
ME,Fog/Low visibility,17,3,1
ME,Fog/Low visibility,18,2,2
ME,Fog/Low visibility,19,2,2
ME,Fog/Low visibility,20,2,1
ME,Fog/Low visibility,21,4,1
ME,Fog/Low visibility,22,2,1
ME,Fog/Low visibility,23,2,2
ME,Precipitation (type unknown),7,2,1
ME,Precipitation (type unknown),18,2,1
ME,Rain,0,2,2
ME,Rain,0,4,1
ME,Rain,1,2,1
ME,Rain,2,2,2
ME,Rain,2,3,1
ME,Rain,3,2,1
ME,Rain,4,2,5
ME,Rain,4,3,2
ME,Rain,5,2,8
ME,Rain,5,3,2
ME,Rain,5,4,1
ME,Rain,6,2,5
ME,Rain,6,3,4
ME,Rain,6,4,1
ME,Rain,7,2,4
ME,Rain,7,3,1
ME,Rain,7,4,1
ME,Rain,8,2,22
ME,Rain,8,3,3
ME,Rain,9,2,8
ME,Rain,9,3,2
ME,Rain,10,2,12
ME,Rain,10,3,5
ME,Rain,11,1,1
ME,Rain,11,2,8
ME,Rain,11,3,4
ME,Rain,12,2,15
ME,Rain,13,2,12
ME,Rain,14,2,19
ME,Rain,15,2,8
ME,Rain,15,3,1
ME,Rain,15,4,2
ME,Rain,16,2,19
ME,Rain,16,3,6
ME,Rain,16,4,1
ME,Rain,17,2,20
ME,Rain,17,3,8
ME,Rain,18,2,14
ME,Rain,18,3,2
ME,Rain,19,2,4
ME,Rain,19,3,1
ME,Rain,20,2,3
ME,Rain,20,3,1
ME,Rain,21,2,9
ME,Rain,21,3,2
ME,Rain,21,4,1
ME,Rain,22,2,7
ME,Rain,22,3,1
ME,Rain,23,2,8
ME,Snow/Ice,0,2,3
ME,Snow/Ice,1,2,1
ME,Snow/Ice,3,4,1
ME,Snow/Ice,4,2,1
ME,Snow/Ice,4,4,2
ME,Snow/Ice,5,2,4
ME,Snow/Ice,5,4,1
ME,Snow/Ice,6,2,10
ME,Snow/Ice,6,3,2
ME,Snow/Ice,6,4,2
ME,Snow/Ice,7,2,18
ME,Snow/Ice,7,3,2
ME,Snow/Ice,8,2,17
ME,Snow/Ice,8,3,2
ME,Snow/Ice,9,2,10
ME,Snow/Ice,9,3,3
ME,Snow/Ice,10,2,11
ME,Snow/Ice,11,2,14
ME,Snow/Ice,11,3,3
ME,Snow/Ice,11,4,1
ME,Snow/Ice,12,2,15
ME,Snow/Ice,12,3,1
ME,Snow/Ice,12,4,1
ME,Snow/Ice,13,2,15
ME,Snow/Ice,14,2,14
ME,Snow/Ice,14,3,3
ME,Snow/Ice,15,2,17
ME,Snow/Ice,15,3,1
ME,Snow/Ice,15,4,2
ME,Snow/Ice,16,2,15
ME,Snow/Ice,16,3,1
ME,Snow/Ice,17,2,12
ME,Snow/Ice,17,3,3
ME,Snow/Ice,18,2,7
ME,Snow/Ice,18,3,1
ME,Snow/Ice,18,4,2
ME,Snow/Ice,19,2,5
ME,Snow/Ice,19,3,1
ME,Snow/Ice,19,4,2
ME,Snow/Ice,20,2,4
ME,Snow/Ice,20,3,2
ME,Snow/Ice,21,2,4
ME,Snow/Ice,21,3,1
ME,Snow/Ice,22,2,5
ME,Snow/Ice,23,2,1
ME,Thunderstorm,9,2,1
ME,Thunderstorm,11,2,1
ME,Thunderstorm,12,2,1
ME,Thunderstorm,16,2,2
ME,Thunderstorm,18,2,2
MI,Clear/Fair,0,1,1
MI,Clear/Fair,0,2,603
MI,Clear/Fair,0,3,202
MI,Clear/Fair,0,4,88
MI,Clear/Fair,1,2,542
MI,Clear/Fair,1,3,242
MI,Clear/Fair,1,4,33
MI,Clear/Fair,2,2,611
MI,Clear/Fair,2,3,263
MI,Clear/Fair,2,4,59
MI,Clear/Fair,3,2,484
MI,Clear/Fair,3,3,217
MI,Clear/Fair,3,4,59
MI,Clear/Fair,4,1,47
MI,Clear/Fair,4,2,1263
MI,Clear/Fair,4,3,279
MI,Clear/Fair,4,4,65
MI,Clear/Fair,5,1,31
MI,Clear/Fair,5,2,1056
MI,Clear/Fair,5,3,279
MI,Clear/Fair,5,4,95
MI,Clear/Fair,6,1,52
MI,Clear/Fair,6,2,1899
MI,Clear/Fair,6,3,526
MI,Clear/Fair,6,4,91
MI,Clear/Fair,7,1,114
MI,Clear/Fair,7,2,2758
MI,Clear/Fair,7,3,928
MI,Clear/Fair,7,4,105
MI,Clear/Fair,8,1,113
MI,Clear/Fair,8,2,2906
MI,Clear/Fair,8,3,1029
MI,Clear/Fair,8,4,120
MI,Clear/Fair,9,1,57
MI,Clear/Fair,9,2,1672
MI,Clear/Fair,9,3,685
MI,Clear/Fair,9,4,145
MI,Clear/Fair,10,1,8
MI,Clear/Fair,10,2,1518
MI,Clear/Fair,10,3,582
MI,Clear/Fair,10,4,116
MI,Clear/Fair,11,1,4
MI,Clear/Fair,11,2,1579
MI,Clear/Fair,11,3,483
MI,Clear/Fair,11,4,116
MI,Clear/Fair,12,1,2
MI,Clear/Fair,12,2,1269
MI,Clear/Fair,12,3,414
MI,Clear/Fair,12,4,108
MI,Clear/Fair,13,1,2
MI,Clear/Fair,13,2,1228
MI,Clear/Fair,13,3,434
MI,Clear/Fair,13,4,139
MI,Clear/Fair,14,1,2
MI,Clear/Fair,14,2,1483
MI,Clear/Fair,14,3,556
MI,Clear/Fair,14,4,143
MI,Clear/Fair,15,1,3
MI,Clear/Fair,15,2,2297
MI,Clear/Fair,15,3,884
MI,Clear/Fair,15,4,186
MI,Clear/Fair,16,1,6
MI,Clear/Fair,16,2,2398
MI,Clear/Fair,16,3,980
MI,Clear/Fair,16,4,160
MI,Clear/Fair,17,1,13
MI,Clear/Fair,17,2,2423
MI,Clear/Fair,17,3,1006
MI,Clear/Fair,17,4,180
MI,Clear/Fair,18,1,10
MI,Clear/Fair,18,2,1871
MI,Clear/Fair,18,3,779
MI,Clear/Fair,18,4,161
MI,Clear/Fair,19,1,3
MI,Clear/Fair,19,2,1441
MI,Clear/Fair,19,3,543
MI,Clear/Fair,19,4,130
MI,Clear/Fair,20,2,1101
MI,Clear/Fair,20,3,370
MI,Clear/Fair,20,4,134
MI,Clear/Fair,21,2,971
MI,Clear/Fair,21,3,274
MI,Clear/Fair,21,4,84
MI,Clear/Fair,22,2,899
MI,Clear/Fair,22,3,337
MI,Clear/Fair,22,4,86
MI,Clear/Fair,23,2,513
MI,Clear/Fair,23,3,189
MI,Clear/Fair,23,4,79
MI,Cloudy,0,1,1
MI,Cloudy,0,2,586
MI,Cloudy,0,3,220
MI,Cloudy,0,4,100
MI,Cloudy,1,2,519
MI,Cloudy,1,3,276
MI,Cloudy,1,4,69
MI,Cloudy,2,2,596
MI,Cloudy,2,3,316
MI,Cloudy,2,4,69
MI,Cloudy,3,1,2
MI,Cloudy,3,2,475
MI,Cloudy,3,3,290
MI,Cloudy,3,4,71
MI,Cloudy,4,1,15
MI,Cloudy,4,2,1345
MI,Cloudy,4,3,342
MI,Cloudy,4,4,72
MI,Cloudy,5,1,20
MI,Cloudy,5,2,1293
MI,Cloudy,5,3,447
MI,Cloudy,5,4,88
MI,Cloudy,6,1,37
MI,Cloudy,6,2,2706
MI,Cloudy,6,3,872
MI,Cloudy,6,4,100
MI,Cloudy,7,1,94
MI,Cloudy,7,2,4383
MI,Cloudy,7,3,1445
MI,Cloudy,7,4,148
MI,Cloudy,8,1,79
MI,Cloudy,8,2,4402
MI,Cloudy,8,3,1522
MI,Cloudy,8,4,145
MI,Cloudy,9,1,63
MI,Cloudy,9,2,2242
MI,Cloudy,9,3,867
MI,Cloudy,9,4,123
MI,Cloudy,10,1,5
MI,Cloudy,10,2,2300
MI,Cloudy,10,3,770
MI,Cloudy,10,4,147
MI,Cloudy,11,1,5
MI,Cloudy,11,2,2713
MI,Cloudy,11,3,838
MI,Cloudy,11,4,150
MI,Cloudy,12,1,6
MI,Cloudy,12,2,2219
MI,Cloudy,12,3,793
MI,Cloudy,12,4,183
MI,Cloudy,13,1,3
MI,Cloudy,13,2,2390
MI,Cloudy,13,3,904
MI,Cloudy,13,4,165
MI,Cloudy,14,1,8
MI,Cloudy,14,2,3087
MI,Cloudy,14,3,1162
MI,Cloudy,14,4,239
MI,Cloudy,15,1,1
MI,Cloudy,15,2,4481
MI,Cloudy,15,3,1489
MI,Cloudy,15,4,216
MI,Cloudy,16,1,51
MI,Cloudy,16,2,4861
MI,Cloudy,16,3,1699
MI,Cloudy,16,4,234
MI,Cloudy,17,1,58
MI,Cloudy,17,2,4140
MI,Cloudy,17,3,1682
MI,Cloudy,17,4,220
MI,Cloudy,18,1,27
MI,Cloudy,18,2,3079
MI,Cloudy,18,3,1120
MI,Cloudy,18,4,193
MI,Cloudy,19,1,18
MI,Cloudy,19,2,2040
MI,Cloudy,19,3,639
MI,Cloudy,19,4,134
MI,Cloudy,20,2,1498
MI,Cloudy,20,3,457
MI,Cloudy,20,4,145
MI,Cloudy,21,2,1060
MI,Cloudy,21,3,403
MI,Cloudy,21,4,94
MI,Cloudy,22,2,1087
MI,Cloudy,22,3,393
MI,Cloudy,22,4,101
MI,Cloudy,23,2,629
MI,Cloudy,23,3,198
MI,Cloudy,23,4,89
MI,Fog/Low visibility,0,2,34
MI,Fog/Low visibility,0,3,5
MI,Fog/Low visibility,0,4,10
MI,Fog/Low visibility,1,2,23
MI,Fog/Low visibility,1,3,5
MI,Fog/Low visibility,1,4,6
MI,Fog/Low visibility,2,2,28
MI,Fog/Low visibility,2,3,11
MI,Fog/Low visibility,2,4,2
MI,Fog/Low visibility,3,2,31
MI,Fog/Low visibility,3,3,10
MI,Fog/Low visibility,3,4,4
MI,Fog/Low visibility,4,2,56
MI,Fog/Low visibility,4,3,15
MI,Fog/Low visibility,4,4,12
MI,Fog/Low visibility,5,1,2
MI,Fog/Low visibility,5,2,71
MI,Fog/Low visibility,5,3,16
MI,Fog/Low visibility,5,4,2
MI,Fog/Low visibility,6,2,200
MI,Fog/Low visibility,6,3,52
MI,Fog/Low visibility,6,4,8
MI,Fog/Low visibility,7,1,3
MI,Fog/Low visibility,7,2,395
MI,Fog/Low visibility,7,3,99
MI,Fog/Low visibility,7,4,20
MI,Fog/Low visibility,8,1,7
MI,Fog/Low visibility,8,2,329
MI,Fog/Low visibility,8,3,79
MI,Fog/Low visibility,8,4,7
MI,Fog/Low visibility,9,2,117
MI,Fog/Low visibility,9,3,48
MI,Fog/Low visibility,9,4,9
MI,Fog/Low visibility,10,2,80
MI,Fog/Low visibility,10,3,41
MI,Fog/Low visibility,10,4,15
MI,Fog/Low visibility,11,2,95
MI,Fog/Low visibility,11,3,37
MI,Fog/Low visibility,11,4,7
MI,Fog/Low visibility,12,2,83
MI,Fog/Low visibility,12,3,24
MI,Fog/Low visibility,12,4,15
MI,Fog/Low visibility,13,2,67
MI,Fog/Low visibility,13,3,22
MI,Fog/Low visibility,13,4,15
MI,Fog/Low visibility,14,2,48
MI,Fog/Low visibility,14,3,22
MI,Fog/Low visibility,14,4,4
MI,Fog/Low visibility,15,2,76
MI,Fog/Low visibility,15,3,23
MI,Fog/Low visibility,15,4,3
MI,Fog/Low visibility,16,1,2
MI,Fog/Low visibility,16,2,102
MI,Fog/Low visibility,16,3,31
MI,Fog/Low visibility,16,4,4
MI,Fog/Low visibility,17,1,1
MI,Fog/Low visibility,17,2,103
MI,Fog/Low visibility,17,3,19
MI,Fog/Low visibility,17,4,10
MI,Fog/Low visibility,18,2,58
MI,Fog/Low visibility,18,3,15
MI,Fog/Low visibility,18,4,3
MI,Fog/Low visibility,19,1,1
MI,Fog/Low visibility,19,2,34
MI,Fog/Low visibility,19,3,7
MI,Fog/Low visibility,20,2,21
MI,Fog/Low visibility,20,3,11
MI,Fog/Low visibility,20,4,3
MI,Fog/Low visibility,21,2,26
MI,Fog/Low visibility,21,3,7
MI,Fog/Low visibility,21,4,3
MI,Fog/Low visibility,22,2,32
MI,Fog/Low visibility,22,3,4
MI,Fog/Low visibility,23,2,36
MI,Fog/Low visibility,23,3,7
MI,Fog/Low visibility,23,4,1
MI,Precipitation (type unknown),0,2,2
MI,Precipitation (type unknown),3,2,2
MI,Precipitation (type unknown),4,2,5
MI,Precipitation (type unknown),5,2,3
MI,Precipitation (type unknown),6,2,4
MI,Precipitation (type unknown),6,3,1
MI,Precipitation (type unknown),8,2,3
MI,Precipitation (type unknown),8,3,2
MI,Precipitation (type unknown),9,2,1
MI,Precipitation (type unknown),9,3,2
MI,Precipitation (type unknown),10,2,5
MI,Precipitation (type unknown),11,2,2
MI,Precipitation (type unknown),11,3,2
MI,Precipitation (type unknown),13,2,2
MI,Precipitation (type unknown),13,3,3
MI,Precipitation (type unknown),14,2,4
MI,Precipitation (type unknown),15,2,5
MI,Precipitation (type unknown),16,2,5
MI,Precipitation (type unknown),16,3,1
MI,Precipitation (type unknown),17,2,1
MI,Precipitation (type unknown),17,3,1
MI,Precipitation (type unknown),18,2,4
MI,Precipitation (type unknown),19,2,2
MI,Precipitation (type unknown),20,2,6
MI,Precipitation (type unknown),20,4,3
MI,Precipitation (type unknown),21,2,3
MI,Precipitation (type unknown),22,3,1
MI,Precipitation (type unknown),23,2,1
MI,Rain,0,2,104
MI,Rain,0,3,46
MI,Rain,0,4,22
MI,Rain,1,2,126
MI,Rain,1,3,75
MI,Rain,1,4,12
MI,Rain,2,1,1
MI,Rain,2,2,83
MI,Rain,2,3,58
MI,Rain,2,4,7
MI,Rain,3,2,65
MI,Rain,3,3,60
MI,Rain,3,4,8
MI,Rain,4,1,1
MI,Rain,4,2,196
MI,Rain,4,3,110
MI,Rain,4,4,10
MI,Rain,5,1,6
MI,Rain,5,2,237
MI,Rain,5,3,128
MI,Rain,5,4,16
MI,Rain,6,1,6
MI,Rain,6,2,511
MI,Rain,6,3,217
MI,Rain,6,4,20
MI,Rain,7,1,10
MI,Rain,7,2,792
MI,Rain,7,3,287
MI,Rain,7,4,28
MI,Rain,8,1,9
MI,Rain,8,2,675
MI,Rain,8,3,299
MI,Rain,8,4,16
MI,Rain,9,1,6
MI,Rain,9,2,367
MI,Rain,9,3,199
MI,Rain,9,4,22
MI,Rain,10,2,405
MI,Rain,10,3,243
MI,Rain,10,4,21
MI,Rain,11,1,1
MI,Rain,11,2,414
MI,Rain,11,3,195
MI,Rain,11,4,12
MI,Rain,12,2,320
MI,Rain,12,3,178
MI,Rain,12,4,29
MI,Rain,13,2,331
MI,Rain,13,3,184
MI,Rain,13,4,23
MI,Rain,14,2,444
MI,Rain,14,3,240
MI,Rain,14,4,27
MI,Rain,15,2,678
MI,Rain,15,3,240
MI,Rain,15,4,34
MI,Rain,16,1,4
MI,Rain,16,2,615
MI,Rain,16,3,258
MI,Rain,16,4,27
MI,Rain,17,1,6
MI,Rain,17,2,539
MI,Rain,17,3,267
MI,Rain,17,4,39
MI,Rain,18,1,3
MI,Rain,18,2,436
MI,Rain,18,3,195
MI,Rain,18,4,29
MI,Rain,19,2,391
MI,Rain,19,3,144
MI,Rain,19,4,16
MI,Rain,20,2,222
MI,Rain,20,3,119
MI,Rain,20,4,25
MI,Rain,21,2,228
MI,Rain,21,3,104
MI,Rain,21,4,14
MI,Rain,22,1,1
MI,Rain,22,2,163
MI,Rain,22,3,101
MI,Rain,22,4,16
MI,Rain,23,2,113
MI,Rain,23,3,59
MI,Rain,23,4,16
MI,Snow/Ice,0,2,117
MI,Snow/Ice,0,3,41
MI,Snow/Ice,0,4,27
MI,Snow/Ice,1,2,165
MI,Snow/Ice,1,3,59
MI,Snow/Ice,1,4,7
MI,Snow/Ice,2,2,138
MI,Snow/Ice,2,3,48
MI,Snow/Ice,2,4,15
MI,Snow/Ice,3,2,102
MI,Snow/Ice,3,3,41
MI,Snow/Ice,3,4,15
MI,Snow/Ice,4,2,378
MI,Snow/Ice,4,3,102
MI,Snow/Ice,4,4,18
MI,Snow/Ice,5,2,338
MI,Snow/Ice,5,3,156
MI,Snow/Ice,5,4,26
MI,Snow/Ice,6,2,657
MI,Snow/Ice,6,3,243
MI,Snow/Ice,6,4,27
MI,Snow/Ice,7,1,2
MI,Snow/Ice,7,2,898
MI,Snow/Ice,7,3,347
MI,Snow/Ice,7,4,33
MI,Snow/Ice,8,1,2
MI,Snow/Ice,8,2,949
MI,Snow/Ice,8,3,333
MI,Snow/Ice,8,4,45
MI,Snow/Ice,9,2,582
MI,Snow/Ice,9,3,229
MI,Snow/Ice,9,4,53
MI,Snow/Ice,10,1,1
MI,Snow/Ice,10,2,672
MI,Snow/Ice,10,3,349
MI,Snow/Ice,10,4,50
MI,Snow/Ice,11,2,606
MI,Snow/Ice,11,3,221
MI,Snow/Ice,11,4,55
MI,Snow/Ice,12,2,475
MI,Snow/Ice,12,3,144
MI,Snow/Ice,12,4,48
MI,Snow/Ice,13,2,497
MI,Snow/Ice,13,3,154
MI,Snow/Ice,13,4,46
MI,Snow/Ice,14,2,541
MI,Snow/Ice,14,3,169
MI,Snow/Ice,14,4,43
MI,Snow/Ice,15,2,647
MI,Snow/Ice,15,3,186
MI,Snow/Ice,15,4,68
MI,Snow/Ice,16,2,697
MI,Snow/Ice,16,3,204
MI,Snow/Ice,16,4,43
MI,Snow/Ice,17,2,627
MI,Snow/Ice,17,3,198
MI,Snow/Ice,17,4,41
MI,Snow/Ice,18,2,586
MI,Snow/Ice,18,3,147
MI,Snow/Ice,18,4,40
MI,Snow/Ice,19,2,410
MI,Snow/Ice,19,3,110
MI,Snow/Ice,19,4,19
MI,Snow/Ice,20,2,354
MI,Snow/Ice,20,3,88
MI,Snow/Ice,20,4,52
MI,Snow/Ice,21,2,302
MI,Snow/Ice,21,3,93
MI,Snow/Ice,21,4,16
MI,Snow/Ice,22,2,253
MI,Snow/Ice,22,3,93
MI,Snow/Ice,22,4,18
MI,Snow/Ice,23,2,173
MI,Snow/Ice,23,3,39
MI,Snow/Ice,23,4,25
MI,Thunderstorm,0,2,10
MI,Thunderstorm,0,3,2
MI,Thunderstorm,0,4,6
MI,Thunderstorm,1,2,6
MI,Thunderstorm,1,3,2
MI,Thunderstorm,2,2,4
MI,Thunderstorm,2,3,4
MI,Thunderstorm,3,2,6
MI,Thunderstorm,3,3,5
MI,Thunderstorm,4,1,2
MI,Thunderstorm,4,2,26
MI,Thunderstorm,4,3,7
MI,Thunderstorm,5,1,2
MI,Thunderstorm,5,2,26
MI,Thunderstorm,5,3,13
MI,Thunderstorm,6,2,43
MI,Thunderstorm,6,3,16
MI,Thunderstorm,7,1,1
MI,Thunderstorm,7,2,42
MI,Thunderstorm,7,3,15
MI,Thunderstorm,7,4,5
MI,Thunderstorm,8,2,39
MI,Thunderstorm,8,3,12
MI,Thunderstorm,8,4,1
MI,Thunderstorm,9,2,19
MI,Thunderstorm,9,3,13
MI,Thunderstorm,9,4,4
MI,Thunderstorm,10,2,18
MI,Thunderstorm,10,3,2
MI,Thunderstorm,10,4,2
MI,Thunderstorm,11,2,21
MI,Thunderstorm,11,3,4
MI,Thunderstorm,11,4,1
MI,Thunderstorm,12,2,15
MI,Thunderstorm,12,3,4
MI,Thunderstorm,12,4,1
MI,Thunderstorm,13,2,24
MI,Thunderstorm,13,3,10
MI,Thunderstorm,13,4,2
MI,Thunderstorm,14,2,49
MI,Thunderstorm,14,3,12
MI,Thunderstorm,14,4,2
MI,Thunderstorm,15,2,60
MI,Thunderstorm,15,3,23
MI,Thunderstorm,15,4,2
MI,Thunderstorm,16,1,3
MI,Thunderstorm,16,2,87
MI,Thunderstorm,16,3,30
MI,Thunderstorm,16,4,1
MI,Thunderstorm,17,1,1
MI,Thunderstorm,17,2,83
MI,Thunderstorm,17,3,30
MI,Thunderstorm,17,4,1
MI,Thunderstorm,18,1,1
MI,Thunderstorm,18,2,63
MI,Thunderstorm,18,3,27
MI,Thunderstorm,18,4,2
MI,Thunderstorm,19,2,44
MI,Thunderstorm,19,3,19
MI,Thunderstorm,19,4,9
MI,Thunderstorm,20,2,40
MI,Thunderstorm,20,3,23
MI,Thunderstorm,20,4,3
MI,Thunderstorm,21,2,13
MI,Thunderstorm,21,3,7
MI,Thunderstorm,21,4,1
MI,Thunderstorm,22,2,14
MI,Thunderstorm,22,3,5
MI,Thunderstorm,22,4,1
MI,Thunderstorm,23,2,9
MI,Thunderstorm,23,3,4
MN,Clear/Fair,0,2,1068
MN,Clear/Fair,0,3,27
MN,Clear/Fair,0,4,4
MN,Clear/Fair,1,2,950
MN,Clear/Fair,1,3,42
MN,Clear/Fair,1,4,7
MN,Clear/Fair,2,2,922
MN,Clear/Fair,2,3,67
MN,Clear/Fair,2,4,4
MN,Clear/Fair,3,2,715
MN,Clear/Fair,3,3,33
MN,Clear/Fair,3,4,6
MN,Clear/Fair,4,1,15
MN,Clear/Fair,4,2,1254
MN,Clear/Fair,4,3,169
MN,Clear/Fair,4,4,8
MN,Clear/Fair,5,1,14
MN,Clear/Fair,5,2,1704
MN,Clear/Fair,5,3,184
MN,Clear/Fair,5,4,10
MN,Clear/Fair,6,1,34
MN,Clear/Fair,6,2,3511
MN,Clear/Fair,6,3,517
MN,Clear/Fair,6,4,15
MN,Clear/Fair,7,1,58
MN,Clear/Fair,7,2,4780
MN,Clear/Fair,7,3,663
MN,Clear/Fair,7,4,12
MN,Clear/Fair,8,1,67
MN,Clear/Fair,8,2,4226
MN,Clear/Fair,8,3,644
MN,Clear/Fair,8,4,14
MN,Clear/Fair,9,1,22
MN,Clear/Fair,9,2,2869
MN,Clear/Fair,9,3,475
MN,Clear/Fair,9,4,10
MN,Clear/Fair,10,1,18
MN,Clear/Fair,10,2,2494
MN,Clear/Fair,10,3,315
MN,Clear/Fair,10,4,12
MN,Clear/Fair,11,1,5
MN,Clear/Fair,11,2,2142
MN,Clear/Fair,11,3,330
MN,Clear/Fair,11,4,17
MN,Clear/Fair,12,1,3
MN,Clear/Fair,12,2,2347
MN,Clear/Fair,12,3,483
MN,Clear/Fair,12,4,24
MN,Clear/Fair,13,1,5
MN,Clear/Fair,13,2,2539
MN,Clear/Fair,13,3,438
MN,Clear/Fair,13,4,35
MN,Clear/Fair,14,1,1
MN,Clear/Fair,14,2,3416
MN,Clear/Fair,14,3,517
MN,Clear/Fair,14,4,33
MN,Clear/Fair,15,1,6
MN,Clear/Fair,15,2,4494
MN,Clear/Fair,15,3,826
MN,Clear/Fair,15,4,34
MN,Clear/Fair,16,1,4
MN,Clear/Fair,16,2,4263
MN,Clear/Fair,16,3,953
MN,Clear/Fair,16,4,26
MN,Clear/Fair,17,1,3
MN,Clear/Fair,17,2,4082
MN,Clear/Fair,17,3,1066
MN,Clear/Fair,17,4,30
MN,Clear/Fair,18,1,6
MN,Clear/Fair,18,2,2910
MN,Clear/Fair,18,3,637
MN,Clear/Fair,18,4,13
MN,Clear/Fair,19,1,2
MN,Clear/Fair,19,2,2231
MN,Clear/Fair,19,3,378
MN,Clear/Fair,19,4,6
MN,Clear/Fair,20,1,1
MN,Clear/Fair,20,2,2400
MN,Clear/Fair,20,3,350
MN,Clear/Fair,20,4,16
MN,Clear/Fair,21,1,3
MN,Clear/Fair,21,2,2154
MN,Clear/Fair,21,3,315
MN,Clear/Fair,21,4,20
MN,Clear/Fair,22,1,7
MN,Clear/Fair,22,2,1952
MN,Clear/Fair,22,3,374
MN,Clear/Fair,22,4,14
MN,Clear/Fair,23,2,1391
MN,Clear/Fair,23,3,109
MN,Clear/Fair,23,4,22
MN,Cloudy,0,2,1012
MN,Cloudy,0,3,41
MN,Cloudy,0,4,4
MN,Cloudy,1,2,972
MN,Cloudy,1,3,34
MN,Cloudy,1,4,4
MN,Cloudy,2,2,817
MN,Cloudy,2,3,50
MN,Cloudy,2,4,6
MN,Cloudy,3,2,793
MN,Cloudy,3,3,44
MN,Cloudy,3,4,11
MN,Cloudy,4,1,10
MN,Cloudy,4,2,1242
MN,Cloudy,4,3,159
MN,Cloudy,4,4,12
MN,Cloudy,5,1,11
MN,Cloudy,5,2,1668
MN,Cloudy,5,3,223
MN,Cloudy,5,4,14
MN,Cloudy,6,1,24
MN,Cloudy,6,2,3155
MN,Cloudy,6,3,516
MN,Cloudy,6,4,15
MN,Cloudy,7,1,35
MN,Cloudy,7,2,4492
MN,Cloudy,7,3,815
MN,Cloudy,7,4,20
MN,Cloudy,8,1,23
MN,Cloudy,8,2,3655
MN,Cloudy,8,3,753
MN,Cloudy,8,4,16
MN,Cloudy,9,1,13
MN,Cloudy,9,2,2558
MN,Cloudy,9,3,605
MN,Cloudy,9,4,13
MN,Cloudy,10,1,8
MN,Cloudy,10,2,2085
MN,Cloudy,10,3,505
MN,Cloudy,10,4,12
MN,Cloudy,11,1,6
MN,Cloudy,11,2,2072
MN,Cloudy,11,3,521
MN,Cloudy,11,4,18
MN,Cloudy,12,2,2298
MN,Cloudy,12,3,723
MN,Cloudy,12,4,21
MN,Cloudy,13,1,2
MN,Cloudy,13,2,2664
MN,Cloudy,13,3,769
MN,Cloudy,13,4,24
MN,Cloudy,14,1,2
MN,Cloudy,14,2,3266
MN,Cloudy,14,3,976
MN,Cloudy,14,4,18
MN,Cloudy,15,1,9
MN,Cloudy,15,2,4514
MN,Cloudy,15,3,1452
MN,Cloudy,15,4,20
MN,Cloudy,16,1,6
MN,Cloudy,16,2,4353
MN,Cloudy,16,3,1694
MN,Cloudy,16,4,17
MN,Cloudy,17,1,2
MN,Cloudy,17,2,4343
MN,Cloudy,17,3,1814
MN,Cloudy,17,4,11
MN,Cloudy,18,1,3
MN,Cloudy,18,2,2627
MN,Cloudy,18,3,1054
MN,Cloudy,18,4,24
MN,Cloudy,19,1,1
MN,Cloudy,19,2,1949
MN,Cloudy,19,3,507
MN,Cloudy,19,4,19
MN,Cloudy,20,2,1953
MN,Cloudy,20,3,403
MN,Cloudy,20,4,8
MN,Cloudy,21,1,2
MN,Cloudy,21,2,1770
MN,Cloudy,21,3,388
MN,Cloudy,21,4,1
MN,Cloudy,22,1,5
MN,Cloudy,22,2,1629
MN,Cloudy,22,3,369
MN,Cloudy,22,4,11
MN,Cloudy,23,2,1191
MN,Cloudy,23,3,51
MN,Cloudy,23,4,14
MN,Fog/Low visibility,0,2,91
MN,Fog/Low visibility,1,2,67
MN,Fog/Low visibility,1,3,6
MN,Fog/Low visibility,1,4,1
MN,Fog/Low visibility,2,2,70
MN,Fog/Low visibility,3,2,44
MN,Fog/Low visibility,3,3,6
MN,Fog/Low visibility,4,1,2
MN,Fog/Low visibility,4,2,102
MN,Fog/Low visibility,4,3,7
MN,Fog/Low visibility,5,2,139
MN,Fog/Low visibility,5,3,15
MN,Fog/Low visibility,6,1,3
MN,Fog/Low visibility,6,2,245
MN,Fog/Low visibility,6,3,39
MN,Fog/Low visibility,7,1,6
MN,Fog/Low visibility,7,2,308
MN,Fog/Low visibility,7,3,31
MN,Fog/Low visibility,8,2,302
MN,Fog/Low visibility,8,3,26
MN,Fog/Low visibility,9,2,276
MN,Fog/Low visibility,9,3,30
MN,Fog/Low visibility,10,2,215
MN,Fog/Low visibility,10,3,13
MN,Fog/Low visibility,11,2,197
MN,Fog/Low visibility,11,3,12
MN,Fog/Low visibility,11,4,1
MN,Fog/Low visibility,12,2,171
MN,Fog/Low visibility,12,3,24
MN,Fog/Low visibility,12,4,1
MN,Fog/Low visibility,13,2,180
MN,Fog/Low visibility,13,3,29
MN,Fog/Low visibility,13,4,1
MN,Fog/Low visibility,14,2,188
MN,Fog/Low visibility,14,3,34
MN,Fog/Low visibility,15,2,222
MN,Fog/Low visibility,15,3,27
MN,Fog/Low visibility,16,2,217
MN,Fog/Low visibility,16,3,32
MN,Fog/Low visibility,16,4,1
MN,Fog/Low visibility,17,2,169
MN,Fog/Low visibility,17,3,23
MN,Fog/Low visibility,18,2,106
MN,Fog/Low visibility,18,3,10
MN,Fog/Low visibility,18,4,1
MN,Fog/Low visibility,19,2,100
MN,Fog/Low visibility,19,3,11
MN,Fog/Low visibility,20,2,141
MN,Fog/Low visibility,20,3,11
MN,Fog/Low visibility,21,2,147
MN,Fog/Low visibility,21,3,12
MN,Fog/Low visibility,22,2,124
MN,Fog/Low visibility,22,3,8
MN,Fog/Low visibility,23,2,124
MN,Fog/Low visibility,23,3,3
MN,Precipitation (type unknown),0,2,13
MN,Precipitation (type unknown),1,2,16
MN,Precipitation (type unknown),2,2,5
MN,Precipitation (type unknown),3,2,9
MN,Precipitation (type unknown),4,2,9
MN,Precipitation (type unknown),5,2,11
MN,Precipitation (type unknown),6,2,28
MN,Precipitation (type unknown),7,1,1
MN,Precipitation (type unknown),7,2,22
MN,Precipitation (type unknown),8,2,30
MN,Precipitation (type unknown),9,2,37
MN,Precipitation (type unknown),10,2,42
MN,Precipitation (type unknown),10,3,1
MN,Precipitation (type unknown),11,2,26
MN,Precipitation (type unknown),11,3,2
MN,Precipitation (type unknown),12,2,27
MN,Precipitation (type unknown),12,3,1
MN,Precipitation (type unknown),13,2,32
MN,Precipitation (type unknown),13,3,4
MN,Precipitation (type unknown),14,2,50
MN,Precipitation (type unknown),15,2,64
MN,Precipitation (type unknown),16,2,48
MN,Precipitation (type unknown),17,2,64
MN,Precipitation (type unknown),17,3,2
MN,Precipitation (type unknown),18,2,28
MN,Precipitation (type unknown),18,3,1
MN,Precipitation (type unknown),19,2,20
MN,Precipitation (type unknown),19,3,2
MN,Precipitation (type unknown),20,2,21
MN,Precipitation (type unknown),21,2,24
MN,Precipitation (type unknown),22,2,24
MN,Precipitation (type unknown),23,2,10
MN,Precipitation (type unknown),23,4,1
MN,Rain,0,2,65
MN,Rain,0,3,8
MN,Rain,1,2,44
MN,Rain,1,3,4
MN,Rain,2,2,34
MN,Rain,2,3,3
MN,Rain,3,2,45
MN,Rain,3,4,1
MN,Rain,4,1,3
MN,Rain,4,2,101
MN,Rain,4,3,24
MN,Rain,4,4,1
MN,Rain,5,2,147
MN,Rain,5,3,34
MN,Rain,5,4,7
MN,Rain,6,1,4
MN,Rain,6,2,296
MN,Rain,6,3,66
MN,Rain,6,4,3
MN,Rain,7,1,3
MN,Rain,7,2,377
MN,Rain,7,3,90
MN,Rain,7,4,3
MN,Rain,8,1,5
MN,Rain,8,2,342
MN,Rain,8,3,73
MN,Rain,8,4,1
MN,Rain,9,1,3
MN,Rain,9,2,246
MN,Rain,9,3,72
MN,Rain,9,4,1
MN,Rain,10,1,2
MN,Rain,10,2,223
MN,Rain,10,3,54
MN,Rain,10,4,1
MN,Rain,11,2,242
MN,Rain,11,3,72
MN,Rain,11,4,1
MN,Rain,12,1,1
MN,Rain,12,2,236
MN,Rain,12,3,91
MN,Rain,12,4,2
MN,Rain,13,2,302
MN,Rain,13,3,95
MN,Rain,13,4,1
MN,Rain,14,2,367
MN,Rain,14,3,96
MN,Rain,14,4,1
MN,Rain,15,2,523
MN,Rain,15,3,155
MN,Rain,15,4,2
MN,Rain,16,2,390
MN,Rain,16,3,143
MN,Rain,17,2,334
MN,Rain,17,3,178
MN,Rain,18,2,242
MN,Rain,18,3,85
MN,Rain,18,4,1
MN,Rain,19,2,181
MN,Rain,19,3,62
MN,Rain,19,4,2
MN,Rain,20,2,190
MN,Rain,20,3,53
MN,Rain,20,4,1
MN,Rain,21,2,179
MN,Rain,21,3,51
MN,Rain,22,2,127
MN,Rain,22,3,40
MN,Rain,22,4,2
MN,Rain,23,2,129
MN,Rain,23,3,9
MN,Severe wind,18,2,3
MN,Snow/Ice,0,2,475
MN,Snow/Ice,0,3,8
MN,Snow/Ice,0,4,1
MN,Snow/Ice,1,2,373
MN,Snow/Ice,1,3,5
MN,Snow/Ice,1,4,1
MN,Snow/Ice,2,2,262
MN,Snow/Ice,2,3,16
MN,Snow/Ice,2,4,1
MN,Snow/Ice,3,2,245
MN,Snow/Ice,3,3,11
MN,Snow/Ice,4,2,416
MN,Snow/Ice,4,3,34
MN,Snow/Ice,4,4,4
MN,Snow/Ice,5,2,665
MN,Snow/Ice,5,3,63
MN,Snow/Ice,5,4,2
MN,Snow/Ice,6,2,1339
MN,Snow/Ice,6,3,83
MN,Snow/Ice,6,4,7
MN,Snow/Ice,7,2,1635
MN,Snow/Ice,7,3,106
MN,Snow/Ice,7,4,1
MN,Snow/Ice,8,1,1
MN,Snow/Ice,8,2,1568
MN,Snow/Ice,8,3,127
MN,Snow/Ice,8,4,1
MN,Snow/Ice,9,2,1432
MN,Snow/Ice,9,3,150
MN,Snow/Ice,9,4,1
MN,Snow/Ice,10,2,1272
MN,Snow/Ice,10,3,149
MN,Snow/Ice,10,4,4
MN,Snow/Ice,11,2,1165
MN,Snow/Ice,11,3,161
MN,Snow/Ice,11,4,8
MN,Snow/Ice,12,2,1184
MN,Snow/Ice,12,3,197
MN,Snow/Ice,12,4,4
MN,Snow/Ice,13,2,1356
MN,Snow/Ice,13,3,187
MN,Snow/Ice,13,4,3
MN,Snow/Ice,14,2,1301
MN,Snow/Ice,14,3,142
MN,Snow/Ice,14,4,4
MN,Snow/Ice,15,2,1485
MN,Snow/Ice,15,3,271
MN,Snow/Ice,15,4,7
MN,Snow/Ice,16,2,1436
MN,Snow/Ice,16,3,201
MN,Snow/Ice,16,4,3
MN,Snow/Ice,17,2,1390
MN,Snow/Ice,17,3,165
MN,Snow/Ice,17,4,1
MN,Snow/Ice,18,2,1139
MN,Snow/Ice,18,3,177
MN,Snow/Ice,18,4,2
MN,Snow/Ice,19,1,1
MN,Snow/Ice,19,2,1236
MN,Snow/Ice,19,3,176
MN,Snow/Ice,20,1,1
MN,Snow/Ice,20,2,1287
MN,Snow/Ice,20,3,179
MN,Snow/Ice,20,4,3
MN,Snow/Ice,21,2,1220
MN,Snow/Ice,21,3,117
MN,Snow/Ice,21,4,2
MN,Snow/Ice,22,1,1
MN,Snow/Ice,22,2,921
MN,Snow/Ice,22,3,145
MN,Snow/Ice,22,4,2
MN,Snow/Ice,23,2,636
MN,Snow/Ice,23,3,41
MN,Snow/Ice,23,4,1
MN,Thunderstorm,0,2,12
MN,Thunderstorm,0,4,1
MN,Thunderstorm,1,2,4
MN,Thunderstorm,2,2,6
MN,Thunderstorm,2,3,1
MN,Thunderstorm,3,2,9
MN,Thunderstorm,4,1,1
MN,Thunderstorm,4,2,22
MN,Thunderstorm,4,3,5
MN,Thunderstorm,5,1,2
MN,Thunderstorm,5,2,36
MN,Thunderstorm,5,3,6
MN,Thunderstorm,6,2,55
MN,Thunderstorm,6,3,9
MN,Thunderstorm,7,1,3
MN,Thunderstorm,7,2,73
MN,Thunderstorm,7,3,13
MN,Thunderstorm,8,1,1
MN,Thunderstorm,8,2,46
MN,Thunderstorm,8,3,15
MN,Thunderstorm,9,2,36
MN,Thunderstorm,9,3,6
MN,Thunderstorm,10,2,27
MN,Thunderstorm,10,3,12
MN,Thunderstorm,10,4,1
MN,Thunderstorm,11,2,11
MN,Thunderstorm,11,3,4
MN,Thunderstorm,12,2,36
MN,Thunderstorm,12,3,8
MN,Thunderstorm,13,2,63
MN,Thunderstorm,13,3,16
MN,Thunderstorm,14,2,73
MN,Thunderstorm,14,3,11
MN,Thunderstorm,15,2,80
MN,Thunderstorm,15,3,13
MN,Thunderstorm,16,2,79
MN,Thunderstorm,16,3,23
MN,Thunderstorm,16,4,1
MN,Thunderstorm,17,2,94
MN,Thunderstorm,17,3,21
MN,Thunderstorm,18,1,1
MN,Thunderstorm,18,2,108
MN,Thunderstorm,18,3,16
MN,Thunderstorm,19,1,1
MN,Thunderstorm,19,2,84
MN,Thunderstorm,19,3,12
MN,Thunderstorm,20,2,58
MN,Thunderstorm,20,3,15
MN,Thunderstorm,21,2,45
MN,Thunderstorm,21,3,6
MN,Thunderstorm,22,2,30
MN,Thunderstorm,22,3,11
MN,Thunderstorm,22,4,1
MN,Thunderstorm,23,2,23
MO,Clear/Fair,0,2,381
MO,Clear/Fair,0,3,31
MO,Clear/Fair,0,4,26
MO,Clear/Fair,1,2,392
MO,Clear/Fair,1,3,28
MO,Clear/Fair,1,4,30
MO,Clear/Fair,2,2,338
MO,Clear/Fair,2,3,25
MO,Clear/Fair,2,4,30
MO,Clear/Fair,3,2,236
MO,Clear/Fair,3,3,36
MO,Clear/Fair,3,4,34
MO,Clear/Fair,4,1,5
MO,Clear/Fair,4,2,387
MO,Clear/Fair,4,3,229
MO,Clear/Fair,4,4,33
MO,Clear/Fair,5,1,6
MO,Clear/Fair,5,2,533
MO,Clear/Fair,5,3,205
MO,Clear/Fair,5,4,39
MO,Clear/Fair,6,1,25
MO,Clear/Fair,6,2,1292
MO,Clear/Fair,6,3,661
MO,Clear/Fair,6,4,63
MO,Clear/Fair,7,1,32
MO,Clear/Fair,7,2,2138
MO,Clear/Fair,7,3,875
MO,Clear/Fair,7,4,63
MO,Clear/Fair,8,1,29
MO,Clear/Fair,8,2,1776
MO,Clear/Fair,8,3,929
MO,Clear/Fair,8,4,65
MO,Clear/Fair,9,1,4
MO,Clear/Fair,9,2,897
MO,Clear/Fair,9,3,437
MO,Clear/Fair,9,4,54
MO,Clear/Fair,10,1,2
MO,Clear/Fair,10,2,841
MO,Clear/Fair,10,3,399
MO,Clear/Fair,10,4,55
MO,Clear/Fair,11,1,3
MO,Clear/Fair,11,2,836
MO,Clear/Fair,11,3,402
MO,Clear/Fair,11,4,51
MO,Clear/Fair,12,1,3
MO,Clear/Fair,12,2,922
MO,Clear/Fair,12,3,310
MO,Clear/Fair,12,4,44
MO,Clear/Fair,13,2,979
MO,Clear/Fair,13,3,329
MO,Clear/Fair,13,4,67
MO,Clear/Fair,14,1,1
MO,Clear/Fair,14,2,1209
MO,Clear/Fair,14,3,427
MO,Clear/Fair,14,4,58
MO,Clear/Fair,15,1,1
MO,Clear/Fair,15,2,1642
MO,Clear/Fair,15,3,629
MO,Clear/Fair,15,4,46
MO,Clear/Fair,16,1,2
MO,Clear/Fair,16,2,1929
MO,Clear/Fair,16,3,748
MO,Clear/Fair,16,4,69
MO,Clear/Fair,17,1,2
MO,Clear/Fair,17,2,1962
MO,Clear/Fair,17,3,759
MO,Clear/Fair,17,4,65
MO,Clear/Fair,18,1,6
MO,Clear/Fair,18,2,1104
MO,Clear/Fair,18,3,603
MO,Clear/Fair,18,4,62
MO,Clear/Fair,19,1,1
MO,Clear/Fair,19,2,710
MO,Clear/Fair,19,3,339
MO,Clear/Fair,19,4,43
MO,Clear/Fair,20,2,608
MO,Clear/Fair,20,3,287
MO,Clear/Fair,20,4,34
MO,Clear/Fair,21,2,541
MO,Clear/Fair,21,3,254
MO,Clear/Fair,21,4,61
MO,Clear/Fair,22,2,537
MO,Clear/Fair,22,3,237
MO,Clear/Fair,22,4,36
MO,Clear/Fair,23,2,451
MO,Clear/Fair,23,3,95
MO,Clear/Fair,23,4,90
MO,Cloudy,0,2,226
MO,Cloudy,0,3,22
MO,Cloudy,0,4,21
MO,Cloudy,1,2,233
MO,Cloudy,1,3,17
MO,Cloudy,1,4,42
MO,Cloudy,2,2,144
MO,Cloudy,2,3,38
MO,Cloudy,2,4,31
MO,Cloudy,3,2,163
MO,Cloudy,3,3,34
MO,Cloudy,3,4,26
MO,Cloudy,4,1,1
MO,Cloudy,4,2,286
MO,Cloudy,4,3,183
MO,Cloudy,4,4,56
MO,Cloudy,5,1,3
MO,Cloudy,5,2,443
MO,Cloudy,5,3,273
MO,Cloudy,5,4,52
MO,Cloudy,6,1,14
MO,Cloudy,6,2,1079
MO,Cloudy,6,3,687
MO,Cloudy,6,4,62
MO,Cloudy,7,1,24
MO,Cloudy,7,2,1626
MO,Cloudy,7,3,994
MO,Cloudy,7,4,61
MO,Cloudy,8,1,30
MO,Cloudy,8,2,1395
MO,Cloudy,8,3,1075
MO,Cloudy,8,4,57
MO,Cloudy,9,1,4
MO,Cloudy,9,2,603
MO,Cloudy,9,3,577
MO,Cloudy,9,4,55
MO,Cloudy,10,1,4
MO,Cloudy,10,2,603
MO,Cloudy,10,3,545
MO,Cloudy,10,4,48
MO,Cloudy,11,1,1
MO,Cloudy,11,2,755
MO,Cloudy,11,3,537
MO,Cloudy,11,4,67
MO,Cloudy,12,1,1
MO,Cloudy,12,2,765
MO,Cloudy,12,3,470
MO,Cloudy,12,4,60
MO,Cloudy,13,1,1
MO,Cloudy,13,2,766
MO,Cloudy,13,3,480
MO,Cloudy,13,4,52
MO,Cloudy,14,2,1013
MO,Cloudy,14,3,562
MO,Cloudy,14,4,60
MO,Cloudy,15,1,5
MO,Cloudy,15,2,1305
MO,Cloudy,15,3,805
MO,Cloudy,15,4,65
MO,Cloudy,16,1,5
MO,Cloudy,16,2,1370
MO,Cloudy,16,3,1005
MO,Cloudy,16,4,68
MO,Cloudy,17,1,2
MO,Cloudy,17,2,1334
MO,Cloudy,17,3,1044
MO,Cloudy,17,4,61
MO,Cloudy,18,1,2
MO,Cloudy,18,2,772
MO,Cloudy,18,3,639
MO,Cloudy,18,4,43
MO,Cloudy,19,1,4
MO,Cloudy,19,2,454
MO,Cloudy,19,3,429
MO,Cloudy,19,4,44
MO,Cloudy,20,2,364
MO,Cloudy,20,3,239
MO,Cloudy,20,4,44
MO,Cloudy,21,2,308
MO,Cloudy,21,3,217
MO,Cloudy,21,4,42
MO,Cloudy,22,2,287
MO,Cloudy,22,3,203
MO,Cloudy,22,4,29
MO,Cloudy,23,2,234
MO,Cloudy,23,3,64
MO,Cloudy,23,4,26
MO,Fog/Low visibility,0,2,9
MO,Fog/Low visibility,0,4,1
MO,Fog/Low visibility,1,2,7
MO,Fog/Low visibility,1,3,3
MO,Fog/Low visibility,2,2,14
MO,Fog/Low visibility,2,3,1
MO,Fog/Low visibility,2,4,1
MO,Fog/Low visibility,3,2,14
MO,Fog/Low visibility,3,3,2
MO,Fog/Low visibility,3,4,1
MO,Fog/Low visibility,4,2,19
MO,Fog/Low visibility,4,3,6
MO,Fog/Low visibility,5,2,37
MO,Fog/Low visibility,5,3,12
MO,Fog/Low visibility,5,4,4
MO,Fog/Low visibility,6,1,1
MO,Fog/Low visibility,6,2,73
MO,Fog/Low visibility,6,3,47
MO,Fog/Low visibility,6,4,2
MO,Fog/Low visibility,7,2,159
MO,Fog/Low visibility,7,3,56
MO,Fog/Low visibility,7,4,8
MO,Fog/Low visibility,8,1,2
MO,Fog/Low visibility,8,2,119
MO,Fog/Low visibility,8,3,55
MO,Fog/Low visibility,8,4,3
MO,Fog/Low visibility,9,2,41
MO,Fog/Low visibility,9,3,25
MO,Fog/Low visibility,9,4,4
MO,Fog/Low visibility,10,2,33
MO,Fog/Low visibility,10,3,15
MO,Fog/Low visibility,10,4,3
MO,Fog/Low visibility,11,2,33
MO,Fog/Low visibility,11,3,14
MO,Fog/Low visibility,11,4,1
MO,Fog/Low visibility,12,2,34
MO,Fog/Low visibility,12,3,9
MO,Fog/Low visibility,12,4,2
MO,Fog/Low visibility,13,2,27
MO,Fog/Low visibility,13,3,17
MO,Fog/Low visibility,13,4,2
MO,Fog/Low visibility,14,2,28
MO,Fog/Low visibility,14,3,14
MO,Fog/Low visibility,14,4,2
MO,Fog/Low visibility,15,2,40
MO,Fog/Low visibility,15,3,9
MO,Fog/Low visibility,15,4,1
MO,Fog/Low visibility,16,2,26
MO,Fog/Low visibility,16,3,8
MO,Fog/Low visibility,17,2,40
MO,Fog/Low visibility,17,3,16
MO,Fog/Low visibility,17,4,1
MO,Fog/Low visibility,18,2,24
MO,Fog/Low visibility,18,3,8
MO,Fog/Low visibility,18,4,1
MO,Fog/Low visibility,19,2,9
MO,Fog/Low visibility,19,3,10
MO,Fog/Low visibility,19,4,2
MO,Fog/Low visibility,20,2,14
MO,Fog/Low visibility,20,3,2
MO,Fog/Low visibility,20,4,3
MO,Fog/Low visibility,21,2,10
MO,Fog/Low visibility,21,3,1
MO,Fog/Low visibility,22,2,12
MO,Fog/Low visibility,22,3,1
MO,Fog/Low visibility,22,4,1
MO,Fog/Low visibility,23,2,11
MO,Fog/Low visibility,23,4,1
MO,Precipitation (type unknown),2,2,4
MO,Precipitation (type unknown),4,2,1
MO,Precipitation (type unknown),5,2,1
MO,Precipitation (type unknown),5,3,1
MO,Precipitation (type unknown),5,4,1
MO,Precipitation (type unknown),6,2,4
MO,Precipitation (type unknown),6,3,2
MO,Precipitation (type unknown),7,2,1
MO,Precipitation (type unknown),7,3,3
MO,Precipitation (type unknown),9,2,2
MO,Precipitation (type unknown),10,2,2
MO,Precipitation (type unknown),11,4,1
MO,Precipitation (type unknown),12,2,8
MO,Precipitation (type unknown),13,2,2
MO,Precipitation (type unknown),14,2,1
MO,Precipitation (type unknown),14,3,2
MO,Precipitation (type unknown),15,2,3
MO,Precipitation (type unknown),15,3,4
MO,Precipitation (type unknown),16,2,2
MO,Precipitation (type unknown),16,3,4
MO,Precipitation (type unknown),17,2,1
MO,Precipitation (type unknown),18,2,3
MO,Precipitation (type unknown),18,3,1
MO,Precipitation (type unknown),19,2,1
MO,Precipitation (type unknown),20,2,3
MO,Precipitation (type unknown),20,3,1
MO,Precipitation (type unknown),22,2,1
MO,Precipitation (type unknown),22,4,1
MO,Rain,0,2,53
MO,Rain,0,3,5
MO,Rain,0,4,1
MO,Rain,1,2,48
MO,Rain,1,3,6
MO,Rain,1,4,4
MO,Rain,2,2,27
MO,Rain,2,3,6
MO,Rain,2,4,3
MO,Rain,3,2,32
MO,Rain,3,3,7
MO,Rain,3,4,4
MO,Rain,4,2,61
MO,Rain,4,3,47
MO,Rain,4,4,33
MO,Rain,5,1,1
MO,Rain,5,2,120
MO,Rain,5,3,90
MO,Rain,5,4,11
MO,Rain,6,1,12
MO,Rain,6,2,295
MO,Rain,6,3,201
MO,Rain,6,4,8
MO,Rain,7,1,9
MO,Rain,7,2,369
MO,Rain,7,3,260
MO,Rain,7,4,3
MO,Rain,8,1,7
MO,Rain,8,2,311
MO,Rain,8,3,255
MO,Rain,8,4,15
MO,Rain,9,2,149
MO,Rain,9,3,156
MO,Rain,9,4,11
MO,Rain,10,2,186
MO,Rain,10,3,156
MO,Rain,10,4,5
MO,Rain,11,1,1
MO,Rain,11,2,156
MO,Rain,11,3,139
MO,Rain,11,4,9
MO,Rain,12,2,168
MO,Rain,12,3,121
MO,Rain,12,4,15
MO,Rain,13,2,163
MO,Rain,13,3,120
MO,Rain,13,4,8
MO,Rain,14,2,223
MO,Rain,14,3,139
MO,Rain,14,4,7
MO,Rain,15,2,228
MO,Rain,15,3,163
MO,Rain,15,4,9
MO,Rain,16,1,2
MO,Rain,16,2,234
MO,Rain,16,3,167
MO,Rain,16,4,11
MO,Rain,17,2,218
MO,Rain,17,3,129
MO,Rain,17,4,7
MO,Rain,18,2,126
MO,Rain,18,3,116
MO,Rain,18,4,9
MO,Rain,19,2,111
MO,Rain,19,3,94
MO,Rain,19,4,6
MO,Rain,20,2,61
MO,Rain,20,3,58
MO,Rain,20,4,4
MO,Rain,21,2,49
MO,Rain,21,3,54
MO,Rain,21,4,3
MO,Rain,22,2,54
MO,Rain,22,3,41
MO,Rain,22,4,10
MO,Rain,23,2,35
MO,Rain,23,3,18
MO,Rain,23,4,6
MO,Severe wind,15,4,1
MO,Severe wind,18,3,1
MO,Snow/Ice,0,2,38
MO,Snow/Ice,0,3,3
MO,Snow/Ice,1,2,100
MO,Snow/Ice,1,4,8
MO,Snow/Ice,2,2,64
MO,Snow/Ice,2,3,1
MO,Snow/Ice,2,4,1
MO,Snow/Ice,3,2,57
MO,Snow/Ice,3,3,2
MO,Snow/Ice,3,4,1
MO,Snow/Ice,4,2,76
MO,Snow/Ice,4,3,37
MO,Snow/Ice,4,4,2
MO,Snow/Ice,5,2,126
MO,Snow/Ice,5,3,45
MO,Snow/Ice,5,4,5
MO,Snow/Ice,6,2,214
MO,Snow/Ice,6,3,92
MO,Snow/Ice,6,4,5
MO,Snow/Ice,7,2,241
MO,Snow/Ice,7,3,88
MO,Snow/Ice,7,4,4
MO,Snow/Ice,8,2,196
MO,Snow/Ice,8,3,110
MO,Snow/Ice,8,4,8
MO,Snow/Ice,9,2,158
MO,Snow/Ice,9,3,61
MO,Snow/Ice,9,4,3
MO,Snow/Ice,10,2,202
MO,Snow/Ice,10,3,80
MO,Snow/Ice,10,4,8
MO,Snow/Ice,11,2,160
MO,Snow/Ice,11,3,71
MO,Snow/Ice,11,4,8
MO,Snow/Ice,12,2,147
MO,Snow/Ice,12,3,40
MO,Snow/Ice,12,4,9
MO,Snow/Ice,13,2,125
MO,Snow/Ice,13,3,49
MO,Snow/Ice,13,4,7
MO,Snow/Ice,14,2,113
MO,Snow/Ice,14,3,44
MO,Snow/Ice,14,4,12
MO,Snow/Ice,15,2,146
MO,Snow/Ice,15,3,64
MO,Snow/Ice,15,4,8
MO,Snow/Ice,16,2,103
MO,Snow/Ice,16,3,53
MO,Snow/Ice,16,4,8
MO,Snow/Ice,17,2,72
MO,Snow/Ice,17,3,40
MO,Snow/Ice,17,4,5
MO,Snow/Ice,18,2,115
MO,Snow/Ice,18,3,40
MO,Snow/Ice,18,4,7
MO,Snow/Ice,19,2,90
MO,Snow/Ice,19,3,31
MO,Snow/Ice,19,4,8
MO,Snow/Ice,20,2,64
MO,Snow/Ice,20,3,23
MO,Snow/Ice,20,4,3
MO,Snow/Ice,21,2,70
MO,Snow/Ice,21,3,18
MO,Snow/Ice,21,4,2
MO,Snow/Ice,22,2,53
MO,Snow/Ice,22,3,16
MO,Snow/Ice,22,4,9
MO,Snow/Ice,23,2,49
MO,Snow/Ice,23,3,8
MO,Thunderstorm,0,2,12
MO,Thunderstorm,0,3,2
MO,Thunderstorm,0,4,1
MO,Thunderstorm,1,2,8
MO,Thunderstorm,1,3,3
MO,Thunderstorm,2,2,7
MO,Thunderstorm,2,3,2
MO,Thunderstorm,2,4,1
MO,Thunderstorm,3,2,5
MO,Thunderstorm,3,3,2
MO,Thunderstorm,4,2,18
MO,Thunderstorm,4,3,25
MO,Thunderstorm,4,4,1
MO,Thunderstorm,5,1,3
MO,Thunderstorm,5,2,45
MO,Thunderstorm,5,3,32
MO,Thunderstorm,5,4,1
MO,Thunderstorm,6,1,5
MO,Thunderstorm,6,2,67
MO,Thunderstorm,6,3,41
MO,Thunderstorm,6,4,4
MO,Thunderstorm,7,1,1
MO,Thunderstorm,7,2,68
MO,Thunderstorm,7,3,56
MO,Thunderstorm,7,4,1
MO,Thunderstorm,8,2,53
MO,Thunderstorm,8,3,51
MO,Thunderstorm,8,4,3
MO,Thunderstorm,9,2,43
MO,Thunderstorm,9,3,20
MO,Thunderstorm,9,4,1
MO,Thunderstorm,10,2,33
MO,Thunderstorm,10,3,30
MO,Thunderstorm,10,4,4
MO,Thunderstorm,11,2,24
MO,Thunderstorm,11,3,31
MO,Thunderstorm,11,4,1
MO,Thunderstorm,12,2,15
MO,Thunderstorm,12,3,9
MO,Thunderstorm,12,4,1
MO,Thunderstorm,13,1,1
MO,Thunderstorm,13,2,31
MO,Thunderstorm,13,3,30
MO,Thunderstorm,13,4,1
MO,Thunderstorm,14,2,43
MO,Thunderstorm,14,3,28
MO,Thunderstorm,14,4,3
MO,Thunderstorm,15,2,59
MO,Thunderstorm,15,3,36
MO,Thunderstorm,15,4,3
MO,Thunderstorm,16,2,58
MO,Thunderstorm,16,3,47
MO,Thunderstorm,16,4,5
MO,Thunderstorm,17,2,65
MO,Thunderstorm,17,3,37
MO,Thunderstorm,17,4,1
MO,Thunderstorm,18,2,46
MO,Thunderstorm,18,3,42
MO,Thunderstorm,19,1,1
MO,Thunderstorm,19,2,27
MO,Thunderstorm,19,3,44
MO,Thunderstorm,19,4,2
MO,Thunderstorm,20,2,29
MO,Thunderstorm,20,3,20
MO,Thunderstorm,20,4,1
MO,Thunderstorm,21,2,15
MO,Thunderstorm,21,3,12
MO,Thunderstorm,21,4,3
MO,Thunderstorm,22,2,25
MO,Thunderstorm,22,3,11
MO,Thunderstorm,22,4,3
MO,Thunderstorm,23,2,33
MO,Thunderstorm,23,3,3
MS,Clear/Fair,0,2,80
MS,Clear/Fair,0,3,2
MS,Clear/Fair,0,4,3
MS,Clear/Fair,1,2,78
MS,Clear/Fair,1,4,11
MS,Clear/Fair,2,2,49
MS,Clear/Fair,2,3,1
MS,Clear/Fair,2,4,4
MS,Clear/Fair,3,2,35
MS,Clear/Fair,3,4,6
MS,Clear/Fair,4,2,61
MS,Clear/Fair,4,3,22
MS,Clear/Fair,4,4,10
MS,Clear/Fair,5,1,1
MS,Clear/Fair,5,2,69
MS,Clear/Fair,5,3,23
MS,Clear/Fair,5,4,13
MS,Clear/Fair,6,2,180
MS,Clear/Fair,6,3,72
MS,Clear/Fair,6,4,14
MS,Clear/Fair,7,1,2
MS,Clear/Fair,7,2,428
MS,Clear/Fair,7,3,137
MS,Clear/Fair,7,4,18
MS,Clear/Fair,8,1,4
MS,Clear/Fair,8,2,375
MS,Clear/Fair,8,3,204
MS,Clear/Fair,8,4,12
MS,Clear/Fair,9,1,2
MS,Clear/Fair,9,2,225
MS,Clear/Fair,9,3,80
MS,Clear/Fair,9,4,12
MS,Clear/Fair,10,1,1
MS,Clear/Fair,10,2,225
MS,Clear/Fair,10,3,55
MS,Clear/Fair,10,4,11
MS,Clear/Fair,11,1,1
MS,Clear/Fair,11,2,252
MS,Clear/Fair,11,3,70
MS,Clear/Fair,11,4,24
MS,Clear/Fair,12,1,1
MS,Clear/Fair,12,2,259
MS,Clear/Fair,12,3,50
MS,Clear/Fair,12,4,15
MS,Clear/Fair,13,2,223
MS,Clear/Fair,13,3,46
MS,Clear/Fair,13,4,20
MS,Clear/Fair,14,2,278
MS,Clear/Fair,14,3,46
MS,Clear/Fair,14,4,20
MS,Clear/Fair,15,2,382
MS,Clear/Fair,15,3,130
MS,Clear/Fair,15,4,19
MS,Clear/Fair,16,2,424
MS,Clear/Fair,16,3,146
MS,Clear/Fair,16,4,31
MS,Clear/Fair,17,2,446
MS,Clear/Fair,17,3,207
MS,Clear/Fair,17,4,30
MS,Clear/Fair,18,2,218
MS,Clear/Fair,18,3,119
MS,Clear/Fair,18,4,25
MS,Clear/Fair,19,2,129
MS,Clear/Fair,19,3,46
MS,Clear/Fair,19,4,14
MS,Clear/Fair,20,2,111
MS,Clear/Fair,20,3,11
MS,Clear/Fair,20,4,18
MS,Clear/Fair,21,2,106
MS,Clear/Fair,21,3,11
MS,Clear/Fair,21,4,20
MS,Clear/Fair,22,2,73
MS,Clear/Fair,22,3,5
MS,Clear/Fair,22,4,12
MS,Clear/Fair,23,2,89
MS,Clear/Fair,23,3,3
MS,Clear/Fair,23,4,15
MS,Cloudy,0,2,49
MS,Cloudy,0,3,1
MS,Cloudy,0,4,8
MS,Cloudy,1,2,46
MS,Cloudy,1,3,1
MS,Cloudy,1,4,6
MS,Cloudy,2,2,32
MS,Cloudy,2,3,1
MS,Cloudy,2,4,3
MS,Cloudy,3,2,31
MS,Cloudy,3,3,2
MS,Cloudy,3,4,2
MS,Cloudy,4,2,47
MS,Cloudy,4,3,10
MS,Cloudy,4,4,9
MS,Cloudy,5,1,1
MS,Cloudy,5,2,68
MS,Cloudy,5,3,16
MS,Cloudy,5,4,6
MS,Cloudy,6,2,129
MS,Cloudy,6,3,67
MS,Cloudy,6,4,15
MS,Cloudy,7,1,2
MS,Cloudy,7,2,314
MS,Cloudy,7,3,118
MS,Cloudy,7,4,12
MS,Cloudy,8,1,2
MS,Cloudy,8,2,368
MS,Cloudy,8,3,168
MS,Cloudy,8,4,20
MS,Cloudy,9,1,2
MS,Cloudy,9,2,241
MS,Cloudy,9,3,87
MS,Cloudy,9,4,14
MS,Cloudy,10,2,228
MS,Cloudy,10,3,83
MS,Cloudy,10,4,17
MS,Cloudy,11,1,1
MS,Cloudy,11,2,268
MS,Cloudy,11,3,77
MS,Cloudy,11,4,14
MS,Cloudy,12,1,1
MS,Cloudy,12,2,221
MS,Cloudy,12,3,75
MS,Cloudy,12,4,17
MS,Cloudy,13,2,250
MS,Cloudy,13,3,69
MS,Cloudy,13,4,28
MS,Cloudy,14,1,1
MS,Cloudy,14,2,240
MS,Cloudy,14,3,45
MS,Cloudy,14,4,34
MS,Cloudy,15,2,274
MS,Cloudy,15,3,139
MS,Cloudy,15,4,22
MS,Cloudy,16,2,337
MS,Cloudy,16,3,146
MS,Cloudy,16,4,20
MS,Cloudy,17,2,334
MS,Cloudy,17,3,168
MS,Cloudy,17,4,25
MS,Cloudy,18,2,166
MS,Cloudy,18,3,92
MS,Cloudy,18,4,16
MS,Cloudy,19,2,74
MS,Cloudy,19,3,29
MS,Cloudy,19,4,10
MS,Cloudy,20,2,43
MS,Cloudy,20,3,9
MS,Cloudy,20,4,6
MS,Cloudy,21,2,65
MS,Cloudy,21,3,6
MS,Cloudy,21,4,14
MS,Cloudy,22,2,80
MS,Cloudy,22,3,3
MS,Cloudy,22,4,10
MS,Cloudy,23,2,43
MS,Cloudy,23,3,6
MS,Cloudy,23,4,8
MS,Fog/Low visibility,0,2,3
MS,Fog/Low visibility,1,2,4
MS,Fog/Low visibility,2,2,1
MS,Fog/Low visibility,3,2,3
MS,Fog/Low visibility,4,2,8
MS,Fog/Low visibility,4,3,2
MS,Fog/Low visibility,4,4,1
MS,Fog/Low visibility,5,2,15
MS,Fog/Low visibility,5,3,1
MS,Fog/Low visibility,5,4,2
MS,Fog/Low visibility,6,1,1
MS,Fog/Low visibility,6,2,36
MS,Fog/Low visibility,6,3,10
MS,Fog/Low visibility,6,4,2
MS,Fog/Low visibility,7,1,1
MS,Fog/Low visibility,7,2,39
MS,Fog/Low visibility,7,3,4
MS,Fog/Low visibility,7,4,1
MS,Fog/Low visibility,8,2,43
MS,Fog/Low visibility,8,3,4
MS,Fog/Low visibility,9,2,11
MS,Fog/Low visibility,9,3,2
MS,Fog/Low visibility,10,2,7
MS,Fog/Low visibility,11,2,12
MS,Fog/Low visibility,11,4,1
MS,Fog/Low visibility,12,2,3
MS,Fog/Low visibility,12,3,1
MS,Fog/Low visibility,13,2,3
MS,Fog/Low visibility,13,3,2
MS,Fog/Low visibility,14,2,3
MS,Fog/Low visibility,14,3,2
MS,Fog/Low visibility,15,2,2
MS,Fog/Low visibility,15,4,1
MS,Fog/Low visibility,16,2,3
MS,Fog/Low visibility,16,3,1
MS,Fog/Low visibility,17,2,6
MS,Fog/Low visibility,17,3,4
MS,Fog/Low visibility,18,2,2
MS,Fog/Low visibility,18,3,2
MS,Fog/Low visibility,18,4,1
MS,Fog/Low visibility,19,2,3
MS,Fog/Low visibility,19,3,2
MS,Fog/Low visibility,20,2,2
MS,Fog/Low visibility,21,2,5
MS,Fog/Low visibility,21,4,1
MS,Fog/Low visibility,22,2,6
MS,Fog/Low visibility,23,2,5
MS,Fog/Low visibility,23,4,1
MS,Rain,0,2,7
MS,Rain,0,3,1
MS,Rain,0,4,1
MS,Rain,1,2,11
MS,Rain,2,2,11
MS,Rain,2,4,1
MS,Rain,3,2,3
MS,Rain,4,2,4
MS,Rain,4,3,4
MS,Rain,5,2,18
MS,Rain,5,3,6
MS,Rain,6,2,52
MS,Rain,6,3,28
MS,Rain,6,4,4
MS,Rain,7,1,2
MS,Rain,7,2,102
MS,Rain,7,3,44
MS,Rain,7,4,3
MS,Rain,8,1,1
MS,Rain,8,2,88
MS,Rain,8,3,55
MS,Rain,8,4,8
MS,Rain,9,2,49
MS,Rain,9,3,22
MS,Rain,9,4,7
MS,Rain,10,1,1
MS,Rain,10,2,61
MS,Rain,10,3,18
MS,Rain,11,2,28
MS,Rain,11,3,22
MS,Rain,11,4,1
MS,Rain,12,2,62
MS,Rain,12,3,23
MS,Rain,13,2,46
MS,Rain,13,3,29
MS,Rain,13,4,2
MS,Rain,14,2,71
MS,Rain,14,3,20
MS,Rain,14,4,6
MS,Rain,15,2,77
MS,Rain,15,3,46
MS,Rain,15,4,3
MS,Rain,16,2,89
MS,Rain,16,3,36
MS,Rain,16,4,3
MS,Rain,17,2,93
MS,Rain,17,3,49
MS,Rain,17,4,5
MS,Rain,18,2,43
MS,Rain,18,3,21
MS,Rain,18,4,1
MS,Rain,19,2,15
MS,Rain,19,3,5
MS,Rain,19,4,1
MS,Rain,20,2,20
MS,Rain,20,3,2
MS,Rain,21,2,15
MS,Rain,21,3,3
MS,Rain,21,4,3
MS,Rain,22,2,18
MS,Rain,22,4,1
MS,Rain,23,2,18
MS,Rain,23,4,4
MS,Snow/Ice,5,2,2
MS,Snow/Ice,5,3,1
MS,Snow/Ice,6,3,2
MS,Snow/Ice,6,4,1
MS,Snow/Ice,7,2,5
MS,Snow/Ice,7,3,3
MS,Snow/Ice,7,4,2
MS,Snow/Ice,8,2,2
MS,Snow/Ice,8,3,1
MS,Snow/Ice,9,2,4
MS,Snow/Ice,10,2,4
MS,Snow/Ice,11,2,8
MS,Snow/Ice,11,3,3
MS,Snow/Ice,12,3,5
MS,Snow/Ice,13,2,1
MS,Snow/Ice,13,3,1
MS,Snow/Ice,14,4,4
MS,Snow/Ice,15,3,2
MS,Snow/Ice,16,2,1
MS,Snow/Ice,17,2,2
MS,Snow/Ice,18,2,4
MS,Snow/Ice,20,2,5
MS,Snow/Ice,20,4,1
MS,Snow/Ice,21,2,8
MS,Snow/Ice,21,4,1
MS,Thunderstorm,0,2,5
MS,Thunderstorm,0,4,1
MS,Thunderstorm,2,2,1
MS,Thunderstorm,3,2,1
MS,Thunderstorm,4,3,2
MS,Thunderstorm,4,4,1
MS,Thunderstorm,5,2,2
MS,Thunderstorm,5,3,2
MS,Thunderstorm,6,2,10
MS,Thunderstorm,6,3,3
MS,Thunderstorm,7,2,31
MS,Thunderstorm,7,3,8
MS,Thunderstorm,7,4,4
MS,Thunderstorm,8,2,11
MS,Thunderstorm,8,3,5
MS,Thunderstorm,9,1,1
MS,Thunderstorm,9,2,6
MS,Thunderstorm,9,3,6
MS,Thunderstorm,10,2,20
MS,Thunderstorm,10,3,1
MS,Thunderstorm,11,2,16
MS,Thunderstorm,11,3,4
MS,Thunderstorm,11,4,2
MS,Thunderstorm,12,2,20
MS,Thunderstorm,12,3,4
MS,Thunderstorm,12,4,1
MS,Thunderstorm,13,2,21
MS,Thunderstorm,13,3,6
MS,Thunderstorm,14,2,52
MS,Thunderstorm,14,3,9
MS,Thunderstorm,14,4,3
MS,Thunderstorm,15,2,45
MS,Thunderstorm,15,3,12
MS,Thunderstorm,15,4,2
MS,Thunderstorm,16,2,51
MS,Thunderstorm,16,3,17
MS,Thunderstorm,16,4,5
MS,Thunderstorm,17,2,42
MS,Thunderstorm,17,3,16
MS,Thunderstorm,17,4,2
MS,Thunderstorm,18,2,15
MS,Thunderstorm,18,3,9
MS,Thunderstorm,18,4,1
MS,Thunderstorm,19,2,8
MS,Thunderstorm,19,3,6
MS,Thunderstorm,20,2,10
MS,Thunderstorm,20,4,3
MS,Thunderstorm,21,2,3
MS,Thunderstorm,21,4,2
MT,Clear/Fair,0,2,260
MT,Clear/Fair,1,2,217
MT,Clear/Fair,1,3,2
MT,Clear/Fair,2,2,222
MT,Clear/Fair,2,4,4
MT,Clear/Fair,3,2,176
MT,Clear/Fair,3,4,4
MT,Clear/Fair,4,2,160
MT,Clear/Fair,4,4,1
MT,Clear/Fair,5,2,213
MT,Clear/Fair,5,4,5
MT,Clear/Fair,6,2,285
MT,Clear/Fair,6,4,2
MT,Clear/Fair,7,2,365
MT,Clear/Fair,7,3,2
MT,Clear/Fair,7,4,3
MT,Clear/Fair,8,2,358
MT,Clear/Fair,8,3,3
MT,Clear/Fair,8,4,17
MT,Clear/Fair,9,2,371
MT,Clear/Fair,9,3,2
MT,Clear/Fair,9,4,6
MT,Clear/Fair,10,2,388
MT,Clear/Fair,10,3,1
MT,Clear/Fair,10,4,7
MT,Clear/Fair,11,2,366
MT,Clear/Fair,11,3,2
MT,Clear/Fair,11,4,12
MT,Clear/Fair,12,2,376
MT,Clear/Fair,12,4,20
MT,Clear/Fair,13,2,389
MT,Clear/Fair,13,3,2
MT,Clear/Fair,13,4,17
MT,Clear/Fair,14,2,388
MT,Clear/Fair,14,3,2
MT,Clear/Fair,14,4,12
MT,Clear/Fair,15,2,441
MT,Clear/Fair,15,3,2
MT,Clear/Fair,15,4,13
MT,Clear/Fair,16,2,442
MT,Clear/Fair,16,4,16
MT,Clear/Fair,17,2,516
MT,Clear/Fair,17,4,5
MT,Clear/Fair,18,2,437
MT,Clear/Fair,18,4,10
MT,Clear/Fair,19,2,437
MT,Clear/Fair,19,4,6
MT,Clear/Fair,20,2,461
MT,Clear/Fair,20,3,2
MT,Clear/Fair,20,4,2
MT,Clear/Fair,21,2,386
MT,Clear/Fair,21,4,3
MT,Clear/Fair,22,2,367
MT,Clear/Fair,22,3,2
MT,Clear/Fair,22,4,1
MT,Clear/Fair,23,2,250
MT,Clear/Fair,23,4,2
MT,Cloudy,0,2,296
MT,Cloudy,0,3,3
MT,Cloudy,0,4,1
MT,Cloudy,1,2,252
MT,Cloudy,1,3,2
MT,Cloudy,2,2,196
MT,Cloudy,3,2,179
MT,Cloudy,3,3,2
MT,Cloudy,3,4,3
MT,Cloudy,4,2,180
MT,Cloudy,4,3,1
MT,Cloudy,4,4,3
MT,Cloudy,5,2,236
MT,Cloudy,5,3,1
MT,Cloudy,5,4,2
MT,Cloudy,6,2,463
MT,Cloudy,6,3,5
MT,Cloudy,6,4,9
MT,Cloudy,7,2,560
MT,Cloudy,7,3,3
MT,Cloudy,7,4,8
MT,Cloudy,8,2,570
MT,Cloudy,8,3,5
MT,Cloudy,8,4,7
MT,Cloudy,9,2,461
MT,Cloudy,9,3,6
MT,Cloudy,9,4,9
MT,Cloudy,10,2,492
MT,Cloudy,10,3,5
MT,Cloudy,10,4,7
MT,Cloudy,11,2,393
MT,Cloudy,11,3,4
MT,Cloudy,11,4,8
MT,Cloudy,12,2,399
MT,Cloudy,12,3,3
MT,Cloudy,12,4,5
MT,Cloudy,13,2,381
MT,Cloudy,13,3,2
MT,Cloudy,13,4,14
MT,Cloudy,14,2,367
MT,Cloudy,14,3,6
MT,Cloudy,14,4,4
MT,Cloudy,15,2,526
MT,Cloudy,15,3,2
MT,Cloudy,15,4,5
MT,Cloudy,16,2,580
MT,Cloudy,16,3,2
MT,Cloudy,16,4,9
MT,Cloudy,17,2,680
MT,Cloudy,17,4,14
MT,Cloudy,18,2,670
MT,Cloudy,18,3,3
MT,Cloudy,18,4,8
MT,Cloudy,19,2,575
MT,Cloudy,19,4,4
MT,Cloudy,20,2,541
MT,Cloudy,20,4,3
MT,Cloudy,21,2,409
MT,Cloudy,21,3,2
MT,Cloudy,21,4,3
MT,Cloudy,22,2,358
MT,Cloudy,22,3,5
MT,Cloudy,22,4,8
MT,Cloudy,23,2,313
MT,Cloudy,23,3,4
MT,Cloudy,23,4,7
MT,Fog/Low visibility,0,2,20
MT,Fog/Low visibility,1,2,22
MT,Fog/Low visibility,2,2,21
MT,Fog/Low visibility,3,2,35
MT,Fog/Low visibility,4,2,18
MT,Fog/Low visibility,4,4,1
MT,Fog/Low visibility,5,2,29
MT,Fog/Low visibility,5,4,1
MT,Fog/Low visibility,6,2,47
MT,Fog/Low visibility,7,2,67
MT,Fog/Low visibility,7,4,3
MT,Fog/Low visibility,8,2,100
MT,Fog/Low visibility,8,4,1
MT,Fog/Low visibility,9,2,106
MT,Fog/Low visibility,10,2,87
MT,Fog/Low visibility,10,4,3
MT,Fog/Low visibility,11,2,55
MT,Fog/Low visibility,12,2,91
MT,Fog/Low visibility,13,2,74
MT,Fog/Low visibility,13,4,2
MT,Fog/Low visibility,14,2,48
MT,Fog/Low visibility,14,4,2
MT,Fog/Low visibility,15,2,46
MT,Fog/Low visibility,15,4,2
MT,Fog/Low visibility,16,2,40
MT,Fog/Low visibility,17,2,52
MT,Fog/Low visibility,18,2,33
MT,Fog/Low visibility,18,4,2
MT,Fog/Low visibility,19,2,25
MT,Fog/Low visibility,19,4,1
MT,Fog/Low visibility,20,2,39
MT,Fog/Low visibility,21,2,49
MT,Fog/Low visibility,22,2,30
MT,Fog/Low visibility,23,2,39
MT,Fog/Low visibility,23,4,1
MT,Precipitation (type unknown),0,2,2
MT,Precipitation (type unknown),1,2,1
MT,Precipitation (type unknown),4,2,1
MT,Precipitation (type unknown),5,2,2
MT,Precipitation (type unknown),6,2,19
MT,Precipitation (type unknown),7,2,4
MT,Precipitation (type unknown),8,2,8
MT,Precipitation (type unknown),8,3,1
MT,Precipitation (type unknown),9,2,29
MT,Precipitation (type unknown),10,2,11
MT,Precipitation (type unknown),11,2,3
MT,Precipitation (type unknown),12,2,8
MT,Precipitation (type unknown),13,2,4
MT,Precipitation (type unknown),14,2,19
MT,Precipitation (type unknown),15,2,3
MT,Precipitation (type unknown),16,2,4
MT,Precipitation (type unknown),17,2,6
MT,Precipitation (type unknown),17,4,1
MT,Precipitation (type unknown),18,2,6
MT,Precipitation (type unknown),19,2,2
MT,Precipitation (type unknown),21,2,3
MT,Precipitation (type unknown),22,2,5
MT,Precipitation (type unknown),23,2,1
MT,Rain,0,2,9
MT,Rain,1,2,7
MT,Rain,2,2,6
MT,Rain,3,2,12
MT,Rain,4,2,5
MT,Rain,4,3,2
MT,Rain,5,2,10
MT,Rain,6,2,11
MT,Rain,7,2,20
MT,Rain,8,2,9
MT,Rain,8,3,2
MT,Rain,9,2,21
MT,Rain,9,4,1
MT,Rain,10,2,13
MT,Rain,11,2,30
MT,Rain,11,4,2
MT,Rain,12,2,23
MT,Rain,12,4,5
MT,Rain,13,2,24
MT,Rain,14,2,23
MT,Rain,15,2,35
MT,Rain,15,4,2
MT,Rain,16,2,18
MT,Rain,16,4,1
MT,Rain,17,2,21
MT,Rain,17,4,2
MT,Rain,18,2,34
MT,Rain,18,3,2
MT,Rain,18,4,4
MT,Rain,19,2,16
MT,Rain,20,2,11
MT,Rain,21,2,21
MT,Rain,22,2,15
MT,Rain,23,2,16
MT,Severe wind,13,2,1
MT,Snow/Ice,0,2,121
MT,Snow/Ice,0,3,2
MT,Snow/Ice,1,2,149
MT,Snow/Ice,2,2,127
MT,Snow/Ice,3,2,109
MT,Snow/Ice,3,4,2
MT,Snow/Ice,4,2,120
MT,Snow/Ice,5,2,244
MT,Snow/Ice,5,3,1
MT,Snow/Ice,5,4,1
MT,Snow/Ice,6,2,324
MT,Snow/Ice,6,3,2
MT,Snow/Ice,6,4,2
MT,Snow/Ice,7,2,453
MT,Snow/Ice,7,3,2
MT,Snow/Ice,7,4,7
MT,Snow/Ice,8,2,439
MT,Snow/Ice,8,3,12
MT,Snow/Ice,8,4,6
MT,Snow/Ice,9,2,390
MT,Snow/Ice,9,3,8
MT,Snow/Ice,9,4,6
MT,Snow/Ice,10,2,299
MT,Snow/Ice,10,4,5
MT,Snow/Ice,11,2,308
MT,Snow/Ice,11,4,5
MT,Snow/Ice,12,2,245
MT,Snow/Ice,12,3,3
MT,Snow/Ice,12,4,9
MT,Snow/Ice,13,2,196
MT,Snow/Ice,13,3,1
MT,Snow/Ice,13,4,6
MT,Snow/Ice,14,2,198
MT,Snow/Ice,14,3,5
MT,Snow/Ice,14,4,5
MT,Snow/Ice,15,2,286
MT,Snow/Ice,15,3,3
MT,Snow/Ice,15,4,7
MT,Snow/Ice,16,2,276
MT,Snow/Ice,16,3,2
MT,Snow/Ice,16,4,7
MT,Snow/Ice,17,2,318
MT,Snow/Ice,17,3,1
MT,Snow/Ice,17,4,5
MT,Snow/Ice,18,2,327
MT,Snow/Ice,18,4,3
MT,Snow/Ice,19,2,340
MT,Snow/Ice,19,4,2
MT,Snow/Ice,20,2,269
MT,Snow/Ice,20,4,2
MT,Snow/Ice,21,2,255
MT,Snow/Ice,21,4,2
MT,Snow/Ice,22,2,232
MT,Snow/Ice,22,3,4
MT,Snow/Ice,22,4,1
MT,Snow/Ice,23,2,140
MT,Snow/Ice,23,3,1
MT,Snow/Ice,23,4,2
MT,Thunderstorm,0,2,1
MT,Thunderstorm,10,2,1
MT,Thunderstorm,12,2,2
MT,Thunderstorm,13,2,2
MT,Thunderstorm,14,2,4
MT,Thunderstorm,15,2,7
MT,Thunderstorm,16,2,2
MT,Thunderstorm,17,2,6
MT,Thunderstorm,18,2,5
MT,Thunderstorm,19,2,4
MT,Thunderstorm,20,2,10
MT,Thunderstorm,21,2,7
MT,Thunderstorm,22,2,1
NC,Clear/Fair,0,1,19
NC,Clear/Fair,0,2,1456
NC,Clear/Fair,0,3,23
NC,Clear/Fair,0,4,161
NC,Clear/Fair,1,1,8
NC,Clear/Fair,1,2,896
NC,Clear/Fair,1,3,12
NC,Clear/Fair,1,4,122
NC,Clear/Fair,2,1,7
NC,Clear/Fair,2,2,965
NC,Clear/Fair,2,3,11
NC,Clear/Fair,2,4,133
NC,Clear/Fair,3,1,10
NC,Clear/Fair,3,2,709
NC,Clear/Fair,3,3,10
NC,Clear/Fair,3,4,100
NC,Clear/Fair,4,1,105
NC,Clear/Fair,4,2,1376
NC,Clear/Fair,4,3,180
NC,Clear/Fair,4,4,120
NC,Clear/Fair,5,1,56
NC,Clear/Fair,5,2,1808
NC,Clear/Fair,5,3,176
NC,Clear/Fair,5,4,101
NC,Clear/Fair,6,1,63
NC,Clear/Fair,6,2,4172
NC,Clear/Fair,6,3,423
NC,Clear/Fair,6,4,153
NC,Clear/Fair,7,1,201
NC,Clear/Fair,7,2,7396
NC,Clear/Fair,7,3,681
NC,Clear/Fair,7,4,182
NC,Clear/Fair,8,1,204
NC,Clear/Fair,8,2,7794
NC,Clear/Fair,8,3,743
NC,Clear/Fair,8,4,173
NC,Clear/Fair,9,1,72
NC,Clear/Fair,9,2,5371
NC,Clear/Fair,9,3,519
NC,Clear/Fair,9,4,182
NC,Clear/Fair,10,1,68
NC,Clear/Fair,10,2,4623
NC,Clear/Fair,10,3,373
NC,Clear/Fair,10,4,167
NC,Clear/Fair,11,1,60
NC,Clear/Fair,11,2,4905
NC,Clear/Fair,11,3,419
NC,Clear/Fair,11,4,196
NC,Clear/Fair,12,1,35
NC,Clear/Fair,12,2,3843
NC,Clear/Fair,12,3,378
NC,Clear/Fair,12,4,208
NC,Clear/Fair,13,1,31
NC,Clear/Fair,13,2,4295
NC,Clear/Fair,13,3,387
NC,Clear/Fair,13,4,208
NC,Clear/Fair,14,1,51
NC,Clear/Fair,14,2,4852
NC,Clear/Fair,14,3,480
NC,Clear/Fair,14,4,266
NC,Clear/Fair,15,1,25
NC,Clear/Fair,15,2,5367
NC,Clear/Fair,15,3,528
NC,Clear/Fair,15,4,280
NC,Clear/Fair,16,1,130
NC,Clear/Fair,16,2,7858
NC,Clear/Fair,16,3,707
NC,Clear/Fair,16,4,303
NC,Clear/Fair,17,1,119
NC,Clear/Fair,17,2,8428
NC,Clear/Fair,17,3,697
NC,Clear/Fair,17,4,341
NC,Clear/Fair,18,1,103
NC,Clear/Fair,18,2,6538
NC,Clear/Fair,18,3,547
NC,Clear/Fair,18,4,336
NC,Clear/Fair,19,1,79
NC,Clear/Fair,19,2,4151
NC,Clear/Fair,19,3,326
NC,Clear/Fair,19,4,272
NC,Clear/Fair,20,1,23
NC,Clear/Fair,20,2,2740
NC,Clear/Fair,20,3,224
NC,Clear/Fair,20,4,211
NC,Clear/Fair,21,1,28
NC,Clear/Fair,21,2,2550
NC,Clear/Fair,21,3,193
NC,Clear/Fair,21,4,239
NC,Clear/Fair,22,1,15
NC,Clear/Fair,22,2,2255
NC,Clear/Fair,22,3,197
NC,Clear/Fair,22,4,267
NC,Clear/Fair,23,1,16
NC,Clear/Fair,23,2,1279
NC,Clear/Fair,23,3,14
NC,Clear/Fair,23,4,222
NC,Cloudy,0,1,17
NC,Cloudy,0,2,1415
NC,Cloudy,0,3,22
NC,Cloudy,0,4,118
NC,Cloudy,1,1,4
NC,Cloudy,1,2,899
NC,Cloudy,1,3,13
NC,Cloudy,1,4,104
NC,Cloudy,2,1,6
NC,Cloudy,2,2,938
NC,Cloudy,2,3,8
NC,Cloudy,2,4,73
NC,Cloudy,3,1,7
NC,Cloudy,3,2,695
NC,Cloudy,3,3,13
NC,Cloudy,3,4,65
NC,Cloudy,4,1,105
NC,Cloudy,4,2,1583
NC,Cloudy,4,3,233
NC,Cloudy,4,4,94
NC,Cloudy,5,1,56
NC,Cloudy,5,2,1866
NC,Cloudy,5,3,207
NC,Cloudy,5,4,69
NC,Cloudy,6,1,132
NC,Cloudy,6,2,4846
NC,Cloudy,6,3,661
NC,Cloudy,6,4,114
NC,Cloudy,7,1,268
NC,Cloudy,7,2,10538
NC,Cloudy,7,3,1337
NC,Cloudy,7,4,121
NC,Cloudy,8,1,331
NC,Cloudy,8,2,12006
NC,Cloudy,8,3,1462
NC,Cloudy,8,4,154
NC,Cloudy,9,1,162
NC,Cloudy,9,2,9375
NC,Cloudy,9,3,979
NC,Cloudy,9,4,151
NC,Cloudy,10,1,144
NC,Cloudy,10,2,8141
NC,Cloudy,10,3,700
NC,Cloudy,10,4,125
NC,Cloudy,11,1,164
NC,Cloudy,11,2,9526
NC,Cloudy,11,3,750
NC,Cloudy,11,4,149
NC,Cloudy,12,1,60
NC,Cloudy,12,2,7600
NC,Cloudy,12,3,679
NC,Cloudy,12,4,164
NC,Cloudy,13,1,113
NC,Cloudy,13,2,9233
NC,Cloudy,13,3,891
NC,Cloudy,13,4,212
NC,Cloudy,14,1,83
NC,Cloudy,14,2,9904
NC,Cloudy,14,3,911
NC,Cloudy,14,4,270
NC,Cloudy,15,1,83
NC,Cloudy,15,2,10572
NC,Cloudy,15,3,1203
NC,Cloudy,15,4,255
NC,Cloudy,16,1,374
NC,Cloudy,16,2,15238
NC,Cloudy,16,3,1667
NC,Cloudy,16,4,284
NC,Cloudy,17,1,371
NC,Cloudy,17,2,14810
NC,Cloudy,17,3,1505
NC,Cloudy,17,4,263
NC,Cloudy,18,1,227
NC,Cloudy,18,2,9865
NC,Cloudy,18,3,1093
NC,Cloudy,18,4,200
NC,Cloudy,19,1,144
NC,Cloudy,19,2,6041
NC,Cloudy,19,3,563
NC,Cloudy,19,4,170
NC,Cloudy,20,1,19
NC,Cloudy,20,2,3784
NC,Cloudy,20,3,376
NC,Cloudy,20,4,132
NC,Cloudy,21,1,30
NC,Cloudy,21,2,3487
NC,Cloudy,21,3,359
NC,Cloudy,21,4,164
NC,Cloudy,22,1,16
NC,Cloudy,22,2,2959
NC,Cloudy,22,3,308
NC,Cloudy,22,4,136
NC,Cloudy,23,1,20
NC,Cloudy,23,2,1168
NC,Cloudy,23,3,29
NC,Cloudy,23,4,107
NC,Fog/Low visibility,0,2,115
NC,Fog/Low visibility,0,4,13
NC,Fog/Low visibility,1,1,1
NC,Fog/Low visibility,1,2,122
NC,Fog/Low visibility,1,4,7
NC,Fog/Low visibility,2,1,1
NC,Fog/Low visibility,2,2,125
NC,Fog/Low visibility,2,4,8
NC,Fog/Low visibility,3,1,1
NC,Fog/Low visibility,3,2,90
NC,Fog/Low visibility,3,4,14
NC,Fog/Low visibility,4,1,5
NC,Fog/Low visibility,4,2,151
NC,Fog/Low visibility,4,3,11
NC,Fog/Low visibility,4,4,8
NC,Fog/Low visibility,5,1,3
NC,Fog/Low visibility,5,2,188
NC,Fog/Low visibility,5,3,16
NC,Fog/Low visibility,5,4,14
NC,Fog/Low visibility,6,1,5
NC,Fog/Low visibility,6,2,491
NC,Fog/Low visibility,6,3,49
NC,Fog/Low visibility,6,4,19
NC,Fog/Low visibility,7,1,15
NC,Fog/Low visibility,7,2,1029
NC,Fog/Low visibility,7,3,106
NC,Fog/Low visibility,7,4,28
NC,Fog/Low visibility,8,1,16
NC,Fog/Low visibility,8,2,817
NC,Fog/Low visibility,8,3,80
NC,Fog/Low visibility,8,4,38
NC,Fog/Low visibility,9,1,7
NC,Fog/Low visibility,9,2,352
NC,Fog/Low visibility,9,3,39
NC,Fog/Low visibility,9,4,19
NC,Fog/Low visibility,10,1,2
NC,Fog/Low visibility,10,2,199
NC,Fog/Low visibility,10,3,14
NC,Fog/Low visibility,10,4,6
NC,Fog/Low visibility,11,1,2
NC,Fog/Low visibility,11,2,134
NC,Fog/Low visibility,11,3,10
NC,Fog/Low visibility,12,2,70
NC,Fog/Low visibility,12,3,8
NC,Fog/Low visibility,12,4,3
NC,Fog/Low visibility,13,2,118
NC,Fog/Low visibility,13,3,9
NC,Fog/Low visibility,13,4,6
NC,Fog/Low visibility,14,2,90
NC,Fog/Low visibility,14,3,14
NC,Fog/Low visibility,15,1,2
NC,Fog/Low visibility,15,2,93
NC,Fog/Low visibility,15,3,8
NC,Fog/Low visibility,15,4,4
NC,Fog/Low visibility,16,2,195
NC,Fog/Low visibility,16,3,12
NC,Fog/Low visibility,16,4,4
NC,Fog/Low visibility,17,2,201
NC,Fog/Low visibility,17,3,16
NC,Fog/Low visibility,17,4,8
NC,Fog/Low visibility,18,1,1
NC,Fog/Low visibility,18,2,166
NC,Fog/Low visibility,18,3,8
NC,Fog/Low visibility,18,4,3
NC,Fog/Low visibility,19,1,1
NC,Fog/Low visibility,19,2,148
NC,Fog/Low visibility,19,3,3
NC,Fog/Low visibility,19,4,10
NC,Fog/Low visibility,20,2,82
NC,Fog/Low visibility,20,3,4
NC,Fog/Low visibility,21,2,111
NC,Fog/Low visibility,21,3,4
NC,Fog/Low visibility,21,4,8
NC,Fog/Low visibility,22,2,108
NC,Fog/Low visibility,22,3,3
NC,Fog/Low visibility,22,4,6
NC,Fog/Low visibility,23,2,72
NC,Fog/Low visibility,23,4,4
NC,Precipitation (type unknown),1,2,1
NC,Precipitation (type unknown),2,2,2
NC,Precipitation (type unknown),7,2,3
NC,Precipitation (type unknown),7,4,2
NC,Precipitation (type unknown),8,3,1
NC,Precipitation (type unknown),10,2,8
NC,Precipitation (type unknown),10,4,2
NC,Precipitation (type unknown),11,3,1
NC,Precipitation (type unknown),12,2,7
NC,Precipitation (type unknown),12,4,1
NC,Precipitation (type unknown),15,2,1
NC,Precipitation (type unknown),21,2,2
NC,Precipitation (type unknown),21,3,1
NC,Precipitation (type unknown),21,4,1
NC,Precipitation (type unknown),22,2,1
NC,Precipitation (type unknown),23,2,1
NC,Rain,0,1,2
NC,Rain,0,2,283
NC,Rain,0,3,6
NC,Rain,0,4,26
NC,Rain,1,1,1
NC,Rain,1,2,197
NC,Rain,1,3,5
NC,Rain,1,4,20
NC,Rain,2,1,1
NC,Rain,2,2,169
NC,Rain,2,3,6
NC,Rain,2,4,13
NC,Rain,3,1,4
NC,Rain,3,2,110
NC,Rain,3,3,1
NC,Rain,3,4,7
NC,Rain,4,1,8
NC,Rain,4,2,338
NC,Rain,4,3,63
NC,Rain,4,4,13
NC,Rain,5,1,7
NC,Rain,5,2,454
NC,Rain,5,3,76
NC,Rain,5,4,20
NC,Rain,6,1,22
NC,Rain,6,2,1086
NC,Rain,6,3,194
NC,Rain,6,4,33
NC,Rain,7,1,23
NC,Rain,7,2,2001
NC,Rain,7,3,302
NC,Rain,7,4,34
NC,Rain,8,1,29
NC,Rain,8,2,1821
NC,Rain,8,3,269
NC,Rain,8,4,35
NC,Rain,9,1,14
NC,Rain,9,2,1378
NC,Rain,9,3,234
NC,Rain,9,4,23
NC,Rain,10,1,26
NC,Rain,10,2,1383
NC,Rain,10,3,211
NC,Rain,10,4,34
NC,Rain,11,1,18
NC,Rain,11,2,1387
NC,Rain,11,3,215
NC,Rain,11,4,32
NC,Rain,12,1,14
NC,Rain,12,2,998
NC,Rain,12,3,178
NC,Rain,12,4,27
NC,Rain,13,1,5
NC,Rain,13,2,1165
NC,Rain,13,3,187
NC,Rain,13,4,58
NC,Rain,14,1,21
NC,Rain,14,2,1326
NC,Rain,14,3,234
NC,Rain,14,4,57
NC,Rain,15,1,29
NC,Rain,15,2,1320
NC,Rain,15,3,222
NC,Rain,15,4,66
NC,Rain,16,1,29
NC,Rain,16,2,1759
NC,Rain,16,3,270
NC,Rain,16,4,50
NC,Rain,17,1,27
NC,Rain,17,2,1785
NC,Rain,17,3,225
NC,Rain,17,4,47
NC,Rain,18,1,19
NC,Rain,18,2,1490
NC,Rain,18,3,243
NC,Rain,18,4,62
NC,Rain,19,1,16
NC,Rain,19,2,988
NC,Rain,19,3,145
NC,Rain,19,4,45
NC,Rain,20,1,7
NC,Rain,20,2,759
NC,Rain,20,3,108
NC,Rain,20,4,44
NC,Rain,21,1,4
NC,Rain,21,2,574
NC,Rain,21,3,76
NC,Rain,21,4,24
NC,Rain,22,1,3
NC,Rain,22,2,481
NC,Rain,22,3,77
NC,Rain,22,4,28
NC,Rain,23,1,5
NC,Rain,23,2,211
NC,Rain,23,3,6
NC,Rain,23,4,26
NC,Snow/Ice,0,2,30
NC,Snow/Ice,0,4,2
NC,Snow/Ice,1,2,13
NC,Snow/Ice,1,4,2
NC,Snow/Ice,2,2,20
NC,Snow/Ice,2,4,1
NC,Snow/Ice,3,2,14
NC,Snow/Ice,4,2,33
NC,Snow/Ice,4,3,1
NC,Snow/Ice,4,4,2
NC,Snow/Ice,5,2,28
NC,Snow/Ice,5,3,5
NC,Snow/Ice,5,4,1
NC,Snow/Ice,6,2,98
NC,Snow/Ice,6,3,5
NC,Snow/Ice,6,4,8
NC,Snow/Ice,7,2,87
NC,Snow/Ice,7,3,14
NC,Snow/Ice,7,4,2
NC,Snow/Ice,8,2,65
NC,Snow/Ice,8,3,18
NC,Snow/Ice,8,4,2
NC,Snow/Ice,9,2,95
NC,Snow/Ice,9,3,22
NC,Snow/Ice,9,4,5
NC,Snow/Ice,10,1,1
NC,Snow/Ice,10,2,86
NC,Snow/Ice,10,3,14
NC,Snow/Ice,10,4,4
NC,Snow/Ice,11,2,81
NC,Snow/Ice,11,3,19
NC,Snow/Ice,12,1,1
NC,Snow/Ice,12,2,55
NC,Snow/Ice,12,3,16
NC,Snow/Ice,12,4,3
NC,Snow/Ice,13,2,46
NC,Snow/Ice,13,3,7
NC,Snow/Ice,13,4,4
NC,Snow/Ice,14,1,2
NC,Snow/Ice,14,2,69
NC,Snow/Ice,14,3,7
NC,Snow/Ice,14,4,8
NC,Snow/Ice,15,1,1
NC,Snow/Ice,15,2,31
NC,Snow/Ice,15,3,10
NC,Snow/Ice,15,4,5
NC,Snow/Ice,16,1,1
NC,Snow/Ice,16,2,62
NC,Snow/Ice,16,3,7
NC,Snow/Ice,16,4,1
NC,Snow/Ice,17,1,1
NC,Snow/Ice,17,2,51
NC,Snow/Ice,17,3,9
NC,Snow/Ice,17,4,5
NC,Snow/Ice,18,1,1
NC,Snow/Ice,18,2,72
NC,Snow/Ice,18,3,7
NC,Snow/Ice,18,4,3
NC,Snow/Ice,19,2,48
NC,Snow/Ice,19,3,2
NC,Snow/Ice,19,4,5
NC,Snow/Ice,20,2,85
NC,Snow/Ice,20,3,6
NC,Snow/Ice,20,4,9
NC,Snow/Ice,21,2,56
NC,Snow/Ice,21,3,5
NC,Snow/Ice,22,1,1
NC,Snow/Ice,22,2,34
NC,Snow/Ice,22,3,6
NC,Snow/Ice,22,4,3
NC,Snow/Ice,23,1,1
NC,Snow/Ice,23,2,22
NC,Snow/Ice,23,4,4
NC,Thunderstorm,0,2,9
NC,Thunderstorm,0,3,1
NC,Thunderstorm,0,4,1
NC,Thunderstorm,1,2,5
NC,Thunderstorm,1,3,1
NC,Thunderstorm,2,2,6
NC,Thunderstorm,3,2,2
NC,Thunderstorm,4,2,16
NC,Thunderstorm,4,3,2
NC,Thunderstorm,5,2,15
NC,Thunderstorm,5,3,2
NC,Thunderstorm,6,1,2
NC,Thunderstorm,6,2,26
NC,Thunderstorm,6,3,2
NC,Thunderstorm,6,4,1
NC,Thunderstorm,7,1,2
NC,Thunderstorm,7,2,43
NC,Thunderstorm,7,3,8
NC,Thunderstorm,8,1,4
NC,Thunderstorm,8,2,44
NC,Thunderstorm,8,3,5
NC,Thunderstorm,8,4,2
NC,Thunderstorm,9,1,2
NC,Thunderstorm,9,2,33
NC,Thunderstorm,9,3,7
NC,Thunderstorm,9,4,3
NC,Thunderstorm,10,2,28
NC,Thunderstorm,10,3,5
NC,Thunderstorm,11,2,36
NC,Thunderstorm,11,3,4
NC,Thunderstorm,12,2,42
NC,Thunderstorm,12,3,13
NC,Thunderstorm,12,4,1
NC,Thunderstorm,13,2,118
NC,Thunderstorm,13,3,12
NC,Thunderstorm,13,4,7
NC,Thunderstorm,14,1,1
NC,Thunderstorm,14,2,232
NC,Thunderstorm,14,3,36
NC,Thunderstorm,14,4,6
NC,Thunderstorm,15,1,6
NC,Thunderstorm,15,2,282
NC,Thunderstorm,15,3,57
NC,Thunderstorm,15,4,18
NC,Thunderstorm,16,1,30
NC,Thunderstorm,16,2,417
NC,Thunderstorm,16,3,84
NC,Thunderstorm,16,4,8
NC,Thunderstorm,17,1,35
NC,Thunderstorm,17,2,506
NC,Thunderstorm,17,3,89
NC,Thunderstorm,17,4,12
NC,Thunderstorm,18,1,39
NC,Thunderstorm,18,2,415
NC,Thunderstorm,18,3,80
NC,Thunderstorm,18,4,9
NC,Thunderstorm,19,1,21
NC,Thunderstorm,19,2,214
NC,Thunderstorm,19,3,48
NC,Thunderstorm,19,4,7
NC,Thunderstorm,20,2,122
NC,Thunderstorm,20,3,16
NC,Thunderstorm,20,4,2
NC,Thunderstorm,21,2,67
NC,Thunderstorm,21,3,16
NC,Thunderstorm,21,4,1
NC,Thunderstorm,22,1,2
NC,Thunderstorm,22,2,38
NC,Thunderstorm,22,3,15
NC,Thunderstorm,22,4,1
NC,Thunderstorm,23,1,1
NC,Thunderstorm,23,2,5
NC,Thunderstorm,23,4,1
ND,Clear/Fair,0,2,25
ND,Clear/Fair,0,4,1
ND,Clear/Fair,1,2,25
ND,Clear/Fair,2,2,34
ND,Clear/Fair,3,2,16
ND,Clear/Fair,4,2,27
ND,Clear/Fair,5,2,29
ND,Clear/Fair,6,2,35
ND,Clear/Fair,7,2,58
ND,Clear/Fair,8,2,62
ND,Clear/Fair,8,3,2
ND,Clear/Fair,8,4,1
ND,Clear/Fair,9,2,49
ND,Clear/Fair,9,4,1
ND,Clear/Fair,10,2,59
ND,Clear/Fair,10,3,1
ND,Clear/Fair,11,2,60
ND,Clear/Fair,11,3,1
ND,Clear/Fair,12,2,43
ND,Clear/Fair,13,2,65
ND,Clear/Fair,13,4,2
ND,Clear/Fair,14,2,58
ND,Clear/Fair,15,2,69
ND,Clear/Fair,16,2,99
ND,Clear/Fair,16,3,1
ND,Clear/Fair,17,2,88
ND,Clear/Fair,17,3,1
ND,Clear/Fair,18,2,77
ND,Clear/Fair,19,2,52
ND,Clear/Fair,20,2,35
ND,Clear/Fair,21,2,45
ND,Clear/Fair,22,2,41
ND,Clear/Fair,22,3,1
ND,Clear/Fair,23,2,40
ND,Cloudy,0,2,29
ND,Cloudy,0,4,2
ND,Cloudy,1,2,19
ND,Cloudy,2,2,18
ND,Cloudy,3,2,26
ND,Cloudy,4,2,29
ND,Cloudy,5,2,32
ND,Cloudy,6,2,33
ND,Cloudy,7,2,45
ND,Cloudy,8,2,33
ND,Cloudy,8,3,1
ND,Cloudy,9,2,42
ND,Cloudy,10,2,42
ND,Cloudy,11,2,23
ND,Cloudy,12,2,26
ND,Cloudy,13,2,39
ND,Cloudy,13,3,1
ND,Cloudy,14,2,41
ND,Cloudy,15,2,49
ND,Cloudy,16,2,40
ND,Cloudy,17,2,51
ND,Cloudy,17,3,1
ND,Cloudy,18,2,46
ND,Cloudy,19,2,50
ND,Cloudy,20,2,32
ND,Cloudy,21,2,43
ND,Cloudy,22,2,37
ND,Cloudy,22,3,1
ND,Cloudy,23,2,19
ND,Fog/Low visibility,0,2,3
ND,Fog/Low visibility,1,2,2
ND,Fog/Low visibility,2,2,1
ND,Fog/Low visibility,4,2,1
ND,Fog/Low visibility,5,2,12
ND,Fog/Low visibility,6,2,5
ND,Fog/Low visibility,7,2,11
ND,Fog/Low visibility,8,2,9
ND,Fog/Low visibility,8,4,2
ND,Fog/Low visibility,9,2,17
ND,Fog/Low visibility,10,2,10
ND,Fog/Low visibility,11,2,14
ND,Fog/Low visibility,12,2,5
ND,Fog/Low visibility,13,2,6
ND,Fog/Low visibility,14,2,21
ND,Fog/Low visibility,15,2,10
ND,Fog/Low visibility,16,2,7
ND,Fog/Low visibility,17,2,27
ND,Fog/Low visibility,18,2,12
ND,Fog/Low visibility,19,2,18
ND,Fog/Low visibility,20,2,4
ND,Fog/Low visibility,21,2,10
ND,Fog/Low visibility,22,2,2
ND,Fog/Low visibility,23,2,1
ND,Precipitation (type unknown),0,2,1
ND,Precipitation (type unknown),6,2,1
ND,Precipitation (type unknown),7,2,2
ND,Precipitation (type unknown),8,2,1
ND,Precipitation (type unknown),9,2,3
ND,Precipitation (type unknown),12,2,4
ND,Precipitation (type unknown),13,2,1
ND,Precipitation (type unknown),16,2,12
ND,Precipitation (type unknown),17,2,6
ND,Precipitation (type unknown),21,4,1
ND,Precipitation (type unknown),23,2,5
ND,Rain,0,2,1
ND,Rain,4,2,2
ND,Rain,5,2,1
ND,Rain,6,2,3
ND,Rain,7,2,7
ND,Rain,8,2,1
ND,Rain,9,2,10
ND,Rain,10,2,2
ND,Rain,12,2,3
ND,Rain,13,2,1
ND,Rain,14,2,3
ND,Rain,15,2,4
ND,Rain,16,2,8
ND,Rain,17,2,5
ND,Rain,18,2,6
ND,Rain,19,2,3
ND,Rain,20,2,3
ND,Rain,21,2,1
ND,Rain,22,2,2
ND,Rain,23,2,2
ND,Snow/Ice,0,2,16
ND,Snow/Ice,1,2,10
ND,Snow/Ice,2,2,8
ND,Snow/Ice,3,2,11
ND,Snow/Ice,4,2,8
ND,Snow/Ice,5,2,7
ND,Snow/Ice,6,2,19
ND,Snow/Ice,7,2,26
ND,Snow/Ice,7,3,1
ND,Snow/Ice,8,2,27
ND,Snow/Ice,8,4,2
ND,Snow/Ice,9,2,43
ND,Snow/Ice,10,2,35
ND,Snow/Ice,11,2,26
ND,Snow/Ice,11,4,1
ND,Snow/Ice,12,2,30
ND,Snow/Ice,12,4,2
ND,Snow/Ice,13,2,31
ND,Snow/Ice,14,2,29
ND,Snow/Ice,15,2,52
ND,Snow/Ice,16,2,66
ND,Snow/Ice,17,2,44
ND,Snow/Ice,18,2,32
ND,Snow/Ice,18,3,1
ND,Snow/Ice,19,2,35
ND,Snow/Ice,20,2,16
ND,Snow/Ice,21,2,15
ND,Snow/Ice,22,2,16
ND,Snow/Ice,23,2,10
ND,Thunderstorm,1,2,1
ND,Thunderstorm,2,2,1
ND,Thunderstorm,7,2,1
ND,Thunderstorm,9,2,1
ND,Thunderstorm,14,3,1
ND,Thunderstorm,16,2,2
ND,Thunderstorm,18,2,1
ND,Thunderstorm,22,2,3
NE,Clear/Fair,0,2,56
NE,Clear/Fair,0,3,4
NE,Clear/Fair,0,4,7
NE,Clear/Fair,1,2,14
NE,Clear/Fair,1,4,7
NE,Clear/Fair,2,2,13
NE,Clear/Fair,2,3,1
NE,Clear/Fair,2,4,3
NE,Clear/Fair,3,2,11
NE,Clear/Fair,3,3,1
NE,Clear/Fair,3,4,2
NE,Clear/Fair,4,2,63
NE,Clear/Fair,4,3,21
NE,Clear/Fair,4,4,2
NE,Clear/Fair,5,1,2
NE,Clear/Fair,5,2,165
NE,Clear/Fair,5,3,35
NE,Clear/Fair,5,4,6
NE,Clear/Fair,6,1,4
NE,Clear/Fair,6,2,483
NE,Clear/Fair,6,3,81
NE,Clear/Fair,6,4,5
NE,Clear/Fair,7,1,7
NE,Clear/Fair,7,2,1171
NE,Clear/Fair,7,3,216
NE,Clear/Fair,7,4,33
NE,Clear/Fair,8,1,12
NE,Clear/Fair,8,2,1277
NE,Clear/Fair,8,3,254
NE,Clear/Fair,8,4,14
NE,Clear/Fair,9,1,1
NE,Clear/Fair,9,2,602
NE,Clear/Fair,9,3,120
NE,Clear/Fair,9,4,11
NE,Clear/Fair,10,2,474
NE,Clear/Fair,10,3,54
NE,Clear/Fair,10,4,15
NE,Clear/Fair,11,2,535
NE,Clear/Fair,11,3,46
NE,Clear/Fair,11,4,9
NE,Clear/Fair,12,1,2
NE,Clear/Fair,12,2,377
NE,Clear/Fair,12,3,36
NE,Clear/Fair,12,4,13
NE,Clear/Fair,13,2,384
NE,Clear/Fair,13,3,43
NE,Clear/Fair,13,4,8
NE,Clear/Fair,14,1,1
NE,Clear/Fair,14,2,311
NE,Clear/Fair,14,3,39
NE,Clear/Fair,14,4,15
NE,Clear/Fair,15,1,1
NE,Clear/Fair,15,2,739
NE,Clear/Fair,15,3,120
NE,Clear/Fair,15,4,16
NE,Clear/Fair,16,1,3
NE,Clear/Fair,16,2,1025
NE,Clear/Fair,16,3,191
NE,Clear/Fair,16,4,17
NE,Clear/Fair,17,1,9
NE,Clear/Fair,17,2,1158
NE,Clear/Fair,17,3,265
NE,Clear/Fair,17,4,11
NE,Clear/Fair,18,1,1
NE,Clear/Fair,18,2,660
NE,Clear/Fair,18,3,121
NE,Clear/Fair,18,4,15
NE,Clear/Fair,19,2,294
NE,Clear/Fair,19,3,34
NE,Clear/Fair,19,4,17
NE,Clear/Fair,20,2,184
NE,Clear/Fair,20,3,21
NE,Clear/Fair,20,4,16
NE,Clear/Fair,21,2,132
NE,Clear/Fair,21,3,7
NE,Clear/Fair,21,4,20
NE,Clear/Fair,22,2,104
NE,Clear/Fair,22,3,6
NE,Clear/Fair,22,4,21
NE,Clear/Fair,23,2,34
NE,Clear/Fair,23,4,8
NE,Cloudy,0,2,43
NE,Cloudy,0,3,1
NE,Cloudy,0,4,3
NE,Cloudy,1,2,16
NE,Cloudy,1,3,2
NE,Cloudy,1,4,1
NE,Cloudy,2,2,8
NE,Cloudy,2,3,1
NE,Cloudy,2,4,3
NE,Cloudy,3,2,16
NE,Cloudy,3,4,9
NE,Cloudy,4,2,94
NE,Cloudy,4,3,24
NE,Cloudy,4,4,6
NE,Cloudy,5,1,4
NE,Cloudy,5,2,201
NE,Cloudy,5,3,46
NE,Cloudy,5,4,2
NE,Cloudy,6,1,4
NE,Cloudy,6,2,437
NE,Cloudy,6,3,92
NE,Cloudy,6,4,8
NE,Cloudy,7,1,7
NE,Cloudy,7,2,1082
NE,Cloudy,7,3,216
NE,Cloudy,7,4,10
NE,Cloudy,8,1,7
NE,Cloudy,8,2,1106
NE,Cloudy,8,3,234
NE,Cloudy,8,4,17
NE,Cloudy,9,2,607
NE,Cloudy,9,3,96
NE,Cloudy,9,4,13
NE,Cloudy,10,1,2
NE,Cloudy,10,2,496
NE,Cloudy,10,3,67
NE,Cloudy,10,4,14
NE,Cloudy,11,2,552
NE,Cloudy,11,3,57
NE,Cloudy,11,4,5
NE,Cloudy,12,2,415
NE,Cloudy,12,3,38
NE,Cloudy,12,4,7
NE,Cloudy,13,2,466
NE,Cloudy,13,3,41
NE,Cloudy,13,4,5
NE,Cloudy,14,2,454
NE,Cloudy,14,3,46
NE,Cloudy,14,4,17
NE,Cloudy,15,1,1
NE,Cloudy,15,2,917
NE,Cloudy,15,3,163
NE,Cloudy,15,4,12
NE,Cloudy,16,1,4
NE,Cloudy,16,2,1221
NE,Cloudy,16,3,218
NE,Cloudy,16,4,9
NE,Cloudy,17,1,5
NE,Cloudy,17,2,1272
NE,Cloudy,17,3,285
NE,Cloudy,17,4,13
NE,Cloudy,18,1,2
NE,Cloudy,18,2,671
NE,Cloudy,18,3,101
NE,Cloudy,18,4,7
NE,Cloudy,19,1,2
NE,Cloudy,19,2,254
NE,Cloudy,19,3,20
NE,Cloudy,19,4,4
NE,Cloudy,20,2,154
NE,Cloudy,20,3,14
NE,Cloudy,20,4,8
NE,Cloudy,21,2,92
NE,Cloudy,21,3,13
NE,Cloudy,21,4,4
NE,Cloudy,22,2,91
NE,Cloudy,22,3,12
NE,Cloudy,22,4,6
NE,Cloudy,23,2,28
NE,Cloudy,23,3,4
NE,Cloudy,23,4,8
NE,Fog/Low visibility,0,2,1
NE,Fog/Low visibility,4,2,2
NE,Fog/Low visibility,5,2,8
NE,Fog/Low visibility,5,3,2
NE,Fog/Low visibility,5,4,1
NE,Fog/Low visibility,6,2,34
NE,Fog/Low visibility,6,3,5
NE,Fog/Low visibility,6,4,1
NE,Fog/Low visibility,7,2,56
NE,Fog/Low visibility,7,3,10
NE,Fog/Low visibility,7,4,3
NE,Fog/Low visibility,8,2,42
NE,Fog/Low visibility,8,3,5
NE,Fog/Low visibility,8,4,3
NE,Fog/Low visibility,9,2,19
NE,Fog/Low visibility,9,3,4
NE,Fog/Low visibility,10,2,13
NE,Fog/Low visibility,10,3,1
NE,Fog/Low visibility,11,2,12
NE,Fog/Low visibility,12,2,5
NE,Fog/Low visibility,12,3,2
NE,Fog/Low visibility,13,2,5
NE,Fog/Low visibility,14,2,8
NE,Fog/Low visibility,14,3,1
NE,Fog/Low visibility,14,4,2
NE,Fog/Low visibility,15,2,16
NE,Fog/Low visibility,15,3,3
NE,Fog/Low visibility,16,2,17
NE,Fog/Low visibility,16,4,2
NE,Fog/Low visibility,17,2,13
NE,Fog/Low visibility,17,3,2
NE,Fog/Low visibility,18,2,7
NE,Fog/Low visibility,18,3,1
NE,Fog/Low visibility,18,4,1
NE,Fog/Low visibility,19,2,3
NE,Fog/Low visibility,20,2,1
NE,Fog/Low visibility,21,2,1
NE,Fog/Low visibility,22,2,1
NE,Precipitation (type unknown),7,2,1
NE,Precipitation (type unknown),7,3,1
NE,Precipitation (type unknown),8,2,5
NE,Precipitation (type unknown),8,3,3
NE,Precipitation (type unknown),10,2,1
NE,Precipitation (type unknown),10,3,1
NE,Precipitation (type unknown),11,2,2
NE,Precipitation (type unknown),13,2,2
NE,Precipitation (type unknown),16,3,1
NE,Rain,0,2,3
NE,Rain,1,2,1
NE,Rain,2,2,1
NE,Rain,2,4,1
NE,Rain,3,2,4
NE,Rain,3,4,1
NE,Rain,4,2,8
NE,Rain,4,3,3
NE,Rain,5,2,20
NE,Rain,5,3,7
NE,Rain,5,4,2
NE,Rain,6,2,76
NE,Rain,6,3,26
NE,Rain,6,4,1
NE,Rain,7,1,2
NE,Rain,7,2,143
NE,Rain,7,3,33
NE,Rain,7,4,1
NE,Rain,8,1,1
NE,Rain,8,2,145
NE,Rain,8,3,37
NE,Rain,9,2,78
NE,Rain,9,3,22
NE,Rain,9,4,1
NE,Rain,10,2,57
NE,Rain,10,3,12
NE,Rain,10,4,1
NE,Rain,11,2,73
NE,Rain,11,3,11
NE,Rain,11,4,1
NE,Rain,12,2,71
NE,Rain,12,3,12
NE,Rain,13,2,55
NE,Rain,13,3,10
NE,Rain,13,4,5
NE,Rain,14,1,1
NE,Rain,14,2,43
NE,Rain,14,3,6
NE,Rain,15,1,1
NE,Rain,15,2,98
NE,Rain,15,3,11
NE,Rain,16,2,107
NE,Rain,16,3,22
NE,Rain,17,1,3
NE,Rain,17,2,154
NE,Rain,17,3,30
NE,Rain,18,2,69
NE,Rain,18,3,16
NE,Rain,19,2,30
NE,Rain,19,3,3
NE,Rain,20,2,24
NE,Rain,20,3,2
NE,Rain,20,4,1
NE,Rain,21,2,20
NE,Rain,21,3,1
NE,Rain,21,4,1
NE,Rain,22,2,18
NE,Rain,22,3,4
NE,Rain,23,2,4
NE,Severe wind,18,2,1
NE,Snow/Ice,0,2,17
NE,Snow/Ice,0,4,3
NE,Snow/Ice,1,2,16
NE,Snow/Ice,1,4,5
NE,Snow/Ice,2,2,6
NE,Snow/Ice,3,2,3
NE,Snow/Ice,4,2,14
NE,Snow/Ice,4,3,4
NE,Snow/Ice,5,1,1
NE,Snow/Ice,5,2,51
NE,Snow/Ice,5,3,18
NE,Snow/Ice,6,1,1
NE,Snow/Ice,6,2,81
NE,Snow/Ice,6,3,31
NE,Snow/Ice,7,2,101
NE,Snow/Ice,7,3,18
NE,Snow/Ice,7,4,1
NE,Snow/Ice,8,1,1
NE,Snow/Ice,8,2,109
NE,Snow/Ice,8,3,20
NE,Snow/Ice,8,4,6
NE,Snow/Ice,9,2,70
NE,Snow/Ice,9,3,24
NE,Snow/Ice,9,4,1
NE,Snow/Ice,10,2,49
NE,Snow/Ice,10,3,12
NE,Snow/Ice,10,4,3
NE,Snow/Ice,11,2,48
NE,Snow/Ice,11,3,14
NE,Snow/Ice,12,2,37
NE,Snow/Ice,12,3,8
NE,Snow/Ice,12,4,4
NE,Snow/Ice,13,2,44
NE,Snow/Ice,13,3,11
NE,Snow/Ice,13,4,2
NE,Snow/Ice,14,2,29
NE,Snow/Ice,14,3,6
NE,Snow/Ice,15,2,49
NE,Snow/Ice,15,3,22
NE,Snow/Ice,15,4,2
NE,Snow/Ice,16,2,63
NE,Snow/Ice,16,3,12
NE,Snow/Ice,16,4,4
NE,Snow/Ice,17,2,68
NE,Snow/Ice,17,3,18
NE,Snow/Ice,17,4,2
NE,Snow/Ice,18,2,40
NE,Snow/Ice,18,3,4
NE,Snow/Ice,18,4,4
NE,Snow/Ice,19,2,26
NE,Snow/Ice,19,3,3
NE,Snow/Ice,19,4,4
NE,Snow/Ice,20,2,25
NE,Snow/Ice,20,3,3
NE,Snow/Ice,21,2,23
NE,Snow/Ice,21,3,6
NE,Snow/Ice,21,4,2
NE,Snow/Ice,22,2,7
NE,Snow/Ice,22,3,2
NE,Snow/Ice,23,2,9
NE,Thunderstorm,0,2,1
NE,Thunderstorm,1,2,6
NE,Thunderstorm,1,4,1
NE,Thunderstorm,4,2,4
NE,Thunderstorm,4,3,4
NE,Thunderstorm,5,2,15
NE,Thunderstorm,5,3,4
NE,Thunderstorm,6,2,30
NE,Thunderstorm,6,3,6
NE,Thunderstorm,7,2,42
NE,Thunderstorm,7,3,17
NE,Thunderstorm,7,4,1
NE,Thunderstorm,8,2,35
NE,Thunderstorm,8,3,7
NE,Thunderstorm,9,2,13
NE,Thunderstorm,9,3,10
NE,Thunderstorm,10,2,8
NE,Thunderstorm,11,2,6
NE,Thunderstorm,11,3,3
NE,Thunderstorm,12,2,10
NE,Thunderstorm,12,3,2
NE,Thunderstorm,13,2,4
NE,Thunderstorm,13,3,1
NE,Thunderstorm,14,2,7
NE,Thunderstorm,14,3,2
NE,Thunderstorm,15,1,1
NE,Thunderstorm,15,2,24
NE,Thunderstorm,15,3,3
NE,Thunderstorm,16,2,62
NE,Thunderstorm,16,3,6
NE,Thunderstorm,16,4,4
NE,Thunderstorm,17,2,33
NE,Thunderstorm,17,3,5
NE,Thunderstorm,18,2,15
NE,Thunderstorm,18,3,3
NE,Thunderstorm,19,2,9
NE,Thunderstorm,20,2,7
NE,Thunderstorm,20,3,3
NE,Thunderstorm,21,2,10
NE,Thunderstorm,21,3,2
NE,Thunderstorm,22,2,6
NE,Thunderstorm,22,3,1
NE,Thunderstorm,23,3,1
NE,Thunderstorm,23,4,2
NH,Clear/Fair,0,2,33
NH,Clear/Fair,0,3,1
NH,Clear/Fair,0,4,3
NH,Clear/Fair,1,2,12
NH,Clear/Fair,1,4,2
NH,Clear/Fair,2,2,22
NH,Clear/Fair,2,4,4
NH,Clear/Fair,3,2,14
NH,Clear/Fair,3,4,1
NH,Clear/Fair,4,1,1
NH,Clear/Fair,4,2,39
NH,Clear/Fair,4,3,12
NH,Clear/Fair,5,1,1
NH,Clear/Fair,5,2,51
NH,Clear/Fair,5,3,9
NH,Clear/Fair,5,4,2
NH,Clear/Fair,6,1,5
NH,Clear/Fair,6,2,108
NH,Clear/Fair,6,3,25
NH,Clear/Fair,7,1,5
NH,Clear/Fair,7,2,183
NH,Clear/Fair,7,3,43
NH,Clear/Fair,7,4,4
NH,Clear/Fair,8,1,7
NH,Clear/Fair,8,2,235
NH,Clear/Fair,8,3,50
NH,Clear/Fair,8,4,6
NH,Clear/Fair,9,1,3
NH,Clear/Fair,9,2,154
NH,Clear/Fair,9,3,29
NH,Clear/Fair,9,4,1
NH,Clear/Fair,10,1,7
NH,Clear/Fair,10,2,154
NH,Clear/Fair,10,3,32
NH,Clear/Fair,10,4,4
NH,Clear/Fair,11,1,4
NH,Clear/Fair,11,2,164
NH,Clear/Fair,11,3,21
NH,Clear/Fair,11,4,5
NH,Clear/Fair,12,2,60
NH,Clear/Fair,12,3,23
NH,Clear/Fair,12,4,6
NH,Clear/Fair,13,2,77
NH,Clear/Fair,13,3,31
NH,Clear/Fair,13,4,5
NH,Clear/Fair,14,2,63
NH,Clear/Fair,14,3,24
NH,Clear/Fair,14,4,10
NH,Clear/Fair,15,2,94
NH,Clear/Fair,15,3,36
NH,Clear/Fair,15,4,5
NH,Clear/Fair,16,1,1
NH,Clear/Fair,16,2,167
NH,Clear/Fair,16,3,49
NH,Clear/Fair,16,4,6
NH,Clear/Fair,17,1,2
NH,Clear/Fair,17,2,213
NH,Clear/Fair,17,3,60
NH,Clear/Fair,17,4,10
NH,Clear/Fair,18,2,184
NH,Clear/Fair,18,3,38
NH,Clear/Fair,18,4,16
NH,Clear/Fair,19,2,88
NH,Clear/Fair,19,3,29
NH,Clear/Fair,19,4,3
NH,Clear/Fair,20,2,41
NH,Clear/Fair,20,3,21
NH,Clear/Fair,20,4,4
NH,Clear/Fair,21,2,35
NH,Clear/Fair,21,3,15
NH,Clear/Fair,21,4,4
NH,Clear/Fair,22,2,34
NH,Clear/Fair,22,3,9
NH,Clear/Fair,22,4,3
NH,Clear/Fair,23,2,26
NH,Clear/Fair,23,3,2
NH,Clear/Fair,23,4,2
NH,Cloudy,0,2,42
NH,Cloudy,1,2,32
NH,Cloudy,2,2,18
NH,Cloudy,2,4,3
NH,Cloudy,3,2,26
NH,Cloudy,3,3,5
NH,Cloudy,3,4,1
NH,Cloudy,4,2,57
NH,Cloudy,4,3,16
NH,Cloudy,5,2,65
NH,Cloudy,5,3,17
NH,Cloudy,5,4,1
NH,Cloudy,6,1,4
NH,Cloudy,6,2,152
NH,Cloudy,6,3,28
NH,Cloudy,6,4,7
NH,Cloudy,7,1,2
NH,Cloudy,7,2,284
NH,Cloudy,7,3,78
NH,Cloudy,7,4,3
NH,Cloudy,8,1,4
NH,Cloudy,8,2,301
NH,Cloudy,8,3,74
NH,Cloudy,8,4,2
NH,Cloudy,9,1,3
NH,Cloudy,9,2,201
NH,Cloudy,9,3,42
NH,Cloudy,9,4,1
NH,Cloudy,10,1,1
NH,Cloudy,10,2,185
NH,Cloudy,10,3,43
NH,Cloudy,10,4,2
NH,Cloudy,11,1,6
NH,Cloudy,11,2,217
NH,Cloudy,11,3,49
NH,Cloudy,11,4,6
NH,Cloudy,12,2,166
NH,Cloudy,12,3,48
NH,Cloudy,12,4,8
NH,Cloudy,13,2,178
NH,Cloudy,13,3,57
NH,Cloudy,13,4,4
NH,Cloudy,14,2,206
NH,Cloudy,14,3,53
NH,Cloudy,14,4,4
NH,Cloudy,15,1,1
NH,Cloudy,15,2,209
NH,Cloudy,15,3,55
NH,Cloudy,15,4,3
NH,Cloudy,16,1,4
NH,Cloudy,16,2,307
NH,Cloudy,16,3,105
NH,Cloudy,16,4,11
NH,Cloudy,17,1,5
NH,Cloudy,17,2,390
NH,Cloudy,17,3,92
NH,Cloudy,17,4,9
NH,Cloudy,18,1,2
NH,Cloudy,18,2,242
NH,Cloudy,18,3,55
NH,Cloudy,18,4,9
NH,Cloudy,19,2,107
NH,Cloudy,19,3,21
NH,Cloudy,19,4,8
NH,Cloudy,20,1,2
NH,Cloudy,20,2,79
NH,Cloudy,20,3,31
NH,Cloudy,20,4,5
NH,Cloudy,21,2,46
NH,Cloudy,21,3,14
NH,Cloudy,22,2,55
NH,Cloudy,22,3,16
NH,Cloudy,22,4,4
NH,Cloudy,23,2,26
NH,Cloudy,23,3,1
NH,Cloudy,23,4,4
NH,Fog/Low visibility,0,2,2
NH,Fog/Low visibility,0,4,1
NH,Fog/Low visibility,1,2,1
NH,Fog/Low visibility,2,2,1
NH,Fog/Low visibility,3,2,4
NH,Fog/Low visibility,4,2,4
NH,Fog/Low visibility,5,2,4
NH,Fog/Low visibility,5,3,2
NH,Fog/Low visibility,5,4,1
NH,Fog/Low visibility,6,2,10
NH,Fog/Low visibility,6,3,5
NH,Fog/Low visibility,7,2,16
NH,Fog/Low visibility,7,3,4
NH,Fog/Low visibility,8,2,17
NH,Fog/Low visibility,8,3,4
NH,Fog/Low visibility,8,4,2
NH,Fog/Low visibility,9,2,6
NH,Fog/Low visibility,9,3,2
NH,Fog/Low visibility,10,2,3
NH,Fog/Low visibility,10,3,2
NH,Fog/Low visibility,11,2,1
NH,Fog/Low visibility,11,3,1
NH,Fog/Low visibility,12,2,1
NH,Fog/Low visibility,13,3,2
NH,Fog/Low visibility,14,2,2
NH,Fog/Low visibility,15,2,2
NH,Fog/Low visibility,16,2,5
NH,Fog/Low visibility,16,3,2
NH,Fog/Low visibility,17,2,6
NH,Fog/Low visibility,18,2,5
NH,Fog/Low visibility,18,3,2
NH,Fog/Low visibility,19,1,1
NH,Fog/Low visibility,19,2,2
NH,Fog/Low visibility,19,3,1
NH,Fog/Low visibility,20,3,2
NH,Fog/Low visibility,21,2,2
NH,Fog/Low visibility,23,2,1
NH,Precipitation (type unknown),6,2,1
NH,Precipitation (type unknown),7,3,1
NH,Precipitation (type unknown),8,2,1
NH,Precipitation (type unknown),9,2,3
NH,Rain,0,2,13
NH,Rain,1,2,6
NH,Rain,2,2,4
NH,Rain,3,2,4
NH,Rain,4,2,19
NH,Rain,4,3,5
NH,Rain,5,2,23
NH,Rain,5,3,4
NH,Rain,6,2,43
NH,Rain,6,3,14
NH,Rain,7,1,2
NH,Rain,7,2,78
NH,Rain,7,3,22
NH,Rain,8,1,2
NH,Rain,8,2,67
NH,Rain,8,3,19
NH,Rain,8,4,1
NH,Rain,9,1,2
NH,Rain,9,2,41
NH,Rain,9,3,17
NH,Rain,10,2,50
NH,Rain,10,3,20
NH,Rain,11,2,40
NH,Rain,11,3,19
NH,Rain,11,4,2
NH,Rain,12,2,36
NH,Rain,12,3,7
NH,Rain,13,2,45
NH,Rain,13,3,16
NH,Rain,14,2,36
NH,Rain,14,3,16
NH,Rain,14,4,2
NH,Rain,15,2,30
NH,Rain,15,3,19
NH,Rain,15,4,3
NH,Rain,16,1,2
NH,Rain,16,2,59
NH,Rain,16,3,15
NH,Rain,16,4,4
NH,Rain,17,1,2
NH,Rain,17,2,54
NH,Rain,17,3,17
NH,Rain,18,2,35
NH,Rain,18,3,14
NH,Rain,19,2,23
NH,Rain,19,3,11
NH,Rain,20,2,20
NH,Rain,20,3,8
NH,Rain,21,2,15
NH,Rain,21,3,1
NH,Rain,21,4,2
NH,Rain,22,2,19
NH,Rain,22,3,3
NH,Rain,22,4,2
NH,Rain,23,2,10
NH,Snow/Ice,0,2,9
NH,Snow/Ice,1,2,6
NH,Snow/Ice,2,2,3
NH,Snow/Ice,3,2,4
NH,Snow/Ice,3,3,1
NH,Snow/Ice,4,2,6
NH,Snow/Ice,4,3,7
NH,Snow/Ice,5,2,37
NH,Snow/Ice,5,3,15
NH,Snow/Ice,6,2,56
NH,Snow/Ice,6,3,14
NH,Snow/Ice,7,2,85
NH,Snow/Ice,7,3,33
NH,Snow/Ice,8,1,1
NH,Snow/Ice,8,2,91
NH,Snow/Ice,8,3,34
NH,Snow/Ice,9,2,92
NH,Snow/Ice,9,3,20
NH,Snow/Ice,9,4,7
NH,Snow/Ice,10,2,98
NH,Snow/Ice,10,3,16
NH,Snow/Ice,10,4,9
NH,Snow/Ice,11,2,64
NH,Snow/Ice,11,3,16
NH,Snow/Ice,12,2,34
NH,Snow/Ice,12,3,11
NH,Snow/Ice,12,4,1
NH,Snow/Ice,13,2,46
NH,Snow/Ice,13,3,16
NH,Snow/Ice,13,4,2
NH,Snow/Ice,14,2,40
NH,Snow/Ice,14,3,12
NH,Snow/Ice,15,2,37
NH,Snow/Ice,15,3,21
NH,Snow/Ice,16,2,68
NH,Snow/Ice,16,3,17
NH,Snow/Ice,16,4,1
NH,Snow/Ice,17,2,54
NH,Snow/Ice,17,3,15
NH,Snow/Ice,17,4,1
NH,Snow/Ice,18,2,33
NH,Snow/Ice,18,3,9
NH,Snow/Ice,19,2,23
NH,Snow/Ice,19,3,8
NH,Snow/Ice,20,2,20
NH,Snow/Ice,20,3,2
NH,Snow/Ice,20,4,3
NH,Snow/Ice,21,2,24
NH,Snow/Ice,21,3,5
NH,Snow/Ice,22,2,18
NH,Snow/Ice,22,3,8
NH,Snow/Ice,22,4,2
NH,Snow/Ice,23,2,8
NH,Thunderstorm,12,2,2
NH,Thunderstorm,13,2,1
NH,Thunderstorm,15,2,1
NH,Thunderstorm,15,3,2
NH,Thunderstorm,16,2,4
NH,Thunderstorm,16,3,9
NH,Thunderstorm,17,2,9
NH,Thunderstorm,17,3,1
NH,Thunderstorm,18,3,2
NH,Thunderstorm,19,2,2
NH,Thunderstorm,19,3,2
NH,Thunderstorm,20,2,1
NH,Thunderstorm,21,2,1
NH,Thunderstorm,22,3,1
NJ,Clear/Fair,0,1,2
NJ,Clear/Fair,0,2,710
NJ,Clear/Fair,0,3,98
NJ,Clear/Fair,0,4,141
NJ,Clear/Fair,1,2,583
NJ,Clear/Fair,1,3,61
NJ,Clear/Fair,1,4,57
NJ,Clear/Fair,2,2,604
NJ,Clear/Fair,2,3,77
NJ,Clear/Fair,2,4,65
NJ,Clear/Fair,3,2,534
NJ,Clear/Fair,3,3,65
NJ,Clear/Fair,3,4,57
NJ,Clear/Fair,4,1,1
NJ,Clear/Fair,4,2,721
NJ,Clear/Fair,4,3,133
NJ,Clear/Fair,4,4,66
NJ,Clear/Fair,5,1,5
NJ,Clear/Fair,5,2,1199
NJ,Clear/Fair,5,3,229
NJ,Clear/Fair,5,4,67
NJ,Clear/Fair,6,1,11
NJ,Clear/Fair,6,2,2348
NJ,Clear/Fair,6,3,416
NJ,Clear/Fair,6,4,99
NJ,Clear/Fair,7,1,10
NJ,Clear/Fair,7,2,3464
NJ,Clear/Fair,7,3,661
NJ,Clear/Fair,7,4,136
NJ,Clear/Fair,8,1,9
NJ,Clear/Fair,8,2,3212
NJ,Clear/Fair,8,3,646
NJ,Clear/Fair,8,4,85
NJ,Clear/Fair,9,1,1
NJ,Clear/Fair,9,2,2151
NJ,Clear/Fair,9,3,405
NJ,Clear/Fair,9,4,99
NJ,Clear/Fair,10,1,8
NJ,Clear/Fair,10,2,1993
NJ,Clear/Fair,10,3,359
NJ,Clear/Fair,10,4,68
NJ,Clear/Fair,11,1,9
NJ,Clear/Fair,11,2,1992
NJ,Clear/Fair,11,3,289
NJ,Clear/Fair,11,4,92
NJ,Clear/Fair,12,1,2
NJ,Clear/Fair,12,2,1841
NJ,Clear/Fair,12,3,218
NJ,Clear/Fair,12,4,92
NJ,Clear/Fair,13,1,1
NJ,Clear/Fair,13,2,1942
NJ,Clear/Fair,13,3,282
NJ,Clear/Fair,13,4,114
NJ,Clear/Fair,14,2,2494
NJ,Clear/Fair,14,3,300
NJ,Clear/Fair,14,4,99
NJ,Clear/Fair,15,2,3175
NJ,Clear/Fair,15,3,386
NJ,Clear/Fair,15,4,125
NJ,Clear/Fair,16,1,2
NJ,Clear/Fair,16,2,3252
NJ,Clear/Fair,16,3,493
NJ,Clear/Fair,16,4,145
NJ,Clear/Fair,17,1,5
NJ,Clear/Fair,17,2,3290
NJ,Clear/Fair,17,3,553
NJ,Clear/Fair,17,4,143
NJ,Clear/Fair,18,1,3
NJ,Clear/Fair,18,2,2716
NJ,Clear/Fair,18,3,497
NJ,Clear/Fair,18,4,137
NJ,Clear/Fair,19,1,1
NJ,Clear/Fair,19,2,1739
NJ,Clear/Fair,19,3,316
NJ,Clear/Fair,19,4,101
NJ,Clear/Fair,20,1,1
NJ,Clear/Fair,20,2,1249
NJ,Clear/Fair,20,3,177
NJ,Clear/Fair,20,4,128
NJ,Clear/Fair,21,1,4
NJ,Clear/Fair,21,2,1213
NJ,Clear/Fair,21,3,152
NJ,Clear/Fair,21,4,100
NJ,Clear/Fair,22,1,3
NJ,Clear/Fair,22,2,1048
NJ,Clear/Fair,22,3,113
NJ,Clear/Fair,22,4,128
NJ,Clear/Fair,23,1,2
NJ,Clear/Fair,23,2,958
NJ,Clear/Fair,23,3,120
NJ,Clear/Fair,23,4,103
NJ,Cloudy,0,2,561
NJ,Cloudy,0,3,92
NJ,Cloudy,0,4,116
NJ,Cloudy,1,2,459
NJ,Cloudy,1,3,51
NJ,Cloudy,1,4,61
NJ,Cloudy,2,2,413
NJ,Cloudy,2,3,62
NJ,Cloudy,2,4,51
NJ,Cloudy,3,2,424
NJ,Cloudy,3,3,65
NJ,Cloudy,3,4,66
NJ,Cloudy,4,1,3
NJ,Cloudy,4,2,619
NJ,Cloudy,4,3,140
NJ,Cloudy,4,4,80
NJ,Cloudy,5,1,1
NJ,Cloudy,5,2,1059
NJ,Cloudy,5,3,240
NJ,Cloudy,5,4,92
NJ,Cloudy,6,1,10
NJ,Cloudy,6,2,2252
NJ,Cloudy,6,3,520
NJ,Cloudy,6,4,110
NJ,Cloudy,7,1,14
NJ,Cloudy,7,2,3678
NJ,Cloudy,7,3,877
NJ,Cloudy,7,4,83
NJ,Cloudy,8,1,11
NJ,Cloudy,8,2,3355
NJ,Cloudy,8,3,855
NJ,Cloudy,8,4,123
NJ,Cloudy,9,1,4
NJ,Cloudy,9,2,2163
NJ,Cloudy,9,3,608
NJ,Cloudy,9,4,97
NJ,Cloudy,10,1,8
NJ,Cloudy,10,2,2071
NJ,Cloudy,10,3,443
NJ,Cloudy,10,4,83
NJ,Cloudy,11,1,4
NJ,Cloudy,11,2,2190
NJ,Cloudy,11,3,445
NJ,Cloudy,11,4,105
NJ,Cloudy,12,1,2
NJ,Cloudy,12,2,2010
NJ,Cloudy,12,3,390
NJ,Cloudy,12,4,100
NJ,Cloudy,13,1,4
NJ,Cloudy,13,2,2745
NJ,Cloudy,13,3,575
NJ,Cloudy,13,4,129
NJ,Cloudy,14,1,5
NJ,Cloudy,14,2,3335
NJ,Cloudy,14,3,612
NJ,Cloudy,14,4,157
NJ,Cloudy,15,2,3901
NJ,Cloudy,15,3,694
NJ,Cloudy,15,4,148
NJ,Cloudy,16,1,2
NJ,Cloudy,16,2,3616
NJ,Cloudy,16,3,813
NJ,Cloudy,16,4,153
NJ,Cloudy,17,1,3
NJ,Cloudy,17,2,3196
NJ,Cloudy,17,3,812
NJ,Cloudy,17,4,117
NJ,Cloudy,18,1,4
NJ,Cloudy,18,2,2417
NJ,Cloudy,18,3,596
NJ,Cloudy,18,4,128
NJ,Cloudy,19,1,2
NJ,Cloudy,19,2,1549
NJ,Cloudy,19,3,356
NJ,Cloudy,19,4,86
NJ,Cloudy,20,2,1129
NJ,Cloudy,20,3,223
NJ,Cloudy,20,4,86
NJ,Cloudy,21,1,2
NJ,Cloudy,21,2,935
NJ,Cloudy,21,3,139
NJ,Cloudy,21,4,67
NJ,Cloudy,22,1,1
NJ,Cloudy,22,2,724
NJ,Cloudy,22,3,98
NJ,Cloudy,22,4,92
NJ,Cloudy,23,2,675
NJ,Cloudy,23,3,68
NJ,Cloudy,23,4,73
NJ,Fog/Low visibility,0,2,56
NJ,Fog/Low visibility,0,3,1
NJ,Fog/Low visibility,0,4,4
NJ,Fog/Low visibility,1,2,30
NJ,Fog/Low visibility,1,3,4
NJ,Fog/Low visibility,1,4,1
NJ,Fog/Low visibility,2,2,20
NJ,Fog/Low visibility,2,3,2
NJ,Fog/Low visibility,2,4,2
NJ,Fog/Low visibility,3,2,21
NJ,Fog/Low visibility,3,3,3
NJ,Fog/Low visibility,3,4,2
NJ,Fog/Low visibility,4,2,39
NJ,Fog/Low visibility,4,3,8
NJ,Fog/Low visibility,4,4,2
NJ,Fog/Low visibility,5,2,127
NJ,Fog/Low visibility,5,3,16
NJ,Fog/Low visibility,5,4,8
NJ,Fog/Low visibility,6,1,1
NJ,Fog/Low visibility,6,2,237
NJ,Fog/Low visibility,6,3,52
NJ,Fog/Low visibility,6,4,11
NJ,Fog/Low visibility,7,2,337
NJ,Fog/Low visibility,7,3,52
NJ,Fog/Low visibility,7,4,15
NJ,Fog/Low visibility,8,1,2
NJ,Fog/Low visibility,8,2,228
NJ,Fog/Low visibility,8,3,42
NJ,Fog/Low visibility,8,4,13
NJ,Fog/Low visibility,9,2,108
NJ,Fog/Low visibility,9,3,23
NJ,Fog/Low visibility,9,4,6
NJ,Fog/Low visibility,10,2,58
NJ,Fog/Low visibility,10,3,12
NJ,Fog/Low visibility,10,4,2
NJ,Fog/Low visibility,11,2,45
NJ,Fog/Low visibility,11,3,6
NJ,Fog/Low visibility,11,4,2
NJ,Fog/Low visibility,12,2,31
NJ,Fog/Low visibility,12,3,8
NJ,Fog/Low visibility,12,4,5
NJ,Fog/Low visibility,13,2,62
NJ,Fog/Low visibility,13,3,9
NJ,Fog/Low visibility,14,2,51
NJ,Fog/Low visibility,14,3,6
NJ,Fog/Low visibility,14,4,5
NJ,Fog/Low visibility,15,2,47
NJ,Fog/Low visibility,15,3,4
NJ,Fog/Low visibility,15,4,2
NJ,Fog/Low visibility,16,2,51
NJ,Fog/Low visibility,16,3,9
NJ,Fog/Low visibility,16,4,2
NJ,Fog/Low visibility,17,2,61
NJ,Fog/Low visibility,17,3,9
NJ,Fog/Low visibility,17,4,1
NJ,Fog/Low visibility,18,2,43
NJ,Fog/Low visibility,18,3,7
NJ,Fog/Low visibility,18,4,1
NJ,Fog/Low visibility,19,2,22
NJ,Fog/Low visibility,19,3,5
NJ,Fog/Low visibility,19,4,1
NJ,Fog/Low visibility,20,2,13
NJ,Fog/Low visibility,20,3,5
NJ,Fog/Low visibility,21,2,26
NJ,Fog/Low visibility,21,3,2
NJ,Fog/Low visibility,21,4,3
NJ,Fog/Low visibility,22,2,28
NJ,Fog/Low visibility,22,3,3
NJ,Fog/Low visibility,23,2,39
NJ,Fog/Low visibility,23,3,2
NJ,Fog/Low visibility,23,4,2
NJ,Precipitation (type unknown),5,2,17
NJ,Precipitation (type unknown),5,3,1
NJ,Precipitation (type unknown),6,2,7
NJ,Precipitation (type unknown),7,2,1
NJ,Precipitation (type unknown),7,3,1
NJ,Precipitation (type unknown),8,2,1
NJ,Precipitation (type unknown),9,2,1
NJ,Precipitation (type unknown),11,2,1
NJ,Precipitation (type unknown),13,2,1
NJ,Precipitation (type unknown),13,3,1
NJ,Precipitation (type unknown),14,2,1
NJ,Precipitation (type unknown),14,3,1
NJ,Precipitation (type unknown),15,2,1
NJ,Precipitation (type unknown),15,3,1
NJ,Precipitation (type unknown),15,4,1
NJ,Precipitation (type unknown),16,2,1
NJ,Precipitation (type unknown),18,3,1
NJ,Precipitation (type unknown),19,2,1
NJ,Precipitation (type unknown),21,2,2
NJ,Precipitation (type unknown),21,3,1
NJ,Rain,0,2,226
NJ,Rain,0,3,22
NJ,Rain,0,4,34
NJ,Rain,1,2,177
NJ,Rain,1,3,28
NJ,Rain,1,4,17
NJ,Rain,2,2,143
NJ,Rain,2,3,28
NJ,Rain,2,4,16
NJ,Rain,3,2,158
NJ,Rain,3,3,32
NJ,Rain,3,4,18
NJ,Rain,4,1,1
NJ,Rain,4,2,279
NJ,Rain,4,3,54
NJ,Rain,4,4,19
NJ,Rain,5,1,1
NJ,Rain,5,2,433
NJ,Rain,5,3,108
NJ,Rain,5,4,28
NJ,Rain,6,2,839
NJ,Rain,6,3,161
NJ,Rain,6,4,36
NJ,Rain,7,1,7
NJ,Rain,7,2,1048
NJ,Rain,7,3,216
NJ,Rain,7,4,33
NJ,Rain,8,1,2
NJ,Rain,8,2,896
NJ,Rain,8,3,221
NJ,Rain,8,4,28
NJ,Rain,9,1,1
NJ,Rain,9,2,656
NJ,Rain,9,3,140
NJ,Rain,9,4,27
NJ,Rain,10,1,1
NJ,Rain,10,2,562
NJ,Rain,10,3,154
NJ,Rain,10,4,17
NJ,Rain,11,2,531
NJ,Rain,11,3,138
NJ,Rain,11,4,8
NJ,Rain,12,2,560
NJ,Rain,12,3,114
NJ,Rain,12,4,17
NJ,Rain,13,1,1
NJ,Rain,13,2,494
NJ,Rain,13,3,142
NJ,Rain,13,4,23
NJ,Rain,14,1,1
NJ,Rain,14,2,650
NJ,Rain,14,3,128
NJ,Rain,14,4,28
NJ,Rain,15,1,1
NJ,Rain,15,2,799
NJ,Rain,15,3,107
NJ,Rain,15,4,10
NJ,Rain,16,1,3
NJ,Rain,16,2,710
NJ,Rain,16,3,161
NJ,Rain,16,4,11
NJ,Rain,17,1,1
NJ,Rain,17,2,680
NJ,Rain,17,3,115
NJ,Rain,17,4,19
NJ,Rain,18,1,1
NJ,Rain,18,2,525
NJ,Rain,18,3,95
NJ,Rain,18,4,18
NJ,Rain,19,2,384
NJ,Rain,19,3,95
NJ,Rain,19,4,19
NJ,Rain,20,2,310
NJ,Rain,20,3,77
NJ,Rain,20,4,15
NJ,Rain,21,2,280
NJ,Rain,21,3,47
NJ,Rain,21,4,14
NJ,Rain,22,1,1
NJ,Rain,22,2,249
NJ,Rain,22,3,55
NJ,Rain,22,4,15
NJ,Rain,23,2,283
NJ,Rain,23,3,26
NJ,Rain,23,4,24
NJ,Severe wind,11,2,1
NJ,Severe wind,18,2,1
NJ,Snow/Ice,0,2,61
NJ,Snow/Ice,0,3,4
NJ,Snow/Ice,0,4,6
NJ,Snow/Ice,1,2,60
NJ,Snow/Ice,1,3,6
NJ,Snow/Ice,1,4,8
NJ,Snow/Ice,2,2,56
NJ,Snow/Ice,2,3,8
NJ,Snow/Ice,2,4,3
NJ,Snow/Ice,3,2,55
NJ,Snow/Ice,3,3,10
NJ,Snow/Ice,4,2,80
NJ,Snow/Ice,4,3,20
NJ,Snow/Ice,4,4,3
NJ,Snow/Ice,5,2,115
NJ,Snow/Ice,5,3,41
NJ,Snow/Ice,5,4,8
NJ,Snow/Ice,6,2,163
NJ,Snow/Ice,6,3,38
NJ,Snow/Ice,6,4,8
NJ,Snow/Ice,7,2,224
NJ,Snow/Ice,7,3,78
NJ,Snow/Ice,7,4,5
NJ,Snow/Ice,8,2,171
NJ,Snow/Ice,8,3,39
NJ,Snow/Ice,8,4,4
NJ,Snow/Ice,9,2,133
NJ,Snow/Ice,9,3,47
NJ,Snow/Ice,9,4,5
NJ,Snow/Ice,10,2,124
NJ,Snow/Ice,10,3,66
NJ,Snow/Ice,10,4,3
NJ,Snow/Ice,11,2,146
NJ,Snow/Ice,11,3,43
NJ,Snow/Ice,11,4,4
NJ,Snow/Ice,12,2,133
NJ,Snow/Ice,12,3,27
NJ,Snow/Ice,12,4,4
NJ,Snow/Ice,13,2,150
NJ,Snow/Ice,13,3,42
NJ,Snow/Ice,13,4,8
NJ,Snow/Ice,14,2,140
NJ,Snow/Ice,14,3,41
NJ,Snow/Ice,14,4,2
NJ,Snow/Ice,15,2,125
NJ,Snow/Ice,15,3,40
NJ,Snow/Ice,15,4,3
NJ,Snow/Ice,16,2,122
NJ,Snow/Ice,16,3,44
NJ,Snow/Ice,16,4,5
NJ,Snow/Ice,17,2,129
NJ,Snow/Ice,17,3,40
NJ,Snow/Ice,17,4,15
NJ,Snow/Ice,18,2,85
NJ,Snow/Ice,18,3,26
NJ,Snow/Ice,18,4,4
NJ,Snow/Ice,19,2,77
NJ,Snow/Ice,19,3,20
NJ,Snow/Ice,19,4,4
NJ,Snow/Ice,20,2,60
NJ,Snow/Ice,20,3,23
NJ,Snow/Ice,20,4,2
NJ,Snow/Ice,21,2,49
NJ,Snow/Ice,21,3,12
NJ,Snow/Ice,21,4,1
NJ,Snow/Ice,22,2,43
NJ,Snow/Ice,22,3,11
NJ,Snow/Ice,23,2,59
NJ,Snow/Ice,23,3,6
NJ,Thunderstorm,0,2,11
NJ,Thunderstorm,0,4,4
NJ,Thunderstorm,1,2,12
NJ,Thunderstorm,1,3,1
NJ,Thunderstorm,2,2,11
NJ,Thunderstorm,2,3,1
NJ,Thunderstorm,2,4,1
NJ,Thunderstorm,3,2,3
NJ,Thunderstorm,3,3,2
NJ,Thunderstorm,4,2,9
NJ,Thunderstorm,4,3,2
NJ,Thunderstorm,5,2,35
NJ,Thunderstorm,5,3,7
NJ,Thunderstorm,5,4,1
NJ,Thunderstorm,6,2,43
NJ,Thunderstorm,6,3,9
NJ,Thunderstorm,6,4,1
NJ,Thunderstorm,7,2,62
NJ,Thunderstorm,7,3,16
NJ,Thunderstorm,7,4,2
NJ,Thunderstorm,8,2,30
NJ,Thunderstorm,8,3,3
NJ,Thunderstorm,8,4,2
NJ,Thunderstorm,9,2,12
NJ,Thunderstorm,9,3,1
NJ,Thunderstorm,10,2,14
NJ,Thunderstorm,10,3,5
NJ,Thunderstorm,11,2,14
NJ,Thunderstorm,11,3,3
NJ,Thunderstorm,12,2,61
NJ,Thunderstorm,12,3,6
NJ,Thunderstorm,12,4,1
NJ,Thunderstorm,13,2,55
NJ,Thunderstorm,13,3,10
NJ,Thunderstorm,14,1,1
NJ,Thunderstorm,14,2,88
NJ,Thunderstorm,14,3,12
NJ,Thunderstorm,14,4,2
NJ,Thunderstorm,15,2,141
NJ,Thunderstorm,15,3,17
NJ,Thunderstorm,15,4,2
NJ,Thunderstorm,16,2,163
NJ,Thunderstorm,16,3,25
NJ,Thunderstorm,16,4,1
NJ,Thunderstorm,17,2,118
NJ,Thunderstorm,17,3,20
NJ,Thunderstorm,17,4,5
NJ,Thunderstorm,18,2,67
NJ,Thunderstorm,18,3,13
NJ,Thunderstorm,19,2,69
NJ,Thunderstorm,19,3,17
NJ,Thunderstorm,20,2,60
NJ,Thunderstorm,20,3,15
NJ,Thunderstorm,20,4,2
NJ,Thunderstorm,21,2,32
NJ,Thunderstorm,21,3,5
NJ,Thunderstorm,21,4,3
NJ,Thunderstorm,22,2,25
NJ,Thunderstorm,22,3,2
NJ,Thunderstorm,22,4,2
NJ,Thunderstorm,23,2,25
NJ,Thunderstorm,23,3,1
NJ,Thunderstorm,23,4,6
NM,Clear/Fair,0,2,47
NM,Clear/Fair,0,3,1
NM,Clear/Fair,0,4,5
NM,Clear/Fair,1,2,42
NM,Clear/Fair,1,4,10
NM,Clear/Fair,2,2,28
NM,Clear/Fair,2,4,4
NM,Clear/Fair,3,2,27
NM,Clear/Fair,3,3,2
NM,Clear/Fair,3,4,4
NM,Clear/Fair,4,2,42
NM,Clear/Fair,4,3,18
NM,Clear/Fair,4,4,16
NM,Clear/Fair,5,1,2
NM,Clear/Fair,5,2,88
NM,Clear/Fair,5,3,21
NM,Clear/Fair,5,4,9
NM,Clear/Fair,6,1,6
NM,Clear/Fair,6,2,160
NM,Clear/Fair,6,3,35
NM,Clear/Fair,6,4,23
NM,Clear/Fair,7,1,27
NM,Clear/Fair,7,2,342
NM,Clear/Fair,7,3,103
NM,Clear/Fair,7,4,9
NM,Clear/Fair,8,1,22
NM,Clear/Fair,8,2,320
NM,Clear/Fair,8,3,116
NM,Clear/Fair,8,4,32
NM,Clear/Fair,9,1,5
NM,Clear/Fair,9,2,217
NM,Clear/Fair,9,3,87
NM,Clear/Fair,9,4,26
NM,Clear/Fair,10,1,3
NM,Clear/Fair,10,2,150
NM,Clear/Fair,10,3,40
NM,Clear/Fair,10,4,19
NM,Clear/Fair,11,1,2
NM,Clear/Fair,11,2,101
NM,Clear/Fair,11,3,22
NM,Clear/Fair,11,4,19
NM,Clear/Fair,12,1,5
NM,Clear/Fair,12,2,102
NM,Clear/Fair,12,3,44
NM,Clear/Fair,12,4,14
NM,Clear/Fair,13,1,2
NM,Clear/Fair,13,2,125
NM,Clear/Fair,13,3,38
NM,Clear/Fair,13,4,15
NM,Clear/Fair,14,1,1
NM,Clear/Fair,14,2,97
NM,Clear/Fair,14,3,62
NM,Clear/Fair,14,4,14
NM,Clear/Fair,15,1,3
NM,Clear/Fair,15,2,189
NM,Clear/Fair,15,3,105
NM,Clear/Fair,15,4,23
NM,Clear/Fair,16,1,4
NM,Clear/Fair,16,2,160
NM,Clear/Fair,16,3,99
NM,Clear/Fair,16,4,14
NM,Clear/Fair,17,1,5
NM,Clear/Fair,17,2,164
NM,Clear/Fair,17,3,82
NM,Clear/Fair,17,4,23
NM,Clear/Fair,18,2,101
NM,Clear/Fair,18,3,59
NM,Clear/Fair,18,4,6
NM,Clear/Fair,19,2,96
NM,Clear/Fair,19,3,24
NM,Clear/Fair,19,4,11
NM,Clear/Fair,20,2,55
NM,Clear/Fair,20,3,17
NM,Clear/Fair,20,4,5
NM,Clear/Fair,21,2,43
NM,Clear/Fair,21,3,15
NM,Clear/Fair,21,4,4
NM,Clear/Fair,22,1,1
NM,Clear/Fair,22,2,56
NM,Clear/Fair,22,3,12
NM,Clear/Fair,22,4,18
NM,Clear/Fair,23,2,50
NM,Clear/Fair,23,3,1
NM,Clear/Fair,23,4,9
NM,Cloudy,0,2,8
NM,Cloudy,0,3,3
NM,Cloudy,1,2,10
NM,Cloudy,1,3,1
NM,Cloudy,1,4,2
NM,Cloudy,2,2,15
NM,Cloudy,2,4,3
NM,Cloudy,3,2,11
NM,Cloudy,3,3,1
NM,Cloudy,4,1,1
NM,Cloudy,4,2,14
NM,Cloudy,4,3,10
NM,Cloudy,4,4,8
NM,Cloudy,5,1,4
NM,Cloudy,5,2,49
NM,Cloudy,5,3,15
NM,Cloudy,5,4,3
NM,Cloudy,6,1,6
NM,Cloudy,6,2,107
NM,Cloudy,6,3,41
NM,Cloudy,6,4,9
NM,Cloudy,7,1,16
NM,Cloudy,7,2,385
NM,Cloudy,7,3,186
NM,Cloudy,7,4,5
NM,Cloudy,8,1,11
NM,Cloudy,8,2,326
NM,Cloudy,8,3,151
NM,Cloudy,8,4,3
NM,Cloudy,9,1,5
NM,Cloudy,9,2,224
NM,Cloudy,9,3,82
NM,Cloudy,9,4,4
NM,Cloudy,10,1,1
NM,Cloudy,10,2,111
NM,Cloudy,10,3,42
NM,Cloudy,10,4,10
NM,Cloudy,11,1,4
NM,Cloudy,11,2,168
NM,Cloudy,11,3,64
NM,Cloudy,11,4,15
NM,Cloudy,12,1,2
NM,Cloudy,12,2,199
NM,Cloudy,12,3,62
NM,Cloudy,12,4,7
NM,Cloudy,13,2,194
NM,Cloudy,13,3,78
NM,Cloudy,13,4,18
NM,Cloudy,14,1,2
NM,Cloudy,14,2,243
NM,Cloudy,14,3,143
NM,Cloudy,14,4,8
NM,Cloudy,15,1,2
NM,Cloudy,15,2,262
NM,Cloudy,15,3,172
NM,Cloudy,15,4,20
NM,Cloudy,16,1,2
NM,Cloudy,16,2,320
NM,Cloudy,16,3,229
NM,Cloudy,16,4,15
NM,Cloudy,17,1,2
NM,Cloudy,17,2,314
NM,Cloudy,17,3,170
NM,Cloudy,17,4,14
NM,Cloudy,18,1,5
NM,Cloudy,18,2,184
NM,Cloudy,18,3,109
NM,Cloudy,18,4,6
NM,Cloudy,19,2,62
NM,Cloudy,19,3,31
NM,Cloudy,19,4,12
NM,Cloudy,20,2,38
NM,Cloudy,20,3,17
NM,Cloudy,20,4,12
NM,Cloudy,21,2,27
NM,Cloudy,21,3,9
NM,Cloudy,21,4,3
NM,Cloudy,22,2,33
NM,Cloudy,22,3,3
NM,Cloudy,22,4,4
NM,Cloudy,23,2,17
NM,Cloudy,23,3,4
NM,Cloudy,23,4,2
NM,Fog/Low visibility,0,2,1
NM,Fog/Low visibility,2,2,3
NM,Fog/Low visibility,5,2,4
NM,Fog/Low visibility,6,2,5
NM,Fog/Low visibility,6,3,1
NM,Fog/Low visibility,6,4,2
NM,Fog/Low visibility,7,2,4
NM,Fog/Low visibility,7,3,5
NM,Fog/Low visibility,8,2,7
NM,Fog/Low visibility,8,3,2
NM,Fog/Low visibility,8,4,1
NM,Fog/Low visibility,9,1,1
NM,Fog/Low visibility,9,2,3
NM,Fog/Low visibility,10,2,4
NM,Fog/Low visibility,10,3,1
NM,Fog/Low visibility,10,4,2
NM,Fog/Low visibility,11,2,1
NM,Fog/Low visibility,11,4,1
NM,Fog/Low visibility,12,2,2
NM,Fog/Low visibility,13,2,4
NM,Fog/Low visibility,14,2,1
NM,Fog/Low visibility,14,3,2
NM,Fog/Low visibility,14,4,1
NM,Fog/Low visibility,15,2,2
NM,Fog/Low visibility,15,3,4
NM,Fog/Low visibility,16,2,3
NM,Fog/Low visibility,17,2,2
NM,Fog/Low visibility,17,3,1
NM,Fog/Low visibility,18,2,2
NM,Fog/Low visibility,19,3,1
NM,Fog/Low visibility,21,2,1
NM,Fog/Low visibility,22,2,4
NM,Precipitation (type unknown),12,2,1
NM,Rain,1,2,1
NM,Rain,2,2,4
NM,Rain,3,4,3
NM,Rain,4,2,2
NM,Rain,4,3,5
NM,Rain,4,4,2
NM,Rain,5,3,2
NM,Rain,6,2,9
NM,Rain,6,3,8
NM,Rain,6,4,1
NM,Rain,7,2,11
NM,Rain,7,3,10
NM,Rain,8,2,14
NM,Rain,8,3,4
NM,Rain,9,2,5
NM,Rain,9,3,3
NM,Rain,10,2,4
NM,Rain,10,3,2
NM,Rain,11,1,1
NM,Rain,11,2,5
NM,Rain,11,3,5
NM,Rain,12,2,7
NM,Rain,12,3,4
NM,Rain,13,3,5
NM,Rain,13,4,1
NM,Rain,14,2,6
NM,Rain,14,3,5
NM,Rain,14,4,1
NM,Rain,15,2,10
NM,Rain,15,3,8
NM,Rain,16,2,13
NM,Rain,16,3,9
NM,Rain,17,2,9
NM,Rain,17,3,10
NM,Rain,18,2,8
NM,Rain,18,3,8
NM,Rain,19,2,3
NM,Rain,19,3,2
NM,Rain,20,2,7
NM,Rain,20,3,3
NM,Rain,20,4,3
NM,Rain,21,2,1
NM,Rain,21,4,2
NM,Rain,22,2,2
NM,Rain,22,3,1
NM,Rain,23,2,1
NM,Severe wind,15,2,1
NM,Snow/Ice,0,2,4
NM,Snow/Ice,1,2,6
NM,Snow/Ice,2,2,1
NM,Snow/Ice,3,2,2
NM,Snow/Ice,4,2,4
NM,Snow/Ice,4,3,2
NM,Snow/Ice,5,2,3
NM,Snow/Ice,5,3,4
NM,Snow/Ice,6,2,8
NM,Snow/Ice,6,3,5
NM,Snow/Ice,6,4,2
NM,Snow/Ice,7,2,15
NM,Snow/Ice,7,3,6
NM,Snow/Ice,8,2,12
NM,Snow/Ice,8,3,12
NM,Snow/Ice,9,2,29
NM,Snow/Ice,9,3,1
NM,Snow/Ice,9,4,3
NM,Snow/Ice,10,2,2
NM,Snow/Ice,10,3,5
NM,Snow/Ice,10,4,1
NM,Snow/Ice,11,2,8
NM,Snow/Ice,11,3,2
NM,Snow/Ice,11,4,4
NM,Snow/Ice,12,2,9
NM,Snow/Ice,13,2,15
NM,Snow/Ice,13,4,3
NM,Snow/Ice,14,2,8
NM,Snow/Ice,14,4,1
NM,Snow/Ice,15,2,8
NM,Snow/Ice,15,3,2
NM,Snow/Ice,16,2,3
NM,Snow/Ice,16,3,2
NM,Snow/Ice,16,4,1
NM,Snow/Ice,17,2,12
NM,Snow/Ice,17,3,1
NM,Snow/Ice,18,2,4
NM,Snow/Ice,18,3,2
NM,Snow/Ice,19,2,5
NM,Snow/Ice,19,3,2
NM,Snow/Ice,20,2,7
NM,Snow/Ice,20,3,4
NM,Snow/Ice,21,2,2
NM,Snow/Ice,21,3,2
NM,Snow/Ice,22,2,1
NM,Snow/Ice,22,3,3
NM,Snow/Ice,23,2,4
NM,Thunderstorm,0,2,1
NM,Thunderstorm,2,3,1
NM,Thunderstorm,5,3,1
NM,Thunderstorm,6,2,1
NM,Thunderstorm,7,3,1
NM,Thunderstorm,8,2,1
NM,Thunderstorm,8,3,1
NM,Thunderstorm,9,4,1
NM,Thunderstorm,11,2,1
NM,Thunderstorm,11,4,1
NM,Thunderstorm,12,2,2
NM,Thunderstorm,12,3,1
NM,Thunderstorm,12,4,1
NM,Thunderstorm,13,2,2
NM,Thunderstorm,13,3,1
NM,Thunderstorm,14,2,2
NM,Thunderstorm,14,3,2
NM,Thunderstorm,15,2,15
NM,Thunderstorm,15,3,9
NM,Thunderstorm,16,2,9
NM,Thunderstorm,16,3,10
NM,Thunderstorm,16,4,1
NM,Thunderstorm,17,2,8
NM,Thunderstorm,17,3,5
NM,Thunderstorm,18,2,2
NM,Thunderstorm,18,3,5
NM,Thunderstorm,19,2,7
NM,Thunderstorm,19,3,1
NM,Thunderstorm,20,2,5
NM,Thunderstorm,21,2,1
NM,Thunderstorm,22,2,4
NV,Clear/Fair,0,2,174
NV,Clear/Fair,0,3,3
NV,Clear/Fair,0,4,10
NV,Clear/Fair,1,2,106
NV,Clear/Fair,1,3,4
NV,Clear/Fair,1,4,6
NV,Clear/Fair,2,2,82
NV,Clear/Fair,2,3,3
NV,Clear/Fair,2,4,10
NV,Clear/Fair,3,2,114
NV,Clear/Fair,3,3,5
NV,Clear/Fair,3,4,7
NV,Clear/Fair,4,1,4
NV,Clear/Fair,4,2,260
NV,Clear/Fair,4,3,45
NV,Clear/Fair,4,4,8
NV,Clear/Fair,5,1,10
NV,Clear/Fair,5,2,341
NV,Clear/Fair,5,3,71
NV,Clear/Fair,5,4,25
NV,Clear/Fair,6,1,15
NV,Clear/Fair,6,2,550
NV,Clear/Fair,6,3,80
NV,Clear/Fair,6,4,21
NV,Clear/Fair,7,1,12
NV,Clear/Fair,7,2,762
NV,Clear/Fair,7,3,110
NV,Clear/Fair,7,4,19
NV,Clear/Fair,8,1,13
NV,Clear/Fair,8,2,648
NV,Clear/Fair,8,3,90
NV,Clear/Fair,8,4,12
NV,Clear/Fair,9,1,5
NV,Clear/Fair,9,2,439
NV,Clear/Fair,9,3,79
NV,Clear/Fair,9,4,12
NV,Clear/Fair,10,1,3
NV,Clear/Fair,10,2,352
NV,Clear/Fair,10,3,45
NV,Clear/Fair,10,4,19
NV,Clear/Fair,11,2,332
NV,Clear/Fair,11,3,71
NV,Clear/Fair,11,4,10
NV,Clear/Fair,12,1,14
NV,Clear/Fair,12,2,389
NV,Clear/Fair,12,3,77
NV,Clear/Fair,12,4,7
NV,Clear/Fair,13,1,9
NV,Clear/Fair,13,2,428
NV,Clear/Fair,13,3,75
NV,Clear/Fair,13,4,11
NV,Clear/Fair,14,1,4
NV,Clear/Fair,14,2,444
NV,Clear/Fair,14,3,71
NV,Clear/Fair,14,4,17
NV,Clear/Fair,15,1,5
NV,Clear/Fair,15,2,604
NV,Clear/Fair,15,3,111
NV,Clear/Fair,15,4,23
NV,Clear/Fair,16,1,3
NV,Clear/Fair,16,2,549
NV,Clear/Fair,16,3,116
NV,Clear/Fair,16,4,22
NV,Clear/Fair,17,1,1
NV,Clear/Fair,17,2,585
NV,Clear/Fair,17,3,119
NV,Clear/Fair,17,4,18
NV,Clear/Fair,18,1,2
NV,Clear/Fair,18,2,452
NV,Clear/Fair,18,3,55
NV,Clear/Fair,18,4,19
NV,Clear/Fair,19,1,1
NV,Clear/Fair,19,2,280
NV,Clear/Fair,19,3,34
NV,Clear/Fair,19,4,16
NV,Clear/Fair,20,2,206
NV,Clear/Fair,20,3,28
NV,Clear/Fair,20,4,18
NV,Clear/Fair,21,2,193
NV,Clear/Fair,21,3,30
NV,Clear/Fair,21,4,30
NV,Clear/Fair,22,2,129
NV,Clear/Fair,22,3,11
NV,Clear/Fair,22,4,4
NV,Clear/Fair,23,2,113
NV,Clear/Fair,23,3,8
NV,Clear/Fair,23,4,13
NV,Cloudy,0,2,85
NV,Cloudy,0,3,1
NV,Cloudy,0,4,5
NV,Cloudy,1,2,47
NV,Cloudy,1,3,3
NV,Cloudy,1,4,7
NV,Cloudy,2,2,39
NV,Cloudy,2,3,2
NV,Cloudy,2,4,2
NV,Cloudy,3,1,1
NV,Cloudy,3,2,49
NV,Cloudy,3,3,8
NV,Cloudy,3,4,2
NV,Cloudy,4,2,178
NV,Cloudy,4,3,61
NV,Cloudy,4,4,2
NV,Cloudy,5,2,312
NV,Cloudy,5,3,67
NV,Cloudy,5,4,8
NV,Cloudy,6,1,2
NV,Cloudy,6,2,439
NV,Cloudy,6,3,128
NV,Cloudy,6,4,12
NV,Cloudy,7,1,5
NV,Cloudy,7,2,587
NV,Cloudy,7,3,188
NV,Cloudy,7,4,9
NV,Cloudy,8,2,442
NV,Cloudy,8,3,159
NV,Cloudy,8,4,8
NV,Cloudy,9,1,1
NV,Cloudy,9,2,293
NV,Cloudy,9,3,103
NV,Cloudy,9,4,15
NV,Cloudy,10,2,250
NV,Cloudy,10,3,59
NV,Cloudy,10,4,11
NV,Cloudy,11,2,286
NV,Cloudy,11,3,100
NV,Cloudy,11,4,19
NV,Cloudy,12,1,3
NV,Cloudy,12,2,273
NV,Cloudy,12,3,79
NV,Cloudy,12,4,16
NV,Cloudy,13,1,1
NV,Cloudy,13,2,303
NV,Cloudy,13,3,92
NV,Cloudy,13,4,4
NV,Cloudy,14,2,361
NV,Cloudy,14,3,90
NV,Cloudy,14,4,23
NV,Cloudy,15,1,2
NV,Cloudy,15,2,450
NV,Cloudy,15,3,155
NV,Cloudy,15,4,30
NV,Cloudy,16,1,1
NV,Cloudy,16,2,455
NV,Cloudy,16,3,191
NV,Cloudy,16,4,26
NV,Cloudy,17,1,2
NV,Cloudy,17,2,427
NV,Cloudy,17,3,216
NV,Cloudy,17,4,13
NV,Cloudy,18,2,283
NV,Cloudy,18,3,134
NV,Cloudy,18,4,21
NV,Cloudy,19,2,230
NV,Cloudy,19,3,49
NV,Cloudy,19,4,10
NV,Cloudy,20,2,182
NV,Cloudy,20,3,41
NV,Cloudy,20,4,13
NV,Cloudy,21,2,134
NV,Cloudy,21,3,28
NV,Cloudy,21,4,15
NV,Cloudy,22,2,77
NV,Cloudy,22,3,6
NV,Cloudy,22,4,6
NV,Cloudy,23,2,76
NV,Cloudy,23,3,5
NV,Cloudy,23,4,5
NV,Fog/Low visibility,0,2,8
NV,Fog/Low visibility,1,2,2
NV,Fog/Low visibility,2,2,3
NV,Fog/Low visibility,3,2,5
NV,Fog/Low visibility,4,2,11
NV,Fog/Low visibility,4,3,1
NV,Fog/Low visibility,5,2,26
NV,Fog/Low visibility,5,3,3
NV,Fog/Low visibility,6,2,23
NV,Fog/Low visibility,6,3,10
NV,Fog/Low visibility,7,2,44
NV,Fog/Low visibility,7,3,6
NV,Fog/Low visibility,8,2,25
NV,Fog/Low visibility,8,3,1
NV,Fog/Low visibility,9,2,19
NV,Fog/Low visibility,9,4,2
NV,Fog/Low visibility,10,2,18
NV,Fog/Low visibility,10,3,1
NV,Fog/Low visibility,11,2,7
NV,Fog/Low visibility,11,3,4
NV,Fog/Low visibility,12,2,20
NV,Fog/Low visibility,12,3,2
NV,Fog/Low visibility,13,2,23
NV,Fog/Low visibility,14,2,12
NV,Fog/Low visibility,14,3,5
NV,Fog/Low visibility,14,4,1
NV,Fog/Low visibility,15,2,15
NV,Fog/Low visibility,15,3,2
NV,Fog/Low visibility,15,4,1
NV,Fog/Low visibility,16,2,31
NV,Fog/Low visibility,16,3,6
NV,Fog/Low visibility,17,2,13
NV,Fog/Low visibility,17,3,6
NV,Fog/Low visibility,17,4,1
NV,Fog/Low visibility,18,2,15
NV,Fog/Low visibility,18,3,2
NV,Fog/Low visibility,18,4,3
NV,Fog/Low visibility,19,2,11
NV,Fog/Low visibility,19,3,1
NV,Fog/Low visibility,20,2,7
NV,Fog/Low visibility,20,3,2
NV,Fog/Low visibility,21,2,2
NV,Fog/Low visibility,22,2,5
NV,Fog/Low visibility,22,4,1
NV,Fog/Low visibility,23,2,8
NV,Fog/Low visibility,23,4,1
NV,Precipitation (type unknown),0,2,1
NV,Precipitation (type unknown),4,2,3
NV,Precipitation (type unknown),5,2,3
NV,Precipitation (type unknown),6,2,7
NV,Precipitation (type unknown),7,2,1
NV,Precipitation (type unknown),8,2,3
NV,Precipitation (type unknown),9,2,2
NV,Precipitation (type unknown),10,2,1
NV,Precipitation (type unknown),11,2,3
NV,Precipitation (type unknown),12,2,1
NV,Precipitation (type unknown),13,2,4
NV,Precipitation (type unknown),13,4,3
NV,Precipitation (type unknown),14,2,1
NV,Precipitation (type unknown),15,2,1
NV,Precipitation (type unknown),17,2,1
NV,Precipitation (type unknown),18,2,1
NV,Precipitation (type unknown),19,2,6
NV,Precipitation (type unknown),21,2,4
NV,Rain,0,2,5
NV,Rain,0,4,3
NV,Rain,1,2,3
NV,Rain,3,2,3
NV,Rain,4,2,20
NV,Rain,4,3,4
NV,Rain,4,4,3
NV,Rain,5,2,19
NV,Rain,5,3,5
NV,Rain,6,2,25
NV,Rain,6,3,9
NV,Rain,7,2,47
NV,Rain,7,3,9
NV,Rain,8,2,25
NV,Rain,8,3,14
NV,Rain,9,2,13
NV,Rain,9,3,6
NV,Rain,10,2,20
NV,Rain,10,3,6
NV,Rain,10,4,2
NV,Rain,11,2,23
NV,Rain,11,3,3
NV,Rain,12,2,14
NV,Rain,12,3,6
NV,Rain,13,2,18
NV,Rain,13,3,6
NV,Rain,13,4,3
NV,Rain,14,2,19
NV,Rain,14,3,8
NV,Rain,15,2,19
NV,Rain,15,3,6
NV,Rain,16,2,31
NV,Rain,16,3,7
NV,Rain,16,4,4
NV,Rain,17,2,22
NV,Rain,17,3,11
NV,Rain,17,4,2
NV,Rain,18,2,21
NV,Rain,18,3,13
NV,Rain,18,4,1
NV,Rain,19,2,5
NV,Rain,19,3,3
NV,Rain,20,2,5
NV,Rain,20,3,3
NV,Rain,21,2,3
NV,Rain,21,3,5
NV,Rain,21,4,2
NV,Rain,22,2,1
NV,Rain,23,2,5
NV,Severe wind,14,2,1
NV,Snow/Ice,0,2,5
NV,Snow/Ice,1,2,13
NV,Snow/Ice,2,2,12
NV,Snow/Ice,2,4,4
NV,Snow/Ice,3,2,7
NV,Snow/Ice,4,2,54
NV,Snow/Ice,4,3,17
NV,Snow/Ice,5,2,86
NV,Snow/Ice,5,3,13
NV,Snow/Ice,6,2,90
NV,Snow/Ice,6,3,23
NV,Snow/Ice,7,2,109
NV,Snow/Ice,7,3,18
NV,Snow/Ice,8,2,97
NV,Snow/Ice,8,3,20
NV,Snow/Ice,8,4,2
NV,Snow/Ice,9,2,46
NV,Snow/Ice,9,3,6
NV,Snow/Ice,9,4,11
NV,Snow/Ice,10,2,31
NV,Snow/Ice,10,3,7
NV,Snow/Ice,11,2,42
NV,Snow/Ice,11,3,7
NV,Snow/Ice,12,2,31
NV,Snow/Ice,12,3,3
NV,Snow/Ice,13,2,26
NV,Snow/Ice,13,3,1
NV,Snow/Ice,13,4,1
NV,Snow/Ice,14,2,13
NV,Snow/Ice,14,3,1
NV,Snow/Ice,14,4,1
NV,Snow/Ice,15,2,32
NV,Snow/Ice,15,3,5
NV,Snow/Ice,16,2,103
NV,Snow/Ice,16,3,6
NV,Snow/Ice,16,4,2
NV,Snow/Ice,17,2,69
NV,Snow/Ice,17,3,6
NV,Snow/Ice,17,4,2
NV,Snow/Ice,18,2,58
NV,Snow/Ice,18,3,5
NV,Snow/Ice,18,4,1
NV,Snow/Ice,19,2,58
NV,Snow/Ice,19,3,8
NV,Snow/Ice,20,2,17
NV,Snow/Ice,20,3,2
NV,Snow/Ice,20,4,1
NV,Snow/Ice,21,2,15
NV,Snow/Ice,21,3,3
NV,Snow/Ice,22,2,4
NV,Snow/Ice,22,3,1
NV,Snow/Ice,23,2,6
NV,Thunderstorm,4,2,1
NV,Thunderstorm,5,2,1
NV,Thunderstorm,6,2,2
NV,Thunderstorm,7,2,1
NV,Thunderstorm,7,3,1
NV,Thunderstorm,11,3,1
NV,Thunderstorm,12,2,6
NV,Thunderstorm,13,2,4
NV,Thunderstorm,13,3,1
NV,Thunderstorm,14,2,6
NV,Thunderstorm,14,3,3
NV,Thunderstorm,15,2,6
NV,Thunderstorm,15,3,6
NV,Thunderstorm,16,1,1
NV,Thunderstorm,16,2,8
NV,Thunderstorm,16,3,2
NV,Thunderstorm,17,2,22
NV,Thunderstorm,17,3,6
NV,Thunderstorm,18,2,7
NV,Thunderstorm,18,3,2
NV,Thunderstorm,18,4,2
NV,Thunderstorm,19,2,1
NV,Thunderstorm,19,3,1
NV,Thunderstorm,20,2,2
NV,Thunderstorm,21,2,1
NV,Thunderstorm,22,2,1
NY,Clear/Fair,0,2,1523
NY,Clear/Fair,0,3,318
NY,Clear/Fair,0,4,163
NY,Clear/Fair,1,2,1182
NY,Clear/Fair,1,3,185
NY,Clear/Fair,1,4,69
NY,Clear/Fair,2,2,966
NY,Clear/Fair,2,3,190
NY,Clear/Fair,2,4,109
NY,Clear/Fair,3,2,839
NY,Clear/Fair,3,3,198
NY,Clear/Fair,3,4,75
NY,Clear/Fair,4,1,26
NY,Clear/Fair,4,2,1613
NY,Clear/Fair,4,3,375
NY,Clear/Fair,4,4,95
NY,Clear/Fair,5,1,13
NY,Clear/Fair,5,2,2608
NY,Clear/Fair,5,3,533
NY,Clear/Fair,5,4,125
NY,Clear/Fair,6,1,46
NY,Clear/Fair,6,2,4880
NY,Clear/Fair,6,3,938
NY,Clear/Fair,6,4,134
NY,Clear/Fair,7,1,52
NY,Clear/Fair,7,2,6690
NY,Clear/Fair,7,3,1310
NY,Clear/Fair,7,4,133
NY,Clear/Fair,8,1,43
NY,Clear/Fair,8,2,6830
NY,Clear/Fair,8,3,1437
NY,Clear/Fair,8,4,128
NY,Clear/Fair,9,1,12
NY,Clear/Fair,9,2,4333
NY,Clear/Fair,9,3,1034
NY,Clear/Fair,9,4,157
NY,Clear/Fair,10,1,10
NY,Clear/Fair,10,2,3842
NY,Clear/Fair,10,3,923
NY,Clear/Fair,10,4,130
NY,Clear/Fair,11,1,20
NY,Clear/Fair,11,2,3938
NY,Clear/Fair,11,3,736
NY,Clear/Fair,11,4,106
NY,Clear/Fair,12,1,12
NY,Clear/Fair,12,2,3465
NY,Clear/Fair,12,3,699
NY,Clear/Fair,12,4,142
NY,Clear/Fair,13,1,22
NY,Clear/Fair,13,2,3842
NY,Clear/Fair,13,3,726
NY,Clear/Fair,13,4,141
NY,Clear/Fair,14,1,17
NY,Clear/Fair,14,2,4385
NY,Clear/Fair,14,3,815
NY,Clear/Fair,14,4,159
NY,Clear/Fair,15,1,20
NY,Clear/Fair,15,2,5119
NY,Clear/Fair,15,3,889
NY,Clear/Fair,15,4,153
NY,Clear/Fair,16,1,39
NY,Clear/Fair,16,2,5150
NY,Clear/Fair,16,3,1113
NY,Clear/Fair,16,4,192
NY,Clear/Fair,17,1,23
NY,Clear/Fair,17,2,4902
NY,Clear/Fair,17,3,1186
NY,Clear/Fair,17,4,178
NY,Clear/Fair,18,1,6
NY,Clear/Fair,18,2,3970
NY,Clear/Fair,18,3,1111
NY,Clear/Fair,18,4,180
NY,Clear/Fair,19,1,10
NY,Clear/Fair,19,2,3046
NY,Clear/Fair,19,3,870
NY,Clear/Fair,19,4,159
NY,Clear/Fair,20,1,6
NY,Clear/Fair,20,2,2521
NY,Clear/Fair,20,3,724
NY,Clear/Fair,20,4,179
NY,Clear/Fair,21,1,2
NY,Clear/Fair,21,2,2276
NY,Clear/Fair,21,3,506
NY,Clear/Fair,21,4,106
NY,Clear/Fair,22,2,2129
NY,Clear/Fair,22,3,446
NY,Clear/Fair,22,4,153
NY,Clear/Fair,23,1,2
NY,Clear/Fair,23,2,1914
NY,Clear/Fair,23,3,361
NY,Clear/Fair,23,4,126
NY,Cloudy,0,2,1854
NY,Cloudy,0,3,500
NY,Cloudy,0,4,206
NY,Cloudy,1,2,1362
NY,Cloudy,1,3,282
NY,Cloudy,1,4,138
NY,Cloudy,2,1,1
NY,Cloudy,2,2,1139
NY,Cloudy,2,3,285
NY,Cloudy,2,4,113
NY,Cloudy,3,2,1122
NY,Cloudy,3,3,318
NY,Cloudy,3,4,110
NY,Cloudy,4,1,47
NY,Cloudy,4,2,2350
NY,Cloudy,4,3,639
NY,Cloudy,4,4,126
NY,Cloudy,5,1,27
NY,Cloudy,5,2,3827
NY,Cloudy,5,3,1117
NY,Cloudy,5,4,237
NY,Cloudy,6,1,57
NY,Cloudy,6,2,7261
NY,Cloudy,6,3,1924
NY,Cloudy,6,4,234
NY,Cloudy,7,1,79
NY,Cloudy,7,2,11232
NY,Cloudy,7,3,2841
NY,Cloudy,7,4,270
NY,Cloudy,8,1,76
NY,Cloudy,8,2,10900
NY,Cloudy,8,3,3081
NY,Cloudy,8,4,216
NY,Cloudy,9,1,20
NY,Cloudy,9,2,6491
NY,Cloudy,9,3,1935
NY,Cloudy,9,4,207
NY,Cloudy,10,1,25
NY,Cloudy,10,2,6032
NY,Cloudy,10,3,1785
NY,Cloudy,10,4,183
NY,Cloudy,11,1,17
NY,Cloudy,11,2,7080
NY,Cloudy,11,3,1773
NY,Cloudy,11,4,197
NY,Cloudy,12,1,20
NY,Cloudy,12,2,6370
NY,Cloudy,12,3,1688
NY,Cloudy,12,4,264
NY,Cloudy,13,1,22
NY,Cloudy,13,2,6859
NY,Cloudy,13,3,2065
NY,Cloudy,13,4,241
NY,Cloudy,14,1,35
NY,Cloudy,14,2,7899
NY,Cloudy,14,3,2451
NY,Cloudy,14,4,260
NY,Cloudy,15,1,39
NY,Cloudy,15,2,8877
NY,Cloudy,15,3,2566
NY,Cloudy,15,4,313
NY,Cloudy,16,1,61
NY,Cloudy,16,2,9276
NY,Cloudy,16,3,3275
NY,Cloudy,16,4,289
NY,Cloudy,17,1,52
NY,Cloudy,17,2,8920
NY,Cloudy,17,3,3409
NY,Cloudy,17,4,375
NY,Cloudy,18,1,14
NY,Cloudy,18,2,5888
NY,Cloudy,18,3,2288
NY,Cloudy,18,4,283
NY,Cloudy,19,1,11
NY,Cloudy,19,2,4212
NY,Cloudy,19,3,1669
NY,Cloudy,19,4,298
NY,Cloudy,20,1,5
NY,Cloudy,20,2,3506
NY,Cloudy,20,3,1403
NY,Cloudy,20,4,219
NY,Cloudy,21,1,7
NY,Cloudy,21,2,3015
NY,Cloudy,21,3,1052
NY,Cloudy,21,4,193
NY,Cloudy,22,1,5
NY,Cloudy,22,2,2483
NY,Cloudy,22,3,822
NY,Cloudy,22,4,191
NY,Cloudy,23,1,3
NY,Cloudy,23,2,2190
NY,Cloudy,23,3,563
NY,Cloudy,23,4,185
NY,Fog/Low visibility,0,2,105
NY,Fog/Low visibility,0,3,14
NY,Fog/Low visibility,0,4,14
NY,Fog/Low visibility,1,2,51
NY,Fog/Low visibility,1,3,8
NY,Fog/Low visibility,2,2,80
NY,Fog/Low visibility,2,3,11
NY,Fog/Low visibility,2,4,5
NY,Fog/Low visibility,3,2,58
NY,Fog/Low visibility,3,3,11
NY,Fog/Low visibility,3,4,8
NY,Fog/Low visibility,4,1,2
NY,Fog/Low visibility,4,2,110
NY,Fog/Low visibility,4,3,27
NY,Fog/Low visibility,4,4,8
NY,Fog/Low visibility,5,1,4
NY,Fog/Low visibility,5,2,257
NY,Fog/Low visibility,5,3,51
NY,Fog/Low visibility,5,4,14
NY,Fog/Low visibility,6,1,3
NY,Fog/Low visibility,6,2,503
NY,Fog/Low visibility,6,3,88
NY,Fog/Low visibility,6,4,24
NY,Fog/Low visibility,7,1,5
NY,Fog/Low visibility,7,2,769
NY,Fog/Low visibility,7,3,146
NY,Fog/Low visibility,7,4,7
NY,Fog/Low visibility,8,1,4
NY,Fog/Low visibility,8,2,563
NY,Fog/Low visibility,8,3,169
NY,Fog/Low visibility,8,4,4
NY,Fog/Low visibility,9,2,306
NY,Fog/Low visibility,9,3,67
NY,Fog/Low visibility,9,4,6
NY,Fog/Low visibility,10,2,177
NY,Fog/Low visibility,10,3,41
NY,Fog/Low visibility,10,4,4
NY,Fog/Low visibility,11,2,123
NY,Fog/Low visibility,11,3,41
NY,Fog/Low visibility,11,4,3
NY,Fog/Low visibility,12,2,92
NY,Fog/Low visibility,12,3,15
NY,Fog/Low visibility,12,4,6
NY,Fog/Low visibility,13,2,83
NY,Fog/Low visibility,13,3,31
NY,Fog/Low visibility,13,4,3
NY,Fog/Low visibility,14,2,124
NY,Fog/Low visibility,14,3,27
NY,Fog/Low visibility,15,1,1
NY,Fog/Low visibility,15,2,140
NY,Fog/Low visibility,15,3,20
NY,Fog/Low visibility,15,4,5
NY,Fog/Low visibility,16,2,142
NY,Fog/Low visibility,16,3,27
NY,Fog/Low visibility,16,4,9
NY,Fog/Low visibility,17,2,158
NY,Fog/Low visibility,17,3,33
NY,Fog/Low visibility,17,4,4
NY,Fog/Low visibility,18,2,126
NY,Fog/Low visibility,18,3,30
NY,Fog/Low visibility,18,4,4
NY,Fog/Low visibility,19,2,74
NY,Fog/Low visibility,19,3,19
NY,Fog/Low visibility,20,2,83
NY,Fog/Low visibility,20,3,20
NY,Fog/Low visibility,20,4,3
NY,Fog/Low visibility,21,2,106
NY,Fog/Low visibility,21,3,21
NY,Fog/Low visibility,21,4,2
NY,Fog/Low visibility,22,2,73
NY,Fog/Low visibility,22,3,22
NY,Fog/Low visibility,22,4,5
NY,Fog/Low visibility,23,2,73
NY,Fog/Low visibility,23,3,21
NY,Fog/Low visibility,23,4,4
NY,Precipitation (type unknown),0,2,1
NY,Precipitation (type unknown),1,2,9
NY,Precipitation (type unknown),2,2,4
NY,Precipitation (type unknown),3,2,3
NY,Precipitation (type unknown),4,2,4
NY,Precipitation (type unknown),4,3,1
NY,Precipitation (type unknown),5,2,14
NY,Precipitation (type unknown),6,2,1
NY,Precipitation (type unknown),7,2,2
NY,Precipitation (type unknown),8,2,1
NY,Precipitation (type unknown),8,3,1
NY,Precipitation (type unknown),9,2,2
NY,Precipitation (type unknown),10,2,7
NY,Precipitation (type unknown),11,2,2
NY,Precipitation (type unknown),12,2,2
NY,Precipitation (type unknown),13,2,3
NY,Precipitation (type unknown),14,3,1
NY,Precipitation (type unknown),15,2,1
NY,Precipitation (type unknown),16,2,4
NY,Precipitation (type unknown),16,4,1
NY,Precipitation (type unknown),17,2,5
NY,Precipitation (type unknown),18,2,5
NY,Precipitation (type unknown),19,2,6
NY,Precipitation (type unknown),20,2,6
NY,Precipitation (type unknown),20,3,1
NY,Precipitation (type unknown),22,2,7
NY,Rain,0,1,1
NY,Rain,0,2,323
NY,Rain,0,3,88
NY,Rain,0,4,41
NY,Rain,1,2,265
NY,Rain,1,3,62
NY,Rain,1,4,26
NY,Rain,2,2,234
NY,Rain,2,3,59
NY,Rain,2,4,18
NY,Rain,3,2,257
NY,Rain,3,3,58
NY,Rain,3,4,10
NY,Rain,4,1,4
NY,Rain,4,2,525
NY,Rain,4,3,161
NY,Rain,4,4,29
NY,Rain,5,1,5
NY,Rain,5,2,914
NY,Rain,5,3,250
NY,Rain,5,4,37
NY,Rain,6,1,2
NY,Rain,6,2,1631
NY,Rain,6,3,373
NY,Rain,6,4,34
NY,Rain,7,1,16
NY,Rain,7,2,2105
NY,Rain,7,3,509
NY,Rain,7,4,49
NY,Rain,8,1,9
NY,Rain,8,2,1865
NY,Rain,8,3,564
NY,Rain,8,4,50
NY,Rain,9,1,3
NY,Rain,9,2,1084
NY,Rain,9,3,333
NY,Rain,9,4,29
NY,Rain,10,1,6
NY,Rain,10,2,969
NY,Rain,10,3,292
NY,Rain,10,4,54
NY,Rain,11,1,4
NY,Rain,11,2,1071
NY,Rain,11,3,326
NY,Rain,11,4,26
NY,Rain,12,1,7
NY,Rain,12,2,960
NY,Rain,12,3,258
NY,Rain,12,4,39
NY,Rain,13,1,4
NY,Rain,13,2,994
NY,Rain,13,3,275
NY,Rain,13,4,26
NY,Rain,14,1,19
NY,Rain,14,2,1139
NY,Rain,14,3,342
NY,Rain,14,4,37
NY,Rain,15,1,10
NY,Rain,15,2,1214
NY,Rain,15,3,331
NY,Rain,15,4,53
NY,Rain,16,1,4
NY,Rain,16,2,1311
NY,Rain,16,3,403
NY,Rain,16,4,37
NY,Rain,17,1,11
NY,Rain,17,2,1464
NY,Rain,17,3,432
NY,Rain,17,4,66
NY,Rain,18,2,1012
NY,Rain,18,3,311
NY,Rain,18,4,38
NY,Rain,19,2,731
NY,Rain,19,3,248
NY,Rain,19,4,40
NY,Rain,20,1,1
NY,Rain,20,2,669
NY,Rain,20,3,217
NY,Rain,20,4,43
NY,Rain,21,2,485
NY,Rain,21,3,187
NY,Rain,21,4,26
NY,Rain,22,2,463
NY,Rain,22,3,116
NY,Rain,22,4,23
NY,Rain,23,2,430
NY,Rain,23,3,104
NY,Rain,23,4,35
NY,Severe wind,7,2,1
NY,Severe wind,8,2,1
NY,Severe wind,13,2,5
NY,Severe wind,15,3,2
NY,Severe wind,16,3,1
NY,Snow/Ice,0,2,308
NY,Snow/Ice,0,3,34
NY,Snow/Ice,0,4,15
NY,Snow/Ice,1,2,345
NY,Snow/Ice,1,3,20
NY,Snow/Ice,1,4,13
NY,Snow/Ice,2,2,295
NY,Snow/Ice,2,3,24
NY,Snow/Ice,2,4,12
NY,Snow/Ice,3,2,238
NY,Snow/Ice,3,3,26
NY,Snow/Ice,3,4,10
NY,Snow/Ice,4,2,467
NY,Snow/Ice,4,3,94
NY,Snow/Ice,4,4,16
NY,Snow/Ice,5,1,1
NY,Snow/Ice,5,2,776
NY,Snow/Ice,5,3,135
NY,Snow/Ice,5,4,17
NY,Snow/Ice,6,2,1332
NY,Snow/Ice,6,3,245
NY,Snow/Ice,6,4,31
NY,Snow/Ice,7,1,2
NY,Snow/Ice,7,2,1789
NY,Snow/Ice,7,3,411
NY,Snow/Ice,7,4,41
NY,Snow/Ice,8,2,1601
NY,Snow/Ice,8,3,410
NY,Snow/Ice,8,4,52
NY,Snow/Ice,9,2,867
NY,Snow/Ice,9,3,232
NY,Snow/Ice,9,4,27
NY,Snow/Ice,10,2,772
NY,Snow/Ice,10,3,205
NY,Snow/Ice,10,4,26
NY,Snow/Ice,11,2,793
NY,Snow/Ice,11,3,201
NY,Snow/Ice,11,4,31
NY,Snow/Ice,12,2,630
NY,Snow/Ice,12,3,157
NY,Snow/Ice,12,4,39
NY,Snow/Ice,13,2,626
NY,Snow/Ice,13,3,175
NY,Snow/Ice,13,4,20
NY,Snow/Ice,14,2,634
NY,Snow/Ice,14,3,166
NY,Snow/Ice,14,4,33
NY,Snow/Ice,15,1,2
NY,Snow/Ice,15,2,821
NY,Snow/Ice,15,3,166
NY,Snow/Ice,15,4,45
NY,Snow/Ice,16,2,771
NY,Snow/Ice,16,3,169
NY,Snow/Ice,16,4,40
NY,Snow/Ice,17,1,2
NY,Snow/Ice,17,2,728
NY,Snow/Ice,17,3,201
NY,Snow/Ice,17,4,31
NY,Snow/Ice,18,2,517
NY,Snow/Ice,18,3,109
NY,Snow/Ice,18,4,34
NY,Snow/Ice,19,2,365
NY,Snow/Ice,19,3,116
NY,Snow/Ice,19,4,25
NY,Snow/Ice,20,2,462
NY,Snow/Ice,20,3,122
NY,Snow/Ice,20,4,22
NY,Snow/Ice,21,2,466
NY,Snow/Ice,21,3,79
NY,Snow/Ice,21,4,26
NY,Snow/Ice,22,2,412
NY,Snow/Ice,22,3,66
NY,Snow/Ice,22,4,21
NY,Snow/Ice,23,2,398
NY,Snow/Ice,23,3,51
NY,Snow/Ice,23,4,12
NY,Thunderstorm,0,2,27
NY,Thunderstorm,0,3,4
NY,Thunderstorm,0,4,1
NY,Thunderstorm,1,2,12
NY,Thunderstorm,1,3,1
NY,Thunderstorm,2,2,13
NY,Thunderstorm,2,3,4
NY,Thunderstorm,2,4,1
NY,Thunderstorm,3,2,6
NY,Thunderstorm,3,3,2
NY,Thunderstorm,4,2,14
NY,Thunderstorm,4,3,2
NY,Thunderstorm,4,4,1
NY,Thunderstorm,5,2,41
NY,Thunderstorm,5,3,6
NY,Thunderstorm,6,1,1
NY,Thunderstorm,6,2,80
NY,Thunderstorm,6,3,11
NY,Thunderstorm,6,4,1
NY,Thunderstorm,7,1,3
NY,Thunderstorm,7,2,77
NY,Thunderstorm,7,3,7
NY,Thunderstorm,8,2,43
NY,Thunderstorm,8,3,9
NY,Thunderstorm,9,2,17
NY,Thunderstorm,9,3,8
NY,Thunderstorm,9,4,3
NY,Thunderstorm,10,2,15
NY,Thunderstorm,10,3,3
NY,Thunderstorm,11,2,17
NY,Thunderstorm,11,3,6
NY,Thunderstorm,12,2,51
NY,Thunderstorm,12,3,7
NY,Thunderstorm,13,2,127
NY,Thunderstorm,13,3,22
NY,Thunderstorm,13,4,2
NY,Thunderstorm,14,1,1
NY,Thunderstorm,14,2,137
NY,Thunderstorm,14,3,37
NY,Thunderstorm,14,4,1
NY,Thunderstorm,15,1,2
NY,Thunderstorm,15,2,194
NY,Thunderstorm,15,3,53
NY,Thunderstorm,16,1,2
NY,Thunderstorm,16,2,213
NY,Thunderstorm,16,3,56
NY,Thunderstorm,16,4,4
NY,Thunderstorm,17,1,1
NY,Thunderstorm,17,2,180
NY,Thunderstorm,17,3,49
NY,Thunderstorm,17,4,9
NY,Thunderstorm,18,2,96
NY,Thunderstorm,18,3,29
NY,Thunderstorm,18,4,8
NY,Thunderstorm,19,2,60
NY,Thunderstorm,19,3,37
NY,Thunderstorm,19,4,3
NY,Thunderstorm,20,1,1
NY,Thunderstorm,20,2,39
NY,Thunderstorm,20,3,22
NY,Thunderstorm,21,2,63
NY,Thunderstorm,21,3,15
NY,Thunderstorm,21,4,2
NY,Thunderstorm,22,2,22
NY,Thunderstorm,22,3,12
NY,Thunderstorm,22,4,4
NY,Thunderstorm,23,2,14
NY,Thunderstorm,23,3,12
OH,Clear/Fair,0,2,118
OH,Clear/Fair,0,3,11
OH,Clear/Fair,0,4,75
OH,Clear/Fair,1,2,89
OH,Clear/Fair,1,3,3
OH,Clear/Fair,1,4,41
OH,Clear/Fair,2,2,101
OH,Clear/Fair,2,3,5
OH,Clear/Fair,2,4,63
OH,Clear/Fair,3,2,64
OH,Clear/Fair,3,3,7
OH,Clear/Fair,3,4,55
OH,Clear/Fair,4,1,15
OH,Clear/Fair,4,2,644
OH,Clear/Fair,4,3,181
OH,Clear/Fair,4,4,53
OH,Clear/Fair,5,1,17
OH,Clear/Fair,5,2,738
OH,Clear/Fair,5,3,209
OH,Clear/Fair,5,4,69
OH,Clear/Fair,6,1,33
OH,Clear/Fair,6,2,1571
OH,Clear/Fair,6,3,586
OH,Clear/Fair,6,4,87
OH,Clear/Fair,7,1,83
OH,Clear/Fair,7,2,3217
OH,Clear/Fair,7,3,1193
OH,Clear/Fair,7,4,98
OH,Clear/Fair,8,1,108
OH,Clear/Fair,8,2,3265
OH,Clear/Fair,8,3,1092
OH,Clear/Fair,8,4,133
OH,Clear/Fair,9,1,25
OH,Clear/Fair,9,2,888
OH,Clear/Fair,9,3,350
OH,Clear/Fair,9,4,100
OH,Clear/Fair,10,1,37
OH,Clear/Fair,10,2,946
OH,Clear/Fair,10,3,365
OH,Clear/Fair,10,4,96
OH,Clear/Fair,11,1,26
OH,Clear/Fair,11,2,1002
OH,Clear/Fair,11,3,309
OH,Clear/Fair,11,4,78
OH,Clear/Fair,12,1,4
OH,Clear/Fair,12,2,741
OH,Clear/Fair,12,3,384
OH,Clear/Fair,12,4,92
OH,Clear/Fair,13,1,11
OH,Clear/Fair,13,2,749
OH,Clear/Fair,13,3,371
OH,Clear/Fair,13,4,112
OH,Clear/Fair,14,1,13
OH,Clear/Fair,14,2,861
OH,Clear/Fair,14,3,434
OH,Clear/Fair,14,4,109
OH,Clear/Fair,15,1,22
OH,Clear/Fair,15,2,1232
OH,Clear/Fair,15,3,572
OH,Clear/Fair,15,4,108
OH,Clear/Fair,16,1,63
OH,Clear/Fair,16,2,1948
OH,Clear/Fair,16,3,867
OH,Clear/Fair,16,4,102
OH,Clear/Fair,17,1,89
OH,Clear/Fair,17,2,2166
OH,Clear/Fair,17,3,982
OH,Clear/Fair,17,4,112
OH,Clear/Fair,18,1,55
OH,Clear/Fair,18,2,1379
OH,Clear/Fair,18,3,655
OH,Clear/Fair,18,4,149
OH,Clear/Fair,19,1,43
OH,Clear/Fair,19,2,821
OH,Clear/Fair,19,3,371
OH,Clear/Fair,19,4,85
OH,Clear/Fair,20,1,3
OH,Clear/Fair,20,2,441
OH,Clear/Fair,20,3,165
OH,Clear/Fair,20,4,108
OH,Clear/Fair,21,1,4
OH,Clear/Fair,21,2,317
OH,Clear/Fair,21,3,97
OH,Clear/Fair,21,4,87
OH,Clear/Fair,22,2,265
OH,Clear/Fair,22,3,66
OH,Clear/Fair,22,4,72
OH,Clear/Fair,23,2,182
OH,Clear/Fair,23,3,19
OH,Clear/Fair,23,4,86
OH,Cloudy,0,2,164
OH,Cloudy,0,3,10
OH,Cloudy,0,4,84
OH,Cloudy,1,2,142
OH,Cloudy,1,3,8
OH,Cloudy,1,4,66
OH,Cloudy,2,2,147
OH,Cloudy,2,3,10
OH,Cloudy,2,4,54
OH,Cloudy,3,2,128
OH,Cloudy,3,3,6
OH,Cloudy,3,4,81
OH,Cloudy,4,1,21
OH,Cloudy,4,2,806
OH,Cloudy,4,3,232
OH,Cloudy,4,4,93
OH,Cloudy,5,1,17
OH,Cloudy,5,2,1011
OH,Cloudy,5,3,310
OH,Cloudy,5,4,97
OH,Cloudy,6,1,29
OH,Cloudy,6,2,2344
OH,Cloudy,6,3,809
OH,Cloudy,6,4,143
OH,Cloudy,7,1,79
OH,Cloudy,7,2,4878
OH,Cloudy,7,3,1773
OH,Cloudy,7,4,172
OH,Cloudy,8,1,78
OH,Cloudy,8,2,4483
OH,Cloudy,8,3,1446
OH,Cloudy,8,4,149
OH,Cloudy,9,1,14
OH,Cloudy,9,2,1342
OH,Cloudy,9,3,508
OH,Cloudy,9,4,154
OH,Cloudy,10,1,31
OH,Cloudy,10,2,1528
OH,Cloudy,10,3,535
OH,Cloudy,10,4,134
OH,Cloudy,11,1,33
OH,Cloudy,11,2,1716
OH,Cloudy,11,3,542
OH,Cloudy,11,4,136
OH,Cloudy,12,1,10
OH,Cloudy,12,2,1577
OH,Cloudy,12,3,729
OH,Cloudy,12,4,120
OH,Cloudy,13,1,19
OH,Cloudy,13,2,1446
OH,Cloudy,13,3,648
OH,Cloudy,13,4,171
OH,Cloudy,14,1,26
OH,Cloudy,14,2,1819
OH,Cloudy,14,3,904
OH,Cloudy,14,4,210
OH,Cloudy,15,1,56
OH,Cloudy,15,2,2474
OH,Cloudy,15,3,1050
OH,Cloudy,15,4,229
OH,Cloudy,16,1,120
OH,Cloudy,16,2,3757
OH,Cloudy,16,3,1569
OH,Cloudy,16,4,211
OH,Cloudy,17,1,154
OH,Cloudy,17,2,3605
OH,Cloudy,17,3,1658
OH,Cloudy,17,4,174
OH,Cloudy,18,1,73
OH,Cloudy,18,2,2346
OH,Cloudy,18,3,1112
OH,Cloudy,18,4,164
OH,Cloudy,19,1,53
OH,Cloudy,19,2,1167
OH,Cloudy,19,3,529
OH,Cloudy,19,4,104
OH,Cloudy,20,1,5
OH,Cloudy,20,2,627
OH,Cloudy,20,3,251
OH,Cloudy,20,4,120
OH,Cloudy,21,1,3
OH,Cloudy,21,2,465
OH,Cloudy,21,3,112
OH,Cloudy,21,4,89
OH,Cloudy,22,2,375
OH,Cloudy,22,3,85
OH,Cloudy,22,4,60
OH,Cloudy,23,2,230
OH,Cloudy,23,3,11
OH,Cloudy,23,4,82
OH,Fog/Low visibility,0,2,14
OH,Fog/Low visibility,0,4,3
OH,Fog/Low visibility,1,2,13
OH,Fog/Low visibility,1,4,2
OH,Fog/Low visibility,2,2,11
OH,Fog/Low visibility,2,4,7
OH,Fog/Low visibility,3,2,6
OH,Fog/Low visibility,3,4,2
OH,Fog/Low visibility,4,1,1
OH,Fog/Low visibility,4,2,50
OH,Fog/Low visibility,4,3,17
OH,Fog/Low visibility,4,4,2
OH,Fog/Low visibility,5,1,2
OH,Fog/Low visibility,5,2,73
OH,Fog/Low visibility,5,3,21
OH,Fog/Low visibility,5,4,7
OH,Fog/Low visibility,6,1,10
OH,Fog/Low visibility,6,2,238
OH,Fog/Low visibility,6,3,65
OH,Fog/Low visibility,6,4,14
OH,Fog/Low visibility,7,1,8
OH,Fog/Low visibility,7,2,542
OH,Fog/Low visibility,7,3,132
OH,Fog/Low visibility,7,4,9
OH,Fog/Low visibility,8,1,8
OH,Fog/Low visibility,8,2,443
OH,Fog/Low visibility,8,3,108
OH,Fog/Low visibility,8,4,12
OH,Fog/Low visibility,9,2,97
OH,Fog/Low visibility,9,3,32
OH,Fog/Low visibility,9,4,5
OH,Fog/Low visibility,10,1,2
OH,Fog/Low visibility,10,2,106
OH,Fog/Low visibility,10,3,22
OH,Fog/Low visibility,10,4,5
OH,Fog/Low visibility,11,2,83
OH,Fog/Low visibility,11,3,12
OH,Fog/Low visibility,11,4,6
OH,Fog/Low visibility,12,2,54
OH,Fog/Low visibility,12,3,17
OH,Fog/Low visibility,12,4,8
OH,Fog/Low visibility,13,2,50
OH,Fog/Low visibility,13,3,14
OH,Fog/Low visibility,13,4,4
OH,Fog/Low visibility,14,1,1
OH,Fog/Low visibility,14,2,57
OH,Fog/Low visibility,14,3,19
OH,Fog/Low visibility,14,4,1
OH,Fog/Low visibility,15,1,1
OH,Fog/Low visibility,15,2,72
OH,Fog/Low visibility,15,3,15
OH,Fog/Low visibility,15,4,3
OH,Fog/Low visibility,16,1,1
OH,Fog/Low visibility,16,2,125
OH,Fog/Low visibility,16,3,21
OH,Fog/Low visibility,16,4,1
OH,Fog/Low visibility,17,2,92
OH,Fog/Low visibility,17,3,21
OH,Fog/Low visibility,17,4,2
OH,Fog/Low visibility,18,2,62
OH,Fog/Low visibility,18,3,11
OH,Fog/Low visibility,18,4,1
OH,Fog/Low visibility,19,2,43
OH,Fog/Low visibility,19,3,9
OH,Fog/Low visibility,19,4,5
OH,Fog/Low visibility,20,2,39
OH,Fog/Low visibility,20,3,3
OH,Fog/Low visibility,20,4,2
OH,Fog/Low visibility,21,2,16
OH,Fog/Low visibility,22,2,17
OH,Fog/Low visibility,22,3,4
OH,Fog/Low visibility,23,2,5
OH,Fog/Low visibility,23,3,2
OH,Fog/Low visibility,23,4,5
OH,Precipitation (type unknown),0,2,4
OH,Precipitation (type unknown),1,2,3
OH,Precipitation (type unknown),4,2,2
OH,Precipitation (type unknown),5,2,4
OH,Precipitation (type unknown),6,2,2
OH,Precipitation (type unknown),7,2,2
OH,Precipitation (type unknown),8,2,3
OH,Precipitation (type unknown),9,2,11
OH,Precipitation (type unknown),10,2,8
OH,Precipitation (type unknown),12,2,9
OH,Precipitation (type unknown),12,4,3
OH,Precipitation (type unknown),13,2,8
OH,Precipitation (type unknown),13,4,2
OH,Precipitation (type unknown),14,2,17
OH,Precipitation (type unknown),14,3,1
OH,Precipitation (type unknown),15,2,13
OH,Precipitation (type unknown),15,4,1
OH,Precipitation (type unknown),16,2,19
OH,Precipitation (type unknown),16,3,1
OH,Precipitation (type unknown),17,2,7
OH,Precipitation (type unknown),18,2,10
OH,Precipitation (type unknown),18,3,1
OH,Precipitation (type unknown),19,2,12
OH,Precipitation (type unknown),19,3,2
OH,Precipitation (type unknown),20,2,11
OH,Precipitation (type unknown),21,2,8
OH,Precipitation (type unknown),22,2,2
OH,Rain,0,2,29
OH,Rain,0,3,1
OH,Rain,0,4,18
OH,Rain,1,2,25
OH,Rain,1,3,1
OH,Rain,1,4,12
OH,Rain,2,2,22
OH,Rain,2,3,2
OH,Rain,2,4,16
OH,Rain,3,2,27
OH,Rain,3,4,17
OH,Rain,4,1,8
OH,Rain,4,2,161
OH,Rain,4,3,73
OH,Rain,4,4,24
OH,Rain,5,2,235
OH,Rain,5,3,94
OH,Rain,5,4,22
OH,Rain,6,1,4
OH,Rain,6,2,616
OH,Rain,6,3,276
OH,Rain,6,4,23
OH,Rain,7,1,15
OH,Rain,7,2,1061
OH,Rain,7,3,390
OH,Rain,7,4,33
OH,Rain,8,1,8
OH,Rain,8,2,884
OH,Rain,8,3,352
OH,Rain,8,4,27
OH,Rain,9,1,1
OH,Rain,9,2,245
OH,Rain,9,3,154
OH,Rain,9,4,27
OH,Rain,10,1,1
OH,Rain,10,2,306
OH,Rain,10,3,168
OH,Rain,10,4,28
OH,Rain,11,1,3
OH,Rain,11,2,345
OH,Rain,11,3,169
OH,Rain,11,4,21
OH,Rain,12,1,2
OH,Rain,12,2,276
OH,Rain,12,3,196
OH,Rain,12,4,30
OH,Rain,13,1,3
OH,Rain,13,2,274
OH,Rain,13,3,155
OH,Rain,13,4,26
OH,Rain,14,1,2
OH,Rain,14,2,354
OH,Rain,14,3,202
OH,Rain,14,4,23
OH,Rain,15,1,6
OH,Rain,15,2,438
OH,Rain,15,3,221
OH,Rain,15,4,40
OH,Rain,16,1,31
OH,Rain,16,2,668
OH,Rain,16,3,289
OH,Rain,16,4,27
OH,Rain,17,1,20
OH,Rain,17,2,603
OH,Rain,17,3,301
OH,Rain,17,4,23
OH,Rain,18,1,17
OH,Rain,18,2,479
OH,Rain,18,3,208
OH,Rain,18,4,32
OH,Rain,19,1,12
OH,Rain,19,2,268
OH,Rain,19,3,121
OH,Rain,19,4,28
OH,Rain,20,1,1
OH,Rain,20,2,108
OH,Rain,20,3,76
OH,Rain,20,4,24
OH,Rain,21,1,1
OH,Rain,21,2,66
OH,Rain,21,3,37
OH,Rain,21,4,11
OH,Rain,22,1,1
OH,Rain,22,2,48
OH,Rain,22,3,22
OH,Rain,22,4,18
OH,Rain,23,1,2
OH,Rain,23,2,44
OH,Rain,23,3,1
OH,Rain,23,4,11
OH,Severe wind,13,2,1
OH,Severe wind,17,2,1
OH,Severe wind,18,1,1
OH,Snow/Ice,0,2,51
OH,Snow/Ice,0,3,2
OH,Snow/Ice,0,4,6
OH,Snow/Ice,1,2,19
OH,Snow/Ice,1,3,3
OH,Snow/Ice,1,4,15
OH,Snow/Ice,2,2,19
OH,Snow/Ice,2,3,2
OH,Snow/Ice,2,4,16
OH,Snow/Ice,3,2,27
OH,Snow/Ice,3,4,14
OH,Snow/Ice,4,2,128
OH,Snow/Ice,4,3,60
OH,Snow/Ice,4,4,13
OH,Snow/Ice,5,2,218
OH,Snow/Ice,5,3,106
OH,Snow/Ice,5,4,11
OH,Snow/Ice,6,2,408
OH,Snow/Ice,6,3,164
OH,Snow/Ice,6,4,15
OH,Snow/Ice,7,1,1
OH,Snow/Ice,7,2,670
OH,Snow/Ice,7,3,228
OH,Snow/Ice,7,4,12
OH,Snow/Ice,8,2,591
OH,Snow/Ice,8,3,178
OH,Snow/Ice,8,4,21
OH,Snow/Ice,9,2,310
OH,Snow/Ice,9,3,69
OH,Snow/Ice,9,4,19
OH,Snow/Ice,10,2,295
OH,Snow/Ice,10,3,86
OH,Snow/Ice,10,4,20
OH,Snow/Ice,11,2,316
OH,Snow/Ice,11,3,47
OH,Snow/Ice,11,4,14
OH,Snow/Ice,12,2,216
OH,Snow/Ice,12,3,92
OH,Snow/Ice,12,4,12
OH,Snow/Ice,13,1,2
OH,Snow/Ice,13,2,195
OH,Snow/Ice,13,3,70
OH,Snow/Ice,13,4,25
OH,Snow/Ice,14,2,169
OH,Snow/Ice,14,3,66
OH,Snow/Ice,14,4,15
OH,Snow/Ice,15,2,239
OH,Snow/Ice,15,3,86
OH,Snow/Ice,15,4,16
OH,Snow/Ice,16,1,3
OH,Snow/Ice,16,2,315
OH,Snow/Ice,16,3,120
OH,Snow/Ice,16,4,10
OH,Snow/Ice,17,2,304
OH,Snow/Ice,17,3,118
OH,Snow/Ice,17,4,14
OH,Snow/Ice,18,2,205
OH,Snow/Ice,18,3,102
OH,Snow/Ice,18,4,18
OH,Snow/Ice,19,2,150
OH,Snow/Ice,19,3,70
OH,Snow/Ice,19,4,15
OH,Snow/Ice,20,2,142
OH,Snow/Ice,20,3,39
OH,Snow/Ice,20,4,11
OH,Snow/Ice,21,2,77
OH,Snow/Ice,21,3,21
OH,Snow/Ice,21,4,8
OH,Snow/Ice,22,2,70
OH,Snow/Ice,22,3,12
OH,Snow/Ice,22,4,7
OH,Snow/Ice,23,2,67
OH,Snow/Ice,23,3,1
OH,Snow/Ice,23,4,7
OH,Thunderstorm,0,2,1
OH,Thunderstorm,0,4,3
OH,Thunderstorm,1,4,1
OH,Thunderstorm,2,2,3
OH,Thunderstorm,2,4,2
OH,Thunderstorm,3,2,1
OH,Thunderstorm,3,3,1
OH,Thunderstorm,4,1,1
OH,Thunderstorm,4,2,18
OH,Thunderstorm,4,3,8
OH,Thunderstorm,5,2,17
OH,Thunderstorm,5,3,13
OH,Thunderstorm,6,2,27
OH,Thunderstorm,6,3,21
OH,Thunderstorm,6,4,2
OH,Thunderstorm,7,2,44
OH,Thunderstorm,7,3,21
OH,Thunderstorm,8,1,5
OH,Thunderstorm,8,2,42
OH,Thunderstorm,8,3,28
OH,Thunderstorm,8,4,2
OH,Thunderstorm,9,1,2
OH,Thunderstorm,9,2,19
OH,Thunderstorm,9,3,10
OH,Thunderstorm,9,4,2
OH,Thunderstorm,10,1,1
OH,Thunderstorm,10,2,22
OH,Thunderstorm,10,3,23
OH,Thunderstorm,10,4,1
OH,Thunderstorm,11,1,1
OH,Thunderstorm,11,2,15
OH,Thunderstorm,11,3,13
OH,Thunderstorm,12,1,1
OH,Thunderstorm,12,2,15
OH,Thunderstorm,12,3,12
OH,Thunderstorm,12,4,1
OH,Thunderstorm,13,2,19
OH,Thunderstorm,13,3,21
OH,Thunderstorm,14,2,23
OH,Thunderstorm,14,3,35
OH,Thunderstorm,14,4,1
OH,Thunderstorm,15,1,6
OH,Thunderstorm,15,2,47
OH,Thunderstorm,15,3,48
OH,Thunderstorm,15,4,1
OH,Thunderstorm,16,1,2
OH,Thunderstorm,16,2,84
OH,Thunderstorm,16,3,65
OH,Thunderstorm,16,4,2
OH,Thunderstorm,17,1,5
OH,Thunderstorm,17,2,56
OH,Thunderstorm,17,3,46
OH,Thunderstorm,17,4,4
OH,Thunderstorm,18,1,12
OH,Thunderstorm,18,2,46
OH,Thunderstorm,18,3,42
OH,Thunderstorm,18,4,5
OH,Thunderstorm,19,1,5
OH,Thunderstorm,19,2,27
OH,Thunderstorm,19,3,30
OH,Thunderstorm,19,4,1
OH,Thunderstorm,20,2,14
OH,Thunderstorm,20,3,16
OH,Thunderstorm,20,4,1
OH,Thunderstorm,21,2,9
OH,Thunderstorm,21,3,4
OH,Thunderstorm,22,2,2
OH,Thunderstorm,22,3,3
OH,Thunderstorm,22,4,1
OH,Thunderstorm,23,2,2
OH,Thunderstorm,23,4,2
OK,Clear/Fair,0,2,64
OK,Clear/Fair,0,4,6
OK,Clear/Fair,1,2,51
OK,Clear/Fair,1,3,1
OK,Clear/Fair,1,4,6
OK,Clear/Fair,2,2,40
OK,Clear/Fair,2,3,2
OK,Clear/Fair,2,4,2
OK,Clear/Fair,3,2,35
OK,Clear/Fair,3,3,2
OK,Clear/Fair,3,4,5
OK,Clear/Fair,4,1,19
OK,Clear/Fair,4,2,569
OK,Clear/Fair,4,3,61
OK,Clear/Fair,4,4,2
OK,Clear/Fair,5,1,15
OK,Clear/Fair,5,2,456
OK,Clear/Fair,5,3,56
OK,Clear/Fair,5,4,6
OK,Clear/Fair,6,1,41
OK,Clear/Fair,6,2,1095
OK,Clear/Fair,6,3,142
OK,Clear/Fair,6,4,10
OK,Clear/Fair,7,1,95
OK,Clear/Fair,7,2,2521
OK,Clear/Fair,7,3,268
OK,Clear/Fair,7,4,10
OK,Clear/Fair,8,1,112
OK,Clear/Fair,8,2,2975
OK,Clear/Fair,8,3,268
OK,Clear/Fair,8,4,14
OK,Clear/Fair,9,1,15
OK,Clear/Fair,9,2,1920
OK,Clear/Fair,9,3,147
OK,Clear/Fair,9,4,8
OK,Clear/Fair,10,1,18
OK,Clear/Fair,10,2,1980
OK,Clear/Fair,10,3,148
OK,Clear/Fair,10,4,3
OK,Clear/Fair,11,1,11
OK,Clear/Fair,11,2,2110
OK,Clear/Fair,11,3,133
OK,Clear/Fair,11,4,8
OK,Clear/Fair,12,1,10
OK,Clear/Fair,12,2,1557
OK,Clear/Fair,12,3,104
OK,Clear/Fair,12,4,11
OK,Clear/Fair,13,1,12
OK,Clear/Fair,13,2,1574
OK,Clear/Fair,13,3,118
OK,Clear/Fair,13,4,15
OK,Clear/Fair,14,1,58
OK,Clear/Fair,14,2,1811
OK,Clear/Fair,14,3,137
OK,Clear/Fair,14,4,13
OK,Clear/Fair,15,1,80
OK,Clear/Fair,15,2,2946
OK,Clear/Fair,15,3,216
OK,Clear/Fair,15,4,12
OK,Clear/Fair,16,1,71
OK,Clear/Fair,16,2,3435
OK,Clear/Fair,16,3,319
OK,Clear/Fair,16,4,14
OK,Clear/Fair,17,1,86
OK,Clear/Fair,17,2,3610
OK,Clear/Fair,17,3,262
OK,Clear/Fair,17,4,14
OK,Clear/Fair,18,1,90
OK,Clear/Fair,18,2,3235
OK,Clear/Fair,18,3,212
OK,Clear/Fair,18,4,6
OK,Clear/Fair,19,1,9
OK,Clear/Fair,19,2,1668
OK,Clear/Fair,19,3,143
OK,Clear/Fair,19,4,17
OK,Clear/Fair,20,2,1101
OK,Clear/Fair,20,3,81
OK,Clear/Fair,20,4,12
OK,Clear/Fair,21,1,4
OK,Clear/Fair,21,2,1111
OK,Clear/Fair,21,3,65
OK,Clear/Fair,21,4,11
OK,Clear/Fair,22,2,650
OK,Clear/Fair,22,3,43
OK,Clear/Fair,22,4,7
OK,Clear/Fair,23,2,94
OK,Clear/Fair,23,3,5
OK,Clear/Fair,23,4,12
OK,Cloudy,0,2,37
OK,Cloudy,0,3,2
OK,Cloudy,0,4,1
OK,Cloudy,1,2,40
OK,Cloudy,2,2,22
OK,Cloudy,2,3,3
OK,Cloudy,3,2,23
OK,Cloudy,3,3,2
OK,Cloudy,3,4,6
OK,Cloudy,4,1,9
OK,Cloudy,4,2,434
OK,Cloudy,4,3,53
OK,Cloudy,4,4,4
OK,Cloudy,5,1,6
OK,Cloudy,5,2,432
OK,Cloudy,5,3,85
OK,Cloudy,5,4,11
OK,Cloudy,6,1,34
OK,Cloudy,6,2,1014
OK,Cloudy,6,3,157
OK,Cloudy,6,4,7
OK,Cloudy,7,1,39
OK,Cloudy,7,2,2225
OK,Cloudy,7,3,296
OK,Cloudy,7,4,16
OK,Cloudy,8,1,40
OK,Cloudy,8,2,2362
OK,Cloudy,8,3,267
OK,Cloudy,8,4,9
OK,Cloudy,9,1,10
OK,Cloudy,9,2,1622
OK,Cloudy,9,3,118
OK,Cloudy,9,4,10
OK,Cloudy,10,1,16
OK,Cloudy,10,2,1772
OK,Cloudy,10,3,149
OK,Cloudy,10,4,10
OK,Cloudy,11,1,9
OK,Cloudy,11,2,2013
OK,Cloudy,11,3,162
OK,Cloudy,11,4,10
OK,Cloudy,12,1,2
OK,Cloudy,12,2,1606
OK,Cloudy,12,3,117
OK,Cloudy,12,4,9
OK,Cloudy,13,1,3
OK,Cloudy,13,2,1707
OK,Cloudy,13,3,155
OK,Cloudy,13,4,15
OK,Cloudy,14,1,36
OK,Cloudy,14,2,1566
OK,Cloudy,14,3,113
OK,Cloudy,14,4,11
OK,Cloudy,15,1,69
OK,Cloudy,15,2,2836
OK,Cloudy,15,3,244
OK,Cloudy,15,4,12
OK,Cloudy,16,1,43
OK,Cloudy,16,2,3091
OK,Cloudy,16,3,324
OK,Cloudy,16,4,13
OK,Cloudy,17,1,46
OK,Cloudy,17,2,2596
OK,Cloudy,17,3,221
OK,Cloudy,17,4,9
OK,Cloudy,18,1,21
OK,Cloudy,18,2,2315
OK,Cloudy,18,3,199
OK,Cloudy,18,4,5
OK,Cloudy,19,1,1
OK,Cloudy,19,2,1269
OK,Cloudy,19,3,102
OK,Cloudy,19,4,6
OK,Cloudy,20,2,764
OK,Cloudy,20,3,65
OK,Cloudy,20,4,2
OK,Cloudy,21,2,825
OK,Cloudy,21,3,61
OK,Cloudy,21,4,1
OK,Cloudy,22,1,1
OK,Cloudy,22,2,524
OK,Cloudy,22,3,28
OK,Cloudy,22,4,3
OK,Cloudy,23,2,75
OK,Cloudy,23,3,6
OK,Cloudy,23,4,6
OK,Fog/Low visibility,0,2,1
OK,Fog/Low visibility,1,2,3
OK,Fog/Low visibility,3,3,1
OK,Fog/Low visibility,4,2,11
OK,Fog/Low visibility,4,3,4
OK,Fog/Low visibility,5,2,13
OK,Fog/Low visibility,5,3,2
OK,Fog/Low visibility,6,1,2
OK,Fog/Low visibility,6,2,47
OK,Fog/Low visibility,6,3,5
OK,Fog/Low visibility,7,2,104
OK,Fog/Low visibility,7,3,9
OK,Fog/Low visibility,8,1,1
OK,Fog/Low visibility,8,2,96
OK,Fog/Low visibility,8,3,22
OK,Fog/Low visibility,8,4,1
OK,Fog/Low visibility,9,2,57
OK,Fog/Low visibility,9,3,8
OK,Fog/Low visibility,10,2,41
OK,Fog/Low visibility,10,3,3
OK,Fog/Low visibility,11,2,33
OK,Fog/Low visibility,11,3,2
OK,Fog/Low visibility,12,2,27
OK,Fog/Low visibility,12,3,2
OK,Fog/Low visibility,13,2,17
OK,Fog/Low visibility,13,3,1
OK,Fog/Low visibility,14,2,24
OK,Fog/Low visibility,14,3,2
OK,Fog/Low visibility,15,2,37
OK,Fog/Low visibility,15,3,3
OK,Fog/Low visibility,16,1,1
OK,Fog/Low visibility,16,2,45
OK,Fog/Low visibility,16,3,3
OK,Fog/Low visibility,17,2,32
OK,Fog/Low visibility,17,3,3
OK,Fog/Low visibility,18,2,42
OK,Fog/Low visibility,18,3,2
OK,Fog/Low visibility,19,2,10
OK,Fog/Low visibility,19,3,2
OK,Fog/Low visibility,20,2,11
OK,Fog/Low visibility,20,3,1
OK,Fog/Low visibility,21,2,15
OK,Fog/Low visibility,21,3,1
OK,Fog/Low visibility,22,2,17
OK,Fog/Low visibility,22,3,1
OK,Fog/Low visibility,23,2,2
OK,Fog/Low visibility,23,4,1
OK,Precipitation (type unknown),4,3,1
OK,Precipitation (type unknown),5,2,1
OK,Precipitation (type unknown),6,2,3
OK,Precipitation (type unknown),7,2,5
OK,Precipitation (type unknown),8,2,13
OK,Precipitation (type unknown),8,3,1
OK,Precipitation (type unknown),8,4,1
OK,Precipitation (type unknown),9,2,3
OK,Precipitation (type unknown),10,2,3
OK,Precipitation (type unknown),11,2,4
OK,Precipitation (type unknown),12,2,1
OK,Precipitation (type unknown),14,2,2
OK,Precipitation (type unknown),15,2,2
OK,Precipitation (type unknown),17,2,1
OK,Precipitation (type unknown),19,2,1
OK,Rain,0,2,8
OK,Rain,1,2,3
OK,Rain,1,3,3
OK,Rain,2,2,5
OK,Rain,3,2,5
OK,Rain,3,3,2
OK,Rain,3,4,1
OK,Rain,4,1,3
OK,Rain,4,2,80
OK,Rain,4,3,20
OK,Rain,4,4,1
OK,Rain,5,1,2
OK,Rain,5,2,76
OK,Rain,5,3,17
OK,Rain,5,4,3
OK,Rain,6,1,7
OK,Rain,6,2,181
OK,Rain,6,3,54
OK,Rain,6,4,3
OK,Rain,7,1,9
OK,Rain,7,2,400
OK,Rain,7,3,58
OK,Rain,8,1,18
OK,Rain,8,2,364
OK,Rain,8,3,39
OK,Rain,8,4,1
OK,Rain,9,1,2
OK,Rain,9,2,218
OK,Rain,9,3,33
OK,Rain,9,4,1
OK,Rain,10,1,1
OK,Rain,10,2,190
OK,Rain,10,3,33
OK,Rain,11,1,2
OK,Rain,11,2,214
OK,Rain,11,3,24
OK,Rain,11,4,4
OK,Rain,12,1,1
OK,Rain,12,2,141
OK,Rain,12,3,15
OK,Rain,12,4,1
OK,Rain,13,2,151
OK,Rain,13,3,26
OK,Rain,13,4,1
OK,Rain,14,1,1
OK,Rain,14,2,157
OK,Rain,14,3,25
OK,Rain,14,4,1
OK,Rain,15,1,1
OK,Rain,15,2,287
OK,Rain,15,3,26
OK,Rain,15,4,1
OK,Rain,16,1,6
OK,Rain,16,2,346
OK,Rain,16,3,27
OK,Rain,17,1,9
OK,Rain,17,2,326
OK,Rain,17,3,41
OK,Rain,17,4,1
OK,Rain,18,1,3
OK,Rain,18,2,255
OK,Rain,18,3,17
OK,Rain,19,2,145
OK,Rain,19,3,17
OK,Rain,19,4,3
OK,Rain,20,2,88
OK,Rain,20,3,8
OK,Rain,20,4,1
OK,Rain,21,2,112
OK,Rain,21,3,6
OK,Rain,22,2,66
OK,Rain,22,3,4
OK,Rain,23,2,3
OK,Severe wind,10,2,1
OK,Severe wind,16,2,2
OK,Severe wind,18,2,1
OK,Severe wind,19,2,1
OK,Severe wind,20,2,1
OK,Severe wind,21,2,1
OK,Snow/Ice,0,2,6
OK,Snow/Ice,1,2,2
OK,Snow/Ice,2,2,2
OK,Snow/Ice,3,2,4
OK,Snow/Ice,4,2,27
OK,Snow/Ice,4,3,10
OK,Snow/Ice,4,4,1
OK,Snow/Ice,5,2,41
OK,Snow/Ice,5,3,13
OK,Snow/Ice,6,2,67
OK,Snow/Ice,6,3,14
OK,Snow/Ice,6,4,2
OK,Snow/Ice,7,2,81
OK,Snow/Ice,7,3,10
OK,Snow/Ice,8,2,71
OK,Snow/Ice,8,3,16
OK,Snow/Ice,8,4,1
OK,Snow/Ice,9,2,52
OK,Snow/Ice,9,3,6
OK,Snow/Ice,9,4,1
OK,Snow/Ice,10,2,47
OK,Snow/Ice,10,3,5
OK,Snow/Ice,11,2,32
OK,Snow/Ice,11,3,2
OK,Snow/Ice,12,2,9
OK,Snow/Ice,12,3,1
OK,Snow/Ice,13,2,17
OK,Snow/Ice,13,3,4
OK,Snow/Ice,14,2,35
OK,Snow/Ice,14,3,5
OK,Snow/Ice,15,2,67
OK,Snow/Ice,15,3,5
OK,Snow/Ice,16,2,57
OK,Snow/Ice,16,3,4
OK,Snow/Ice,16,4,1
OK,Snow/Ice,17,2,42
OK,Snow/Ice,17,3,10
OK,Snow/Ice,18,2,49
OK,Snow/Ice,18,3,7
OK,Snow/Ice,19,2,38
OK,Snow/Ice,19,3,5
OK,Snow/Ice,19,4,3
OK,Snow/Ice,20,2,17
OK,Snow/Ice,20,3,2
OK,Snow/Ice,21,2,13
OK,Snow/Ice,21,3,2
OK,Snow/Ice,21,4,1
OK,Snow/Ice,22,2,11
OK,Snow/Ice,22,3,2
OK,Thunderstorm,0,2,4
OK,Thunderstorm,0,4,1
OK,Thunderstorm,1,2,3
OK,Thunderstorm,2,2,2
OK,Thunderstorm,3,2,1
OK,Thunderstorm,4,2,30
OK,Thunderstorm,4,3,6
OK,Thunderstorm,5,1,4
OK,Thunderstorm,5,2,27
OK,Thunderstorm,5,3,7
OK,Thunderstorm,6,1,12
OK,Thunderstorm,6,2,65
OK,Thunderstorm,6,3,20
OK,Thunderstorm,7,1,22
OK,Thunderstorm,7,2,90
OK,Thunderstorm,7,3,31
OK,Thunderstorm,8,1,16
OK,Thunderstorm,8,2,69
OK,Thunderstorm,8,3,16
OK,Thunderstorm,9,1,7
OK,Thunderstorm,9,2,58
OK,Thunderstorm,9,3,7
OK,Thunderstorm,9,4,2
OK,Thunderstorm,10,1,3
OK,Thunderstorm,10,2,53
OK,Thunderstorm,10,3,13
OK,Thunderstorm,11,1,4
OK,Thunderstorm,11,2,34
OK,Thunderstorm,11,3,5
OK,Thunderstorm,11,4,1
OK,Thunderstorm,12,2,33
OK,Thunderstorm,13,2,35
OK,Thunderstorm,13,3,12
OK,Thunderstorm,14,1,3
OK,Thunderstorm,14,2,33
OK,Thunderstorm,14,3,2
OK,Thunderstorm,15,1,6
OK,Thunderstorm,15,2,86
OK,Thunderstorm,15,3,8
OK,Thunderstorm,15,4,2
OK,Thunderstorm,16,1,5
OK,Thunderstorm,16,2,99
OK,Thunderstorm,16,3,8
OK,Thunderstorm,17,1,10
OK,Thunderstorm,17,2,129
OK,Thunderstorm,17,3,14
OK,Thunderstorm,18,1,8
OK,Thunderstorm,18,2,111
OK,Thunderstorm,18,3,11
OK,Thunderstorm,18,4,1
OK,Thunderstorm,19,2,41
OK,Thunderstorm,19,3,6
OK,Thunderstorm,20,2,39
OK,Thunderstorm,20,3,2
OK,Thunderstorm,21,2,49
OK,Thunderstorm,21,3,5
OK,Thunderstorm,21,4,1
OK,Thunderstorm,22,2,49
OK,Thunderstorm,22,3,2
OK,Thunderstorm,22,4,1
OK,Thunderstorm,23,2,3
OR,Clear/Fair,0,2,1150
OR,Clear/Fair,0,3,13
OR,Clear/Fair,0,4,59
OR,Clear/Fair,1,2,928
OR,Clear/Fair,1,3,20
OR,Clear/Fair,1,4,47
OR,Clear/Fair,2,1,2
OR,Clear/Fair,2,2,874
OR,Clear/Fair,2,3,16
OR,Clear/Fair,2,4,33
OR,Clear/Fair,3,1,2
OR,Clear/Fair,3,2,679
OR,Clear/Fair,3,3,23
OR,Clear/Fair,3,4,23
OR,Clear/Fair,4,1,6
OR,Clear/Fair,4,2,1148
OR,Clear/Fair,4,3,118
OR,Clear/Fair,4,4,47
OR,Clear/Fair,5,1,16
OR,Clear/Fair,5,2,1462
OR,Clear/Fair,5,3,108
OR,Clear/Fair,5,4,62
OR,Clear/Fair,6,1,10
OR,Clear/Fair,6,2,2113
OR,Clear/Fair,6,3,135
OR,Clear/Fair,6,4,56
OR,Clear/Fair,7,1,25
OR,Clear/Fair,7,2,2747
OR,Clear/Fair,7,3,157
OR,Clear/Fair,7,4,44
OR,Clear/Fair,8,1,15
OR,Clear/Fair,8,2,2673
OR,Clear/Fair,8,3,189
OR,Clear/Fair,8,4,76
OR,Clear/Fair,9,1,12
OR,Clear/Fair,9,2,2208
OR,Clear/Fair,9,3,143
OR,Clear/Fair,9,4,75
OR,Clear/Fair,10,1,11
OR,Clear/Fair,10,2,2448
OR,Clear/Fair,10,3,132
OR,Clear/Fair,10,4,86
OR,Clear/Fair,11,1,30
OR,Clear/Fair,11,2,2619
OR,Clear/Fair,11,3,154
OR,Clear/Fair,11,4,107
OR,Clear/Fair,12,1,27
OR,Clear/Fair,12,2,2913
OR,Clear/Fair,12,3,172
OR,Clear/Fair,12,4,89
OR,Clear/Fair,13,1,35
OR,Clear/Fair,13,2,3332
OR,Clear/Fair,13,3,191
OR,Clear/Fair,13,4,90
OR,Clear/Fair,14,1,32
OR,Clear/Fair,14,2,3658
OR,Clear/Fair,14,3,163
OR,Clear/Fair,14,4,97
OR,Clear/Fair,15,1,64
OR,Clear/Fair,15,2,4054
OR,Clear/Fair,15,3,225
OR,Clear/Fair,15,4,112
OR,Clear/Fair,16,1,63
OR,Clear/Fair,16,2,4185
OR,Clear/Fair,16,3,183
OR,Clear/Fair,16,4,152
OR,Clear/Fair,17,1,72
OR,Clear/Fair,17,2,3786
OR,Clear/Fair,17,3,173
OR,Clear/Fair,17,4,122
OR,Clear/Fair,18,1,68
OR,Clear/Fair,18,2,3109
OR,Clear/Fair,18,3,147
OR,Clear/Fair,18,4,111
OR,Clear/Fair,19,1,35
OR,Clear/Fair,19,2,2627
OR,Clear/Fair,19,3,105
OR,Clear/Fair,19,4,90
OR,Clear/Fair,20,1,13
OR,Clear/Fair,20,2,2128
OR,Clear/Fair,20,3,82
OR,Clear/Fair,20,4,59
OR,Clear/Fair,21,1,3
OR,Clear/Fair,21,2,1965
OR,Clear/Fair,21,3,68
OR,Clear/Fair,21,4,90
OR,Clear/Fair,22,2,1528
OR,Clear/Fair,22,3,40
OR,Clear/Fair,22,4,61
OR,Clear/Fair,23,2,1337
OR,Clear/Fair,23,3,28
OR,Clear/Fair,23,4,52
OR,Cloudy,0,1,1
OR,Cloudy,0,2,1075
OR,Cloudy,0,3,28
OR,Cloudy,0,4,42
OR,Cloudy,1,1,1
OR,Cloudy,1,2,1078
OR,Cloudy,1,3,28
OR,Cloudy,1,4,37
OR,Cloudy,2,1,1
OR,Cloudy,2,2,976
OR,Cloudy,2,3,24
OR,Cloudy,2,4,39
OR,Cloudy,3,2,960
OR,Cloudy,3,3,24
OR,Cloudy,3,4,54
OR,Cloudy,4,2,1450
OR,Cloudy,4,3,171
OR,Cloudy,4,4,56
OR,Cloudy,5,1,9
OR,Cloudy,5,2,2041
OR,Cloudy,5,3,225
OR,Cloudy,5,4,97
OR,Cloudy,6,1,14
OR,Cloudy,6,2,2825
OR,Cloudy,6,3,276
OR,Cloudy,6,4,96
OR,Cloudy,7,1,20
OR,Cloudy,7,2,4151
OR,Cloudy,7,3,409
OR,Cloudy,7,4,111
OR,Cloudy,8,1,23
OR,Cloudy,8,2,4043
OR,Cloudy,8,3,332
OR,Cloudy,8,4,131
OR,Cloudy,9,1,18
OR,Cloudy,9,2,3189
OR,Cloudy,9,3,249
OR,Cloudy,9,4,100
OR,Cloudy,10,1,15
OR,Cloudy,10,2,3160
OR,Cloudy,10,3,245
OR,Cloudy,10,4,135
OR,Cloudy,11,1,42
OR,Cloudy,11,2,3290
OR,Cloudy,11,3,304
OR,Cloudy,11,4,145
OR,Cloudy,12,1,30
OR,Cloudy,12,2,3549
OR,Cloudy,12,3,303
OR,Cloudy,12,4,139
OR,Cloudy,13,1,42
OR,Cloudy,13,2,3652
OR,Cloudy,13,3,284
OR,Cloudy,13,4,104
OR,Cloudy,14,1,59
OR,Cloudy,14,2,4124
OR,Cloudy,14,3,321
OR,Cloudy,14,4,137
OR,Cloudy,15,1,79
OR,Cloudy,15,2,4326
OR,Cloudy,15,3,322
OR,Cloudy,15,4,114
OR,Cloudy,16,1,74
OR,Cloudy,16,2,4294
OR,Cloudy,16,3,304
OR,Cloudy,16,4,113
OR,Cloudy,17,1,86
OR,Cloudy,17,2,4759
OR,Cloudy,17,3,343
OR,Cloudy,17,4,113
OR,Cloudy,18,1,88
OR,Cloudy,18,2,3584
OR,Cloudy,18,3,269
OR,Cloudy,18,4,125
OR,Cloudy,19,1,26
OR,Cloudy,19,2,2668
OR,Cloudy,19,3,160
OR,Cloudy,19,4,130
OR,Cloudy,20,1,3
OR,Cloudy,20,2,2206
OR,Cloudy,20,3,94
OR,Cloudy,20,4,101
OR,Cloudy,21,1,4
OR,Cloudy,21,2,1823
OR,Cloudy,21,3,83
OR,Cloudy,21,4,158
OR,Cloudy,22,1,1
OR,Cloudy,22,2,1528
OR,Cloudy,22,3,61
OR,Cloudy,22,4,57
OR,Cloudy,23,1,1
OR,Cloudy,23,2,1245
OR,Cloudy,23,3,33
OR,Cloudy,23,4,58
OR,Fog/Low visibility,0,2,210
OR,Fog/Low visibility,0,3,1
OR,Fog/Low visibility,0,4,14
OR,Fog/Low visibility,1,2,203
OR,Fog/Low visibility,1,3,1
OR,Fog/Low visibility,1,4,6
OR,Fog/Low visibility,2,2,184
OR,Fog/Low visibility,2,4,12
OR,Fog/Low visibility,3,2,153
OR,Fog/Low visibility,3,3,3
OR,Fog/Low visibility,3,4,6
OR,Fog/Low visibility,4,2,258
OR,Fog/Low visibility,4,3,15
OR,Fog/Low visibility,4,4,9
OR,Fog/Low visibility,5,2,341
OR,Fog/Low visibility,5,3,24
OR,Fog/Low visibility,5,4,15
OR,Fog/Low visibility,6,2,581
OR,Fog/Low visibility,6,3,46
OR,Fog/Low visibility,6,4,21
OR,Fog/Low visibility,7,2,854
OR,Fog/Low visibility,7,3,61
OR,Fog/Low visibility,7,4,30
OR,Fog/Low visibility,8,1,1
OR,Fog/Low visibility,8,2,702
OR,Fog/Low visibility,8,3,45
OR,Fog/Low visibility,8,4,16
OR,Fog/Low visibility,9,2,364
OR,Fog/Low visibility,9,3,16
OR,Fog/Low visibility,9,4,9
OR,Fog/Low visibility,10,2,293
OR,Fog/Low visibility,10,3,19
OR,Fog/Low visibility,10,4,15
OR,Fog/Low visibility,11,2,246
OR,Fog/Low visibility,11,3,14
OR,Fog/Low visibility,11,4,9
OR,Fog/Low visibility,12,2,246
OR,Fog/Low visibility,12,3,22
OR,Fog/Low visibility,12,4,7
OR,Fog/Low visibility,13,2,262
OR,Fog/Low visibility,13,3,21
OR,Fog/Low visibility,13,4,2
OR,Fog/Low visibility,14,2,234
OR,Fog/Low visibility,14,3,19
OR,Fog/Low visibility,14,4,41
OR,Fog/Low visibility,15,2,213
OR,Fog/Low visibility,15,3,29
OR,Fog/Low visibility,15,4,37
OR,Fog/Low visibility,16,2,279
OR,Fog/Low visibility,16,3,10
OR,Fog/Low visibility,16,4,30
OR,Fog/Low visibility,17,2,257
OR,Fog/Low visibility,17,3,21
OR,Fog/Low visibility,17,4,43
OR,Fog/Low visibility,18,2,286
OR,Fog/Low visibility,18,3,19
OR,Fog/Low visibility,18,4,20
OR,Fog/Low visibility,19,2,200
OR,Fog/Low visibility,19,3,8
OR,Fog/Low visibility,19,4,24
OR,Fog/Low visibility,20,2,208
OR,Fog/Low visibility,20,3,11
OR,Fog/Low visibility,20,4,5
OR,Fog/Low visibility,21,2,192
OR,Fog/Low visibility,21,3,6
OR,Fog/Low visibility,21,4,10
OR,Fog/Low visibility,22,2,219
OR,Fog/Low visibility,22,3,4
OR,Fog/Low visibility,22,4,16
OR,Fog/Low visibility,23,2,183
OR,Fog/Low visibility,23,4,14
OR,Precipitation (type unknown),0,2,4
OR,Precipitation (type unknown),1,2,1
OR,Precipitation (type unknown),2,2,1
OR,Precipitation (type unknown),3,2,10
OR,Precipitation (type unknown),4,2,2
OR,Precipitation (type unknown),5,2,2
OR,Precipitation (type unknown),6,2,4
OR,Precipitation (type unknown),6,4,4
OR,Precipitation (type unknown),7,2,6
OR,Precipitation (type unknown),8,2,13
OR,Precipitation (type unknown),9,2,2
OR,Precipitation (type unknown),10,2,3
OR,Precipitation (type unknown),11,2,9
OR,Precipitation (type unknown),11,4,1
OR,Precipitation (type unknown),12,2,7
OR,Precipitation (type unknown),12,4,1
OR,Precipitation (type unknown),13,2,12
OR,Precipitation (type unknown),14,2,5
OR,Precipitation (type unknown),15,2,2
OR,Precipitation (type unknown),15,3,1
OR,Precipitation (type unknown),16,2,17
OR,Precipitation (type unknown),17,2,10
OR,Precipitation (type unknown),17,3,1
OR,Precipitation (type unknown),18,2,6
OR,Precipitation (type unknown),19,2,6
OR,Precipitation (type unknown),20,2,10
OR,Precipitation (type unknown),20,4,1
OR,Precipitation (type unknown),21,2,18
OR,Precipitation (type unknown),22,2,2
OR,Precipitation (type unknown),23,2,5
OR,Rain,0,2,374
OR,Rain,0,3,3
OR,Rain,0,4,8
OR,Rain,1,2,335
OR,Rain,1,3,6
OR,Rain,1,4,13
OR,Rain,2,2,309
OR,Rain,2,3,10
OR,Rain,2,4,10
OR,Rain,3,2,352
OR,Rain,3,3,9
OR,Rain,3,4,28
OR,Rain,4,2,386
OR,Rain,4,3,56
OR,Rain,4,4,15
OR,Rain,5,1,3
OR,Rain,5,2,565
OR,Rain,5,3,82
OR,Rain,5,4,15
OR,Rain,6,1,3
OR,Rain,6,2,760
OR,Rain,6,3,83
OR,Rain,6,4,28
OR,Rain,7,1,4
OR,Rain,7,2,1009
OR,Rain,7,3,99
OR,Rain,7,4,36
OR,Rain,8,1,8
OR,Rain,8,2,930
OR,Rain,8,3,89
OR,Rain,8,4,22
OR,Rain,9,1,3
OR,Rain,9,2,797
OR,Rain,9,3,63
OR,Rain,9,4,20
OR,Rain,10,1,9
OR,Rain,10,2,828
OR,Rain,10,3,85
OR,Rain,10,4,33
OR,Rain,11,1,13
OR,Rain,11,2,830
OR,Rain,11,3,73
OR,Rain,11,4,26
OR,Rain,12,1,9
OR,Rain,12,2,969
OR,Rain,12,3,72
OR,Rain,12,4,28
OR,Rain,13,1,12
OR,Rain,13,2,1088
OR,Rain,13,3,81
OR,Rain,13,4,14
OR,Rain,14,1,18
OR,Rain,14,2,1136
OR,Rain,14,3,65
OR,Rain,14,4,22
OR,Rain,15,1,12
OR,Rain,15,2,1109
OR,Rain,15,3,81
OR,Rain,15,4,21
OR,Rain,16,1,11
OR,Rain,16,2,1120
OR,Rain,16,3,62
OR,Rain,16,4,22
OR,Rain,17,1,11
OR,Rain,17,2,1059
OR,Rain,17,3,70
OR,Rain,17,4,21
OR,Rain,18,1,13
OR,Rain,18,2,1023
OR,Rain,18,3,60
OR,Rain,18,4,27
OR,Rain,19,1,6
OR,Rain,19,2,778
OR,Rain,19,3,45
OR,Rain,19,4,26
OR,Rain,20,2,602
OR,Rain,20,3,18
OR,Rain,20,4,18
OR,Rain,21,1,3
OR,Rain,21,2,577
OR,Rain,21,3,16
OR,Rain,21,4,32
OR,Rain,22,2,519
OR,Rain,22,3,18
OR,Rain,22,4,14
OR,Rain,23,2,419
OR,Rain,23,3,20
OR,Rain,23,4,13
OR,Severe wind,15,2,1
OR,Severe wind,19,2,4
OR,Snow/Ice,0,2,271
OR,Snow/Ice,0,3,3
OR,Snow/Ice,0,4,3
OR,Snow/Ice,1,2,208
OR,Snow/Ice,1,3,6
OR,Snow/Ice,1,4,3
OR,Snow/Ice,2,2,217
OR,Snow/Ice,2,3,3
OR,Snow/Ice,2,4,7
OR,Snow/Ice,3,2,258
OR,Snow/Ice,3,3,3
OR,Snow/Ice,3,4,8
OR,Snow/Ice,4,2,274
OR,Snow/Ice,4,3,16
OR,Snow/Ice,4,4,4
OR,Snow/Ice,5,2,381
OR,Snow/Ice,5,3,26
OR,Snow/Ice,5,4,11
OR,Snow/Ice,6,2,430
OR,Snow/Ice,6,3,22
OR,Snow/Ice,6,4,24
OR,Snow/Ice,7,2,542
OR,Snow/Ice,7,3,24
OR,Snow/Ice,7,4,15
OR,Snow/Ice,8,2,534
OR,Snow/Ice,8,3,32
OR,Snow/Ice,8,4,10
OR,Snow/Ice,9,2,425
OR,Snow/Ice,9,3,15
OR,Snow/Ice,9,4,50
OR,Snow/Ice,10,2,330
OR,Snow/Ice,10,3,13
OR,Snow/Ice,10,4,12
OR,Snow/Ice,11,2,265
OR,Snow/Ice,11,3,12
OR,Snow/Ice,11,4,7
OR,Snow/Ice,12,2,293
OR,Snow/Ice,12,3,8
OR,Snow/Ice,12,4,20
OR,Snow/Ice,13,2,272
OR,Snow/Ice,13,3,3
OR,Snow/Ice,13,4,8
OR,Snow/Ice,14,2,313
OR,Snow/Ice,14,3,4
OR,Snow/Ice,14,4,12
OR,Snow/Ice,15,2,381
OR,Snow/Ice,15,3,13
OR,Snow/Ice,15,4,7
OR,Snow/Ice,16,2,429
OR,Snow/Ice,16,3,6
OR,Snow/Ice,16,4,14
OR,Snow/Ice,17,2,488
OR,Snow/Ice,17,3,12
OR,Snow/Ice,17,4,16
OR,Snow/Ice,18,2,424
OR,Snow/Ice,18,3,14
OR,Snow/Ice,18,4,10
OR,Snow/Ice,19,2,522
OR,Snow/Ice,19,3,10
OR,Snow/Ice,19,4,20
OR,Snow/Ice,20,2,367
OR,Snow/Ice,20,3,7
OR,Snow/Ice,20,4,15
OR,Snow/Ice,21,2,391
OR,Snow/Ice,21,3,4
OR,Snow/Ice,21,4,13
OR,Snow/Ice,22,2,288
OR,Snow/Ice,22,3,5
OR,Snow/Ice,22,4,2
OR,Snow/Ice,23,2,288
OR,Snow/Ice,23,4,5
OR,Thunderstorm,1,4,4
OR,Thunderstorm,4,2,1
OR,Thunderstorm,4,3,1
OR,Thunderstorm,5,2,1
OR,Thunderstorm,7,2,3
OR,Thunderstorm,8,2,2
OR,Thunderstorm,9,2,2
OR,Thunderstorm,10,2,4
OR,Thunderstorm,11,2,3
OR,Thunderstorm,12,2,3
OR,Thunderstorm,13,2,15
OR,Thunderstorm,13,3,1
OR,Thunderstorm,14,2,22
OR,Thunderstorm,14,3,2
OR,Thunderstorm,15,1,2
OR,Thunderstorm,15,2,22
OR,Thunderstorm,15,3,3
OR,Thunderstorm,16,2,30
OR,Thunderstorm,16,3,1
OR,Thunderstorm,16,4,3
OR,Thunderstorm,17,2,32
OR,Thunderstorm,17,3,3
OR,Thunderstorm,17,4,1
OR,Thunderstorm,18,2,26
OR,Thunderstorm,18,3,4
OR,Thunderstorm,19,2,18
OR,Thunderstorm,19,4,2
OR,Thunderstorm,20,2,2
OR,Thunderstorm,21,2,10
PA,Clear/Fair,0,2,1722
PA,Clear/Fair,0,3,14
PA,Clear/Fair,0,4,274
PA,Clear/Fair,1,2,1401
PA,Clear/Fair,1,3,14
PA,Clear/Fair,1,4,192
PA,Clear/Fair,2,1,2
PA,Clear/Fair,2,2,1353
PA,Clear/Fair,2,3,13
PA,Clear/Fair,2,4,236
PA,Clear/Fair,3,2,1018
PA,Clear/Fair,3,3,9
PA,Clear/Fair,3,4,165
PA,Clear/Fair,4,1,63
PA,Clear/Fair,4,2,2043
PA,Clear/Fair,4,3,274
PA,Clear/Fair,4,4,172
PA,Clear/Fair,5,1,60
PA,Clear/Fair,5,2,3020
PA,Clear/Fair,5,3,203
PA,Clear/Fair,5,4,224
PA,Clear/Fair,6,1,156
PA,Clear/Fair,6,2,5974
PA,Clear/Fair,6,3,560
PA,Clear/Fair,6,4,246
PA,Clear/Fair,7,1,206
PA,Clear/Fair,7,2,9184
PA,Clear/Fair,7,3,846
PA,Clear/Fair,7,4,215
PA,Clear/Fair,8,1,195
PA,Clear/Fair,8,2,9403
PA,Clear/Fair,8,3,846
PA,Clear/Fair,8,4,231
PA,Clear/Fair,9,1,18
PA,Clear/Fair,9,2,4384
PA,Clear/Fair,9,3,411
PA,Clear/Fair,9,4,284
PA,Clear/Fair,10,1,14
PA,Clear/Fair,10,2,4375
PA,Clear/Fair,10,3,489
PA,Clear/Fair,10,4,229
PA,Clear/Fair,11,1,25
PA,Clear/Fair,11,2,4820
PA,Clear/Fair,11,3,455
PA,Clear/Fair,11,4,237
PA,Clear/Fair,12,1,6
PA,Clear/Fair,12,2,4200
PA,Clear/Fair,12,3,431
PA,Clear/Fair,12,4,273
PA,Clear/Fair,13,1,17
PA,Clear/Fair,13,2,4366
PA,Clear/Fair,13,3,450
PA,Clear/Fair,13,4,209
PA,Clear/Fair,14,1,4
PA,Clear/Fair,14,2,5035
PA,Clear/Fair,14,3,557
PA,Clear/Fair,14,4,205
PA,Clear/Fair,15,1,5
PA,Clear/Fair,15,2,6192
PA,Clear/Fair,15,3,615
PA,Clear/Fair,15,4,326
PA,Clear/Fair,16,1,6
PA,Clear/Fair,16,2,6887
PA,Clear/Fair,16,3,803
PA,Clear/Fair,16,4,312
PA,Clear/Fair,17,1,10
PA,Clear/Fair,17,2,7294
PA,Clear/Fair,17,3,850
PA,Clear/Fair,17,4,338
PA,Clear/Fair,18,1,10
PA,Clear/Fair,18,2,5058
PA,Clear/Fair,18,3,644
PA,Clear/Fair,18,4,302
PA,Clear/Fair,19,1,3
PA,Clear/Fair,19,2,4052
PA,Clear/Fair,19,3,476
PA,Clear/Fair,19,4,264
PA,Clear/Fair,20,1,2
PA,Clear/Fair,20,2,3413
PA,Clear/Fair,20,3,317
PA,Clear/Fair,20,4,286
PA,Clear/Fair,21,1,3
PA,Clear/Fair,21,2,2954
PA,Clear/Fair,21,3,317
PA,Clear/Fair,21,4,326
PA,Clear/Fair,22,1,1
PA,Clear/Fair,22,2,2814
PA,Clear/Fair,22,3,274
PA,Clear/Fair,22,4,298
PA,Clear/Fair,23,2,2112
PA,Clear/Fair,23,3,29
PA,Clear/Fair,23,4,319
PA,Cloudy,0,2,1509
PA,Cloudy,0,3,29
PA,Cloudy,0,4,298
PA,Cloudy,1,2,1468
PA,Cloudy,1,3,13
PA,Cloudy,1,4,194
PA,Cloudy,2,2,1233
PA,Cloudy,2,3,18
PA,Cloudy,2,4,184
PA,Cloudy,3,2,1068
PA,Cloudy,3,3,21
PA,Cloudy,3,4,186
PA,Cloudy,4,1,51
PA,Cloudy,4,2,2017
PA,Cloudy,4,3,341
PA,Cloudy,4,4,185
PA,Cloudy,5,1,69
PA,Cloudy,5,2,2818
PA,Cloudy,5,3,353
PA,Cloudy,5,4,219
PA,Cloudy,6,1,95
PA,Cloudy,6,2,5007
PA,Cloudy,6,3,757
PA,Cloudy,6,4,212
PA,Cloudy,7,1,145
PA,Cloudy,7,2,7847
PA,Cloudy,7,3,1129
PA,Cloudy,7,4,274
PA,Cloudy,8,1,154
PA,Cloudy,8,2,7754
PA,Cloudy,8,3,970
PA,Cloudy,8,4,282
PA,Cloudy,9,1,25
PA,Cloudy,9,2,3722
PA,Cloudy,9,3,648
PA,Cloudy,9,4,297
PA,Cloudy,10,1,19
PA,Cloudy,10,2,4538
PA,Cloudy,10,3,736
PA,Cloudy,10,4,295
PA,Cloudy,11,1,16
PA,Cloudy,11,2,5152
PA,Cloudy,11,3,750
PA,Cloudy,11,4,278
PA,Cloudy,12,1,4
PA,Cloudy,12,2,4893
PA,Cloudy,12,3,776
PA,Cloudy,12,4,313
PA,Cloudy,13,1,14
PA,Cloudy,13,2,5239
PA,Cloudy,13,3,993
PA,Cloudy,13,4,293
PA,Cloudy,14,1,20
PA,Cloudy,14,2,6209
PA,Cloudy,14,3,1091
PA,Cloudy,14,4,409
PA,Cloudy,15,1,13
PA,Cloudy,15,2,6626
PA,Cloudy,15,3,1113
PA,Cloudy,15,4,386
PA,Cloudy,16,1,11
PA,Cloudy,16,2,7179
PA,Cloudy,16,3,1257
PA,Cloudy,16,4,390
PA,Cloudy,17,1,14
PA,Cloudy,17,2,6438
PA,Cloudy,17,3,1196
PA,Cloudy,17,4,303
PA,Cloudy,18,1,10
PA,Cloudy,18,2,4238
PA,Cloudy,18,3,865
PA,Cloudy,18,4,269
PA,Cloudy,19,1,3
PA,Cloudy,19,2,3053
PA,Cloudy,19,3,599
PA,Cloudy,19,4,234
PA,Cloudy,20,1,2
PA,Cloudy,20,2,2541
PA,Cloudy,20,3,454
PA,Cloudy,20,4,211
PA,Cloudy,21,1,3
PA,Cloudy,21,2,2227
PA,Cloudy,21,3,326
PA,Cloudy,21,4,205
PA,Cloudy,22,2,2115
PA,Cloudy,22,3,332
PA,Cloudy,22,4,265
PA,Cloudy,23,2,1599
PA,Cloudy,23,3,27
PA,Cloudy,23,4,247
PA,Fog/Low visibility,0,2,106
PA,Fog/Low visibility,0,4,10
PA,Fog/Low visibility,1,2,157
PA,Fog/Low visibility,1,3,1
PA,Fog/Low visibility,1,4,22
PA,Fog/Low visibility,2,2,148
PA,Fog/Low visibility,2,3,2
PA,Fog/Low visibility,2,4,11
PA,Fog/Low visibility,3,2,119
PA,Fog/Low visibility,3,3,3
PA,Fog/Low visibility,3,4,14
PA,Fog/Low visibility,4,1,5
PA,Fog/Low visibility,4,2,239
PA,Fog/Low visibility,4,3,24
PA,Fog/Low visibility,4,4,5
PA,Fog/Low visibility,5,1,7
PA,Fog/Low visibility,5,2,472
PA,Fog/Low visibility,5,3,34
PA,Fog/Low visibility,5,4,31
PA,Fog/Low visibility,6,1,13
PA,Fog/Low visibility,6,2,744
PA,Fog/Low visibility,6,3,58
PA,Fog/Low visibility,6,4,26
PA,Fog/Low visibility,7,1,18
PA,Fog/Low visibility,7,2,1221
PA,Fog/Low visibility,7,3,88
PA,Fog/Low visibility,7,4,52
PA,Fog/Low visibility,8,1,4
PA,Fog/Low visibility,8,2,982
PA,Fog/Low visibility,8,3,97
PA,Fog/Low visibility,8,4,46
PA,Fog/Low visibility,9,1,2
PA,Fog/Low visibility,9,2,325
PA,Fog/Low visibility,9,3,51
PA,Fog/Low visibility,9,4,14
PA,Fog/Low visibility,10,1,1
PA,Fog/Low visibility,10,2,250
PA,Fog/Low visibility,10,3,25
PA,Fog/Low visibility,10,4,16
PA,Fog/Low visibility,11,2,209
PA,Fog/Low visibility,11,3,26
PA,Fog/Low visibility,11,4,11
PA,Fog/Low visibility,12,2,171
PA,Fog/Low visibility,12,3,31
PA,Fog/Low visibility,12,4,10
PA,Fog/Low visibility,13,2,123
PA,Fog/Low visibility,13,3,21
PA,Fog/Low visibility,13,4,6
PA,Fog/Low visibility,14,1,1
PA,Fog/Low visibility,14,2,168
PA,Fog/Low visibility,14,3,18
PA,Fog/Low visibility,14,4,12
PA,Fog/Low visibility,15,2,168
PA,Fog/Low visibility,15,3,17
PA,Fog/Low visibility,15,4,14
PA,Fog/Low visibility,16,2,210
PA,Fog/Low visibility,16,3,19
PA,Fog/Low visibility,16,4,12
PA,Fog/Low visibility,17,2,222
PA,Fog/Low visibility,17,3,22
PA,Fog/Low visibility,17,4,8
PA,Fog/Low visibility,18,2,127
PA,Fog/Low visibility,18,3,13
PA,Fog/Low visibility,18,4,7
PA,Fog/Low visibility,19,2,100
PA,Fog/Low visibility,19,3,6
PA,Fog/Low visibility,19,4,11
PA,Fog/Low visibility,20,2,112
PA,Fog/Low visibility,20,3,9
PA,Fog/Low visibility,20,4,3
PA,Fog/Low visibility,21,2,119
PA,Fog/Low visibility,21,3,5
PA,Fog/Low visibility,21,4,12
PA,Fog/Low visibility,22,2,94
PA,Fog/Low visibility,22,3,13
PA,Fog/Low visibility,22,4,5
PA,Fog/Low visibility,23,2,176
PA,Fog/Low visibility,23,4,20
PA,Precipitation (type unknown),0,2,14
PA,Precipitation (type unknown),0,4,4
PA,Precipitation (type unknown),1,2,3
PA,Precipitation (type unknown),2,2,10
PA,Precipitation (type unknown),3,2,9
PA,Precipitation (type unknown),4,2,10
PA,Precipitation (type unknown),4,4,3
PA,Precipitation (type unknown),5,2,11
PA,Precipitation (type unknown),6,2,9
PA,Precipitation (type unknown),7,2,19
PA,Precipitation (type unknown),7,3,2
PA,Precipitation (type unknown),7,4,2
PA,Precipitation (type unknown),8,2,13
PA,Precipitation (type unknown),8,3,6
PA,Precipitation (type unknown),9,2,10
PA,Precipitation (type unknown),10,2,7
PA,Precipitation (type unknown),10,3,2
PA,Precipitation (type unknown),10,4,3
PA,Precipitation (type unknown),11,2,10
PA,Precipitation (type unknown),11,3,1
PA,Precipitation (type unknown),12,2,14
PA,Precipitation (type unknown),12,3,2
PA,Precipitation (type unknown),12,4,3
PA,Precipitation (type unknown),13,2,9
PA,Precipitation (type unknown),13,3,2
PA,Precipitation (type unknown),14,2,2
PA,Precipitation (type unknown),15,2,11
PA,Precipitation (type unknown),15,3,2
PA,Precipitation (type unknown),16,2,14
PA,Precipitation (type unknown),16,4,1
PA,Precipitation (type unknown),17,2,9
PA,Precipitation (type unknown),18,2,15
PA,Precipitation (type unknown),18,3,1
PA,Precipitation (type unknown),18,4,2
PA,Precipitation (type unknown),19,2,3
PA,Precipitation (type unknown),19,3,2
PA,Precipitation (type unknown),20,2,15
PA,Precipitation (type unknown),20,3,1
PA,Precipitation (type unknown),21,2,17
PA,Precipitation (type unknown),21,3,1
PA,Precipitation (type unknown),22,2,11
PA,Precipitation (type unknown),22,3,1
PA,Precipitation (type unknown),22,4,1
PA,Precipitation (type unknown),23,2,25
PA,Precipitation (type unknown),23,4,1
PA,Rain,0,2,306
PA,Rain,0,4,46
PA,Rain,1,2,314
PA,Rain,1,3,1
PA,Rain,1,4,46
PA,Rain,2,2,263
PA,Rain,2,3,5
PA,Rain,2,4,44
PA,Rain,3,2,189
PA,Rain,3,4,30
PA,Rain,4,1,20
PA,Rain,4,2,395
PA,Rain,4,3,125
PA,Rain,4,4,37
PA,Rain,5,1,11
PA,Rain,5,2,629
PA,Rain,5,3,108
PA,Rain,5,4,57
PA,Rain,6,1,42
PA,Rain,6,2,1137
PA,Rain,6,3,179
PA,Rain,6,4,39
PA,Rain,7,1,9
PA,Rain,7,2,1684
PA,Rain,7,3,272
PA,Rain,7,4,68
PA,Rain,8,1,19
PA,Rain,8,2,1480
PA,Rain,8,3,241
PA,Rain,8,4,44
PA,Rain,9,1,1
PA,Rain,9,2,772
PA,Rain,9,3,159
PA,Rain,9,4,75
PA,Rain,10,1,2
PA,Rain,10,2,795
PA,Rain,10,3,219
PA,Rain,10,4,66
PA,Rain,11,2,912
PA,Rain,11,3,171
PA,Rain,11,4,53
PA,Rain,12,1,2
PA,Rain,12,2,802
PA,Rain,12,3,159
PA,Rain,12,4,72
PA,Rain,13,1,6
PA,Rain,13,2,1011
PA,Rain,13,3,194
PA,Rain,13,4,77
PA,Rain,14,1,3
PA,Rain,14,2,1084
PA,Rain,14,3,233
PA,Rain,14,4,61
PA,Rain,15,1,4
PA,Rain,15,2,1188
PA,Rain,15,3,230
PA,Rain,15,4,70
PA,Rain,16,1,7
PA,Rain,16,2,1271
PA,Rain,16,3,252
PA,Rain,16,4,78
PA,Rain,17,1,3
PA,Rain,17,2,1131
PA,Rain,17,3,223
PA,Rain,17,4,44
PA,Rain,18,1,2
PA,Rain,18,2,783
PA,Rain,18,3,186
PA,Rain,18,4,31
PA,Rain,19,2,605
PA,Rain,19,3,147
PA,Rain,19,4,43
PA,Rain,20,2,579
PA,Rain,20,3,122
PA,Rain,20,4,50
PA,Rain,21,1,1
PA,Rain,21,2,482
PA,Rain,21,3,122
PA,Rain,21,4,47
PA,Rain,22,2,416
PA,Rain,22,3,110
PA,Rain,22,4,45
PA,Rain,23,2,340
PA,Rain,23,3,11
PA,Rain,23,4,37
PA,Snow/Ice,0,2,327
PA,Snow/Ice,0,3,1
PA,Snow/Ice,0,4,44
PA,Snow/Ice,1,2,255
PA,Snow/Ice,1,3,1
PA,Snow/Ice,1,4,31
PA,Snow/Ice,2,2,201
PA,Snow/Ice,2,3,2
PA,Snow/Ice,2,4,28
PA,Snow/Ice,3,2,169
PA,Snow/Ice,3,3,4
PA,Snow/Ice,3,4,14
PA,Snow/Ice,4,2,230
PA,Snow/Ice,4,3,51
PA,Snow/Ice,4,4,32
PA,Snow/Ice,5,2,422
PA,Snow/Ice,5,3,46
PA,Snow/Ice,5,4,53
PA,Snow/Ice,6,2,590
PA,Snow/Ice,6,3,69
PA,Snow/Ice,6,4,22
PA,Snow/Ice,7,2,906
PA,Snow/Ice,7,3,121
PA,Snow/Ice,7,4,47
PA,Snow/Ice,8,2,1016
PA,Snow/Ice,8,3,119
PA,Snow/Ice,8,4,60
PA,Snow/Ice,9,2,605
PA,Snow/Ice,9,3,79
PA,Snow/Ice,9,4,71
PA,Snow/Ice,10,2,608
PA,Snow/Ice,10,3,97
PA,Snow/Ice,10,4,39
PA,Snow/Ice,11,2,625
PA,Snow/Ice,11,3,91
PA,Snow/Ice,11,4,48
PA,Snow/Ice,12,2,544
PA,Snow/Ice,12,3,69
PA,Snow/Ice,12,4,58
PA,Snow/Ice,13,2,505
PA,Snow/Ice,13,3,67
PA,Snow/Ice,13,4,31
PA,Snow/Ice,14,1,1
PA,Snow/Ice,14,2,532
PA,Snow/Ice,14,3,79
PA,Snow/Ice,14,4,39
PA,Snow/Ice,15,1,1
PA,Snow/Ice,15,2,510
PA,Snow/Ice,15,3,85
PA,Snow/Ice,15,4,57
PA,Snow/Ice,16,2,444
PA,Snow/Ice,16,3,68
PA,Snow/Ice,16,4,42
PA,Snow/Ice,17,2,533
PA,Snow/Ice,17,3,79
PA,Snow/Ice,17,4,37
PA,Snow/Ice,18,2,411
PA,Snow/Ice,18,3,53
PA,Snow/Ice,18,4,27
PA,Snow/Ice,19,2,274
PA,Snow/Ice,19,3,53
PA,Snow/Ice,19,4,53
PA,Snow/Ice,20,2,375
PA,Snow/Ice,20,3,24
PA,Snow/Ice,20,4,30
PA,Snow/Ice,21,2,325
PA,Snow/Ice,21,3,39
PA,Snow/Ice,21,4,18
PA,Snow/Ice,22,1,1
PA,Snow/Ice,22,2,365
PA,Snow/Ice,22,3,30
PA,Snow/Ice,22,4,28
PA,Snow/Ice,23,2,363
PA,Snow/Ice,23,3,2
PA,Snow/Ice,23,4,41
PA,Thunderstorm,0,2,7
PA,Thunderstorm,0,4,1
PA,Thunderstorm,1,2,16
PA,Thunderstorm,1,4,8
PA,Thunderstorm,2,2,6
PA,Thunderstorm,3,2,2
PA,Thunderstorm,3,4,1
PA,Thunderstorm,4,2,21
PA,Thunderstorm,4,3,8
PA,Thunderstorm,4,4,2
PA,Thunderstorm,5,2,8
PA,Thunderstorm,5,3,3
PA,Thunderstorm,5,4,1
PA,Thunderstorm,6,1,3
PA,Thunderstorm,6,2,23
PA,Thunderstorm,6,3,7
PA,Thunderstorm,6,4,4
PA,Thunderstorm,7,1,1
PA,Thunderstorm,7,2,49
PA,Thunderstorm,7,3,7
PA,Thunderstorm,7,4,2
PA,Thunderstorm,8,1,2
PA,Thunderstorm,8,2,26
PA,Thunderstorm,8,3,7
PA,Thunderstorm,8,4,4
PA,Thunderstorm,9,2,6
PA,Thunderstorm,9,3,4
PA,Thunderstorm,9,4,1
PA,Thunderstorm,10,2,6
PA,Thunderstorm,10,3,3
PA,Thunderstorm,11,2,15
PA,Thunderstorm,11,3,4
PA,Thunderstorm,11,4,1
PA,Thunderstorm,12,2,42
PA,Thunderstorm,12,3,5
PA,Thunderstorm,12,4,2
PA,Thunderstorm,13,2,61
PA,Thunderstorm,13,3,22
PA,Thunderstorm,13,4,4
PA,Thunderstorm,14,1,1
PA,Thunderstorm,14,2,110
PA,Thunderstorm,14,3,32
PA,Thunderstorm,14,4,7
PA,Thunderstorm,15,1,1
PA,Thunderstorm,15,2,152
PA,Thunderstorm,15,3,32
PA,Thunderstorm,15,4,9
PA,Thunderstorm,16,2,207
PA,Thunderstorm,16,3,47
PA,Thunderstorm,16,4,14
PA,Thunderstorm,17,2,174
PA,Thunderstorm,17,3,37
PA,Thunderstorm,17,4,10
PA,Thunderstorm,18,2,81
PA,Thunderstorm,18,3,34
PA,Thunderstorm,18,4,7
PA,Thunderstorm,19,2,87
PA,Thunderstorm,19,3,32
PA,Thunderstorm,19,4,4
PA,Thunderstorm,20,2,55
PA,Thunderstorm,20,3,21
PA,Thunderstorm,20,4,9
PA,Thunderstorm,21,1,1
PA,Thunderstorm,21,2,30
PA,Thunderstorm,21,3,12
PA,Thunderstorm,21,4,2
PA,Thunderstorm,22,2,25
PA,Thunderstorm,22,3,4
PA,Thunderstorm,22,4,7
PA,Thunderstorm,23,2,15
PA,Thunderstorm,23,4,1
RI,Clear/Fair,0,2,28
RI,Clear/Fair,0,3,7
RI,Clear/Fair,0,4,4
RI,Clear/Fair,1,2,18
RI,Clear/Fair,1,3,2
RI,Clear/Fair,1,4,1
RI,Clear/Fair,2,2,19
RI,Clear/Fair,2,3,2
RI,Clear/Fair,2,4,2
RI,Clear/Fair,3,2,10
RI,Clear/Fair,3,3,1
RI,Clear/Fair,3,4,1
RI,Clear/Fair,4,1,1
RI,Clear/Fair,4,2,28
RI,Clear/Fair,4,3,21
RI,Clear/Fair,5,1,1
RI,Clear/Fair,5,2,30
RI,Clear/Fair,5,3,29
RI,Clear/Fair,5,4,1
RI,Clear/Fair,6,1,5
RI,Clear/Fair,6,2,88
RI,Clear/Fair,6,3,73
RI,Clear/Fair,7,1,7
RI,Clear/Fair,7,2,269
RI,Clear/Fair,7,3,140
RI,Clear/Fair,7,4,3
RI,Clear/Fair,8,1,18
RI,Clear/Fair,8,2,302
RI,Clear/Fair,8,3,195
RI,Clear/Fair,8,4,2
RI,Clear/Fair,9,1,5
RI,Clear/Fair,9,2,201
RI,Clear/Fair,9,3,113
RI,Clear/Fair,9,4,4
RI,Clear/Fair,10,1,9
RI,Clear/Fair,10,2,143
RI,Clear/Fair,10,3,68
RI,Clear/Fair,11,1,3
RI,Clear/Fair,11,2,104
RI,Clear/Fair,11,3,87
RI,Clear/Fair,11,4,2
RI,Clear/Fair,12,1,4
RI,Clear/Fair,12,2,77
RI,Clear/Fair,12,3,70
RI,Clear/Fair,12,4,1
RI,Clear/Fair,13,2,113
RI,Clear/Fair,13,3,91
RI,Clear/Fair,13,4,4
RI,Clear/Fair,14,1,2
RI,Clear/Fair,14,2,120
RI,Clear/Fair,14,3,103
RI,Clear/Fair,14,4,3
RI,Clear/Fair,15,1,1
RI,Clear/Fair,15,2,122
RI,Clear/Fair,15,3,118
RI,Clear/Fair,16,2,211
RI,Clear/Fair,16,3,184
RI,Clear/Fair,16,4,3
RI,Clear/Fair,17,1,5
RI,Clear/Fair,17,2,198
RI,Clear/Fair,17,3,189
RI,Clear/Fair,18,1,5
RI,Clear/Fair,18,2,178
RI,Clear/Fair,18,3,136
RI,Clear/Fair,18,4,1
RI,Clear/Fair,19,2,99
RI,Clear/Fair,19,3,76
RI,Clear/Fair,20,2,62
RI,Clear/Fair,20,3,55
RI,Clear/Fair,21,2,42
RI,Clear/Fair,21,3,58
RI,Clear/Fair,22,2,38
RI,Clear/Fair,22,3,41
RI,Clear/Fair,22,4,1
RI,Clear/Fair,23,2,20
RI,Clear/Fair,23,3,5
RI,Cloudy,0,2,17
RI,Cloudy,0,3,5
RI,Cloudy,0,4,1
RI,Cloudy,1,2,17
RI,Cloudy,1,3,5
RI,Cloudy,2,2,17
RI,Cloudy,2,3,4
RI,Cloudy,3,2,5
RI,Cloudy,3,3,2
RI,Cloudy,4,1,4
RI,Cloudy,4,2,31
RI,Cloudy,4,3,22
RI,Cloudy,5,1,2
RI,Cloudy,5,2,57
RI,Cloudy,5,3,39
RI,Cloudy,6,2,133
RI,Cloudy,6,3,112
RI,Cloudy,7,1,10
RI,Cloudy,7,2,325
RI,Cloudy,7,3,326
RI,Cloudy,7,4,1
RI,Cloudy,8,1,17
RI,Cloudy,8,2,444
RI,Cloudy,8,3,407
RI,Cloudy,8,4,6
RI,Cloudy,9,1,8
RI,Cloudy,9,2,282
RI,Cloudy,9,3,205
RI,Cloudy,9,4,5
RI,Cloudy,10,1,10
RI,Cloudy,10,2,248
RI,Cloudy,10,3,133
RI,Cloudy,10,4,3
RI,Cloudy,11,1,9
RI,Cloudy,11,2,202
RI,Cloudy,11,3,164
RI,Cloudy,11,4,6
RI,Cloudy,12,1,2
RI,Cloudy,12,2,179
RI,Cloudy,12,3,182
RI,Cloudy,12,4,8
RI,Cloudy,13,1,1
RI,Cloudy,13,2,165
RI,Cloudy,13,3,221
RI,Cloudy,13,4,6
RI,Cloudy,14,1,2
RI,Cloudy,14,2,300
RI,Cloudy,14,3,305
RI,Cloudy,14,4,4
RI,Cloudy,15,1,8
RI,Cloudy,15,2,370
RI,Cloudy,15,3,414
RI,Cloudy,15,4,3
RI,Cloudy,16,1,7
RI,Cloudy,16,2,580
RI,Cloudy,16,3,588
RI,Cloudy,17,1,6
RI,Cloudy,17,2,512
RI,Cloudy,17,3,572
RI,Cloudy,17,4,1
RI,Cloudy,18,1,3
RI,Cloudy,18,2,280
RI,Cloudy,18,3,241
RI,Cloudy,18,4,2
RI,Cloudy,19,2,135
RI,Cloudy,19,3,113
RI,Cloudy,19,4,1
RI,Cloudy,20,2,77
RI,Cloudy,20,3,63
RI,Cloudy,20,4,5
RI,Cloudy,21,2,57
RI,Cloudy,21,3,70
RI,Cloudy,21,4,2
RI,Cloudy,22,2,57
RI,Cloudy,22,3,68
RI,Cloudy,23,2,24
RI,Cloudy,23,3,5
RI,Cloudy,23,4,2
RI,Fog/Low visibility,0,3,1
RI,Fog/Low visibility,2,2,1
RI,Fog/Low visibility,4,2,1
RI,Fog/Low visibility,4,3,4
RI,Fog/Low visibility,5,2,3
RI,Fog/Low visibility,5,3,4
RI,Fog/Low visibility,6,2,14
RI,Fog/Low visibility,6,3,8
RI,Fog/Low visibility,7,1,1
RI,Fog/Low visibility,7,2,35
RI,Fog/Low visibility,7,3,38
RI,Fog/Low visibility,8,2,22
RI,Fog/Low visibility,8,3,34
RI,Fog/Low visibility,9,2,12
RI,Fog/Low visibility,9,3,10
RI,Fog/Low visibility,10,2,9
RI,Fog/Low visibility,10,3,7
RI,Fog/Low visibility,11,2,4
RI,Fog/Low visibility,11,3,3
RI,Fog/Low visibility,12,2,1
RI,Fog/Low visibility,12,3,3
RI,Fog/Low visibility,13,2,3
RI,Fog/Low visibility,13,3,4
RI,Fog/Low visibility,13,4,1
RI,Fog/Low visibility,14,2,4
RI,Fog/Low visibility,14,3,4
RI,Fog/Low visibility,15,2,6
RI,Fog/Low visibility,15,3,5
RI,Fog/Low visibility,16,2,3
RI,Fog/Low visibility,16,3,3
RI,Fog/Low visibility,17,2,8
RI,Fog/Low visibility,17,3,6
RI,Fog/Low visibility,18,2,9
RI,Fog/Low visibility,18,3,2
RI,Fog/Low visibility,19,2,4
RI,Fog/Low visibility,19,3,3
RI,Fog/Low visibility,20,2,2
RI,Fog/Low visibility,20,3,2
RI,Fog/Low visibility,21,2,1
RI,Fog/Low visibility,21,3,1
RI,Fog/Low visibility,22,2,1
RI,Fog/Low visibility,22,3,5
RI,Fog/Low visibility,23,2,1
RI,Precipitation (type unknown),4,2,1
RI,Precipitation (type unknown),15,2,1
RI,Precipitation (type unknown),17,2,1
RI,Rain,0,2,3
RI,Rain,0,4,1
RI,Rain,1,2,5
RI,Rain,2,2,4
RI,Rain,3,3,2
RI,Rain,4,2,9
RI,Rain,4,3,7
RI,Rain,4,4,1
RI,Rain,5,1,1
RI,Rain,5,2,24
RI,Rain,5,3,23
RI,Rain,6,1,1
RI,Rain,6,2,46
RI,Rain,6,3,37
RI,Rain,6,4,1
RI,Rain,7,1,1
RI,Rain,7,2,89
RI,Rain,7,3,76
RI,Rain,7,4,1
RI,Rain,8,1,5
RI,Rain,8,2,94
RI,Rain,8,3,74
RI,Rain,9,1,3
RI,Rain,9,2,69
RI,Rain,9,3,68
RI,Rain,9,4,2
RI,Rain,10,1,1
RI,Rain,10,2,61
RI,Rain,10,3,45
RI,Rain,11,2,44
RI,Rain,11,3,30
RI,Rain,12,1,3
RI,Rain,12,2,41
RI,Rain,12,3,31
RI,Rain,12,4,2
RI,Rain,13,2,61
RI,Rain,13,3,56
RI,Rain,13,4,4
RI,Rain,14,1,2
RI,Rain,14,2,58
RI,Rain,14,3,68
RI,Rain,14,4,1
RI,Rain,15,1,1
RI,Rain,15,2,67
RI,Rain,15,3,87
RI,Rain,15,4,2
RI,Rain,16,1,1
RI,Rain,16,2,117
RI,Rain,16,3,106
RI,Rain,16,4,1
RI,Rain,17,1,2
RI,Rain,17,2,112
RI,Rain,17,3,100
RI,Rain,18,2,62
RI,Rain,18,3,51
RI,Rain,18,4,1
RI,Rain,19,2,28
RI,Rain,19,3,32
RI,Rain,19,4,3
RI,Rain,20,2,20
RI,Rain,20,3,15
RI,Rain,21,2,11
RI,Rain,21,3,22
RI,Rain,21,4,2
RI,Rain,22,2,12
RI,Rain,22,3,16
RI,Rain,23,2,8
RI,Rain,23,3,1
RI,Rain,23,4,2
RI,Snow/Ice,0,2,1
RI,Snow/Ice,0,3,2
RI,Snow/Ice,1,2,2
RI,Snow/Ice,2,2,4
RI,Snow/Ice,3,2,2
RI,Snow/Ice,4,2,2
RI,Snow/Ice,4,3,4
RI,Snow/Ice,5,2,11
RI,Snow/Ice,5,3,6
RI,Snow/Ice,6,2,17
RI,Snow/Ice,6,3,11
RI,Snow/Ice,7,2,17
RI,Snow/Ice,7,3,21
RI,Snow/Ice,8,2,29
RI,Snow/Ice,8,3,30
RI,Snow/Ice,9,2,21
RI,Snow/Ice,9,3,10
RI,Snow/Ice,10,2,16
RI,Snow/Ice,10,3,13
RI,Snow/Ice,11,2,9
RI,Snow/Ice,11,3,25
RI,Snow/Ice,12,2,6
RI,Snow/Ice,12,3,4
RI,Snow/Ice,13,2,27
RI,Snow/Ice,13,3,26
RI,Snow/Ice,14,2,26
RI,Snow/Ice,14,3,11
RI,Snow/Ice,15,2,8
RI,Snow/Ice,15,3,12
RI,Snow/Ice,16,2,28
RI,Snow/Ice,16,3,15
RI,Snow/Ice,17,2,31
RI,Snow/Ice,17,3,9
RI,Snow/Ice,18,2,19
RI,Snow/Ice,18,3,10
RI,Snow/Ice,19,2,7
RI,Snow/Ice,19,3,4
RI,Snow/Ice,20,2,11
RI,Snow/Ice,20,3,10
RI,Snow/Ice,21,2,1
RI,Snow/Ice,21,3,2
RI,Snow/Ice,22,2,6
RI,Snow/Ice,22,3,4
RI,Thunderstorm,5,3,1
RI,Thunderstorm,6,2,1
RI,Thunderstorm,7,3,4
RI,Thunderstorm,8,2,1
RI,Thunderstorm,9,2,1
RI,Thunderstorm,10,2,3
RI,Thunderstorm,11,2,1
RI,Thunderstorm,12,2,1
RI,Thunderstorm,13,2,2
RI,Thunderstorm,13,3,1
RI,Thunderstorm,14,2,4
RI,Thunderstorm,14,3,6
RI,Thunderstorm,15,2,4
RI,Thunderstorm,15,3,3
RI,Thunderstorm,16,1,1
RI,Thunderstorm,16,2,7
RI,Thunderstorm,16,3,6
RI,Thunderstorm,17,2,9
RI,Thunderstorm,17,3,9
RI,Thunderstorm,18,2,2
RI,Thunderstorm,18,3,5
RI,Thunderstorm,20,3,3
RI,Thunderstorm,21,3,2
SC,Clear/Fair,0,2,2057
SC,Clear/Fair,0,3,18
SC,Clear/Fair,0,4,66
SC,Clear/Fair,1,2,1693
SC,Clear/Fair,1,3,12
SC,Clear/Fair,1,4,29
SC,Clear/Fair,2,2,1663
SC,Clear/Fair,2,3,9
SC,Clear/Fair,2,4,31
SC,Clear/Fair,3,2,1302
SC,Clear/Fair,3,3,13
SC,Clear/Fair,3,4,49
SC,Clear/Fair,4,1,172
SC,Clear/Fair,4,2,4666
SC,Clear/Fair,4,3,543
SC,Clear/Fair,4,4,47
SC,Clear/Fair,5,1,225
SC,Clear/Fair,5,2,4881
SC,Clear/Fair,5,3,443
SC,Clear/Fair,5,4,38
SC,Clear/Fair,6,1,305
SC,Clear/Fair,6,2,8568
SC,Clear/Fair,6,3,942
SC,Clear/Fair,6,4,59
SC,Clear/Fair,7,1,548
SC,Clear/Fair,7,2,12816
SC,Clear/Fair,7,3,1447
SC,Clear/Fair,7,4,75
SC,Clear/Fair,8,1,502
SC,Clear/Fair,8,2,11772
SC,Clear/Fair,8,3,1368
SC,Clear/Fair,8,4,63
SC,Clear/Fair,9,1,69
SC,Clear/Fair,9,2,6698
SC,Clear/Fair,9,3,840
SC,Clear/Fair,9,4,51
SC,Clear/Fair,10,1,86
SC,Clear/Fair,10,2,7828
SC,Clear/Fair,10,3,875
SC,Clear/Fair,10,4,55
SC,Clear/Fair,11,1,82
SC,Clear/Fair,11,2,8401
SC,Clear/Fair,11,3,1026
SC,Clear/Fair,11,4,71
SC,Clear/Fair,12,1,32
SC,Clear/Fair,12,2,6720
SC,Clear/Fair,12,3,886
SC,Clear/Fair,12,4,53
SC,Clear/Fair,13,1,23
SC,Clear/Fair,13,2,6957
SC,Clear/Fair,13,3,953
SC,Clear/Fair,13,4,45
SC,Clear/Fair,14,1,35
SC,Clear/Fair,14,2,7471
SC,Clear/Fair,14,3,963
SC,Clear/Fair,14,4,67
SC,Clear/Fair,15,1,97
SC,Clear/Fair,15,2,10261
SC,Clear/Fair,15,3,1176
SC,Clear/Fair,15,4,84
SC,Clear/Fair,16,1,252
SC,Clear/Fair,16,2,13845
SC,Clear/Fair,16,3,1483
SC,Clear/Fair,16,4,105
SC,Clear/Fair,17,1,308
SC,Clear/Fair,17,2,14322
SC,Clear/Fair,17,3,1679
SC,Clear/Fair,17,4,96
SC,Clear/Fair,18,1,287
SC,Clear/Fair,18,2,11459
SC,Clear/Fair,18,3,1221
SC,Clear/Fair,18,4,102
SC,Clear/Fair,19,1,187
SC,Clear/Fair,19,2,8723
SC,Clear/Fair,19,3,793
SC,Clear/Fair,19,4,61
SC,Clear/Fair,20,1,3
SC,Clear/Fair,20,2,4706
SC,Clear/Fair,20,3,414
SC,Clear/Fair,20,4,76
SC,Clear/Fair,21,1,1
SC,Clear/Fair,21,2,3616
SC,Clear/Fair,21,3,280
SC,Clear/Fair,21,4,41
SC,Clear/Fair,22,2,3251
SC,Clear/Fair,22,3,256
SC,Clear/Fair,22,4,66
SC,Clear/Fair,23,2,2302
SC,Clear/Fair,23,3,60
SC,Clear/Fair,23,4,63
SC,Cloudy,0,2,1118
SC,Cloudy,0,3,14
SC,Cloudy,0,4,38
SC,Cloudy,1,2,1093
SC,Cloudy,1,3,9
SC,Cloudy,1,4,20
SC,Cloudy,2,2,1045
SC,Cloudy,2,3,7
SC,Cloudy,2,4,22
SC,Cloudy,3,2,892
SC,Cloudy,3,3,12
SC,Cloudy,3,4,20
SC,Cloudy,4,1,94
SC,Cloudy,4,2,2859
SC,Cloudy,4,3,324
SC,Cloudy,4,4,34
SC,Cloudy,5,1,129
SC,Cloudy,5,2,3063
SC,Cloudy,5,3,314
SC,Cloudy,5,4,37
SC,Cloudy,6,1,197
SC,Cloudy,6,2,5599
SC,Cloudy,6,3,846
SC,Cloudy,6,4,41
SC,Cloudy,7,1,332
SC,Cloudy,7,2,7998
SC,Cloudy,7,3,1327
SC,Cloudy,7,4,47
SC,Cloudy,8,1,378
SC,Cloudy,8,2,6956
SC,Cloudy,8,3,1306
SC,Cloudy,8,4,37
SC,Cloudy,9,1,46
SC,Cloudy,9,2,4282
SC,Cloudy,9,3,841
SC,Cloudy,9,4,37
SC,Cloudy,10,1,114
SC,Cloudy,10,2,5290
SC,Cloudy,10,3,857
SC,Cloudy,10,4,39
SC,Cloudy,11,1,89
SC,Cloudy,11,2,6222
SC,Cloudy,11,3,1053
SC,Cloudy,11,4,72
SC,Cloudy,12,1,20
SC,Cloudy,12,2,5784
SC,Cloudy,12,3,969
SC,Cloudy,12,4,59
SC,Cloudy,13,1,27
SC,Cloudy,13,2,6761
SC,Cloudy,13,3,1183
SC,Cloudy,13,4,74
SC,Cloudy,14,1,48
SC,Cloudy,14,2,6966
SC,Cloudy,14,3,1183
SC,Cloudy,14,4,77
SC,Cloudy,15,1,143
SC,Cloudy,15,2,9063
SC,Cloudy,15,3,1527
SC,Cloudy,15,4,67
SC,Cloudy,16,1,261
SC,Cloudy,16,2,11121
SC,Cloudy,16,3,1956
SC,Cloudy,16,4,71
SC,Cloudy,17,1,247
SC,Cloudy,17,2,10384
SC,Cloudy,17,3,1794
SC,Cloudy,17,4,92
SC,Cloudy,18,1,180
SC,Cloudy,18,2,7219
SC,Cloudy,18,3,1103
SC,Cloudy,18,4,50
SC,Cloudy,19,1,95
SC,Cloudy,19,2,5062
SC,Cloudy,19,3,626
SC,Cloudy,19,4,32
SC,Cloudy,20,2,2722
SC,Cloudy,20,3,347
SC,Cloudy,20,4,25
SC,Cloudy,21,2,1915
SC,Cloudy,21,3,203
SC,Cloudy,21,4,37
SC,Cloudy,22,2,1773
SC,Cloudy,22,3,175
SC,Cloudy,22,4,39
SC,Cloudy,23,1,1
SC,Cloudy,23,2,1287
SC,Cloudy,23,3,42
SC,Cloudy,23,4,27
SC,Fog/Low visibility,0,2,160
SC,Fog/Low visibility,0,3,1
SC,Fog/Low visibility,0,4,2
SC,Fog/Low visibility,1,2,137
SC,Fog/Low visibility,1,4,3
SC,Fog/Low visibility,2,2,164
SC,Fog/Low visibility,2,4,3
SC,Fog/Low visibility,3,2,144
SC,Fog/Low visibility,3,3,1
SC,Fog/Low visibility,3,4,3
SC,Fog/Low visibility,4,1,10
SC,Fog/Low visibility,4,2,449
SC,Fog/Low visibility,4,3,40
SC,Fog/Low visibility,4,4,1
SC,Fog/Low visibility,5,1,16
SC,Fog/Low visibility,5,2,579
SC,Fog/Low visibility,5,3,39
SC,Fog/Low visibility,5,4,8
SC,Fog/Low visibility,6,1,18
SC,Fog/Low visibility,6,2,1117
SC,Fog/Low visibility,6,3,100
SC,Fog/Low visibility,6,4,12
SC,Fog/Low visibility,7,1,35
SC,Fog/Low visibility,7,2,1793
SC,Fog/Low visibility,7,3,206
SC,Fog/Low visibility,7,4,11
SC,Fog/Low visibility,8,1,20
SC,Fog/Low visibility,8,2,1270
SC,Fog/Low visibility,8,3,208
SC,Fog/Low visibility,8,4,11
SC,Fog/Low visibility,9,1,1
SC,Fog/Low visibility,9,2,363
SC,Fog/Low visibility,9,3,38
SC,Fog/Low visibility,9,4,2
SC,Fog/Low visibility,10,1,1
SC,Fog/Low visibility,10,2,268
SC,Fog/Low visibility,10,3,29
SC,Fog/Low visibility,10,4,1
SC,Fog/Low visibility,11,2,185
SC,Fog/Low visibility,11,3,32
SC,Fog/Low visibility,11,4,3
SC,Fog/Low visibility,12,2,142
SC,Fog/Low visibility,12,3,20
SC,Fog/Low visibility,12,4,1
SC,Fog/Low visibility,13,2,156
SC,Fog/Low visibility,13,3,23
SC,Fog/Low visibility,13,4,2
SC,Fog/Low visibility,14,2,151
SC,Fog/Low visibility,14,3,13
SC,Fog/Low visibility,14,4,1
SC,Fog/Low visibility,15,2,214
SC,Fog/Low visibility,15,3,18
SC,Fog/Low visibility,15,4,5
SC,Fog/Low visibility,16,2,240
SC,Fog/Low visibility,16,3,22
SC,Fog/Low visibility,16,4,2
SC,Fog/Low visibility,17,2,286
SC,Fog/Low visibility,17,3,21
SC,Fog/Low visibility,17,4,4
SC,Fog/Low visibility,18,2,216
SC,Fog/Low visibility,18,3,11
SC,Fog/Low visibility,18,4,1
SC,Fog/Low visibility,19,2,198
SC,Fog/Low visibility,19,3,10
SC,Fog/Low visibility,19,4,1
SC,Fog/Low visibility,20,2,125
SC,Fog/Low visibility,20,3,3
SC,Fog/Low visibility,20,4,3
SC,Fog/Low visibility,21,2,148
SC,Fog/Low visibility,21,3,10
SC,Fog/Low visibility,21,4,2
SC,Fog/Low visibility,22,2,156
SC,Fog/Low visibility,22,3,7
SC,Fog/Low visibility,22,4,5
SC,Fog/Low visibility,23,2,152
SC,Fog/Low visibility,23,3,1
SC,Fog/Low visibility,23,4,2
SC,Precipitation (type unknown),0,2,4
SC,Precipitation (type unknown),1,2,3
SC,Precipitation (type unknown),2,2,1
SC,Precipitation (type unknown),4,2,5
SC,Precipitation (type unknown),4,3,1
SC,Precipitation (type unknown),5,2,6
SC,Precipitation (type unknown),6,2,9
SC,Precipitation (type unknown),7,2,7
SC,Precipitation (type unknown),8,2,13
SC,Precipitation (type unknown),8,3,1
SC,Precipitation (type unknown),9,2,11
SC,Precipitation (type unknown),10,2,3
SC,Precipitation (type unknown),11,2,11
SC,Precipitation (type unknown),12,2,1
SC,Precipitation (type unknown),12,3,1
SC,Precipitation (type unknown),13,2,1
SC,Precipitation (type unknown),14,2,3
SC,Precipitation (type unknown),15,2,1
SC,Precipitation (type unknown),16,2,5
SC,Precipitation (type unknown),17,2,1
SC,Precipitation (type unknown),18,2,3
SC,Precipitation (type unknown),19,2,1
SC,Precipitation (type unknown),19,3,1
SC,Precipitation (type unknown),20,2,1
SC,Precipitation (type unknown),21,2,1
SC,Precipitation (type unknown),23,2,3
SC,Rain,0,2,258
SC,Rain,0,3,4
SC,Rain,0,4,3
SC,Rain,1,2,184
SC,Rain,1,3,2
SC,Rain,1,4,4
SC,Rain,2,2,175
SC,Rain,2,3,3
SC,Rain,2,4,3
SC,Rain,3,2,194
SC,Rain,3,4,3
SC,Rain,4,1,9
SC,Rain,4,2,683
SC,Rain,4,3,116
SC,Rain,4,4,8
SC,Rain,5,1,4
SC,Rain,5,2,757
SC,Rain,5,3,89
SC,Rain,5,4,8
SC,Rain,6,1,9
SC,Rain,6,2,1396
SC,Rain,6,3,210
SC,Rain,6,4,11
SC,Rain,7,1,16
SC,Rain,7,2,2180
SC,Rain,7,3,331
SC,Rain,7,4,18
SC,Rain,8,1,15
SC,Rain,8,2,1882
SC,Rain,8,3,366
SC,Rain,8,4,15
SC,Rain,9,1,3
SC,Rain,9,2,877
SC,Rain,9,3,210
SC,Rain,9,4,12
SC,Rain,10,1,10
SC,Rain,10,2,1127
SC,Rain,10,3,252
SC,Rain,10,4,9
SC,Rain,11,1,3
SC,Rain,11,2,1255
SC,Rain,11,3,287
SC,Rain,11,4,7
SC,Rain,12,1,1
SC,Rain,12,2,1039
SC,Rain,12,3,186
SC,Rain,12,4,7
SC,Rain,13,1,1
SC,Rain,13,2,1142
SC,Rain,13,3,251
SC,Rain,13,4,15
SC,Rain,14,1,2
SC,Rain,14,2,1195
SC,Rain,14,3,239
SC,Rain,14,4,20
SC,Rain,15,1,6
SC,Rain,15,2,1637
SC,Rain,15,3,305
SC,Rain,15,4,22
SC,Rain,16,1,26
SC,Rain,16,2,2205
SC,Rain,16,3,394
SC,Rain,16,4,18
SC,Rain,17,1,28
SC,Rain,17,2,2288
SC,Rain,17,3,317
SC,Rain,17,4,13
SC,Rain,18,1,29
SC,Rain,18,2,1648
SC,Rain,18,3,236
SC,Rain,18,4,10
SC,Rain,19,1,16
SC,Rain,19,2,1243
SC,Rain,19,3,165
SC,Rain,19,4,18
SC,Rain,20,2,634
SC,Rain,20,3,103
SC,Rain,20,4,5
SC,Rain,21,2,448
SC,Rain,21,3,46
SC,Rain,21,4,5
SC,Rain,22,2,381
SC,Rain,22,3,44
SC,Rain,22,4,8
SC,Rain,23,2,245
SC,Rain,23,3,7
SC,Rain,23,4,3
SC,Snow/Ice,0,2,11
SC,Snow/Ice,1,2,30
SC,Snow/Ice,2,2,16
SC,Snow/Ice,3,2,13
SC,Snow/Ice,4,2,23
SC,Snow/Ice,5,2,26
SC,Snow/Ice,5,4,2
SC,Snow/Ice,6,2,32
SC,Snow/Ice,6,3,1
SC,Snow/Ice,6,4,1
SC,Snow/Ice,7,2,73
SC,Snow/Ice,7,3,7
SC,Snow/Ice,8,2,50
SC,Snow/Ice,8,3,6
SC,Snow/Ice,9,2,47
SC,Snow/Ice,9,3,15
SC,Snow/Ice,10,2,40
SC,Snow/Ice,10,3,10
SC,Snow/Ice,10,4,2
SC,Snow/Ice,11,2,33
SC,Snow/Ice,11,3,7
SC,Snow/Ice,12,2,28
SC,Snow/Ice,12,3,1
SC,Snow/Ice,12,4,1
SC,Snow/Ice,13,2,31
SC,Snow/Ice,13,3,7
SC,Snow/Ice,14,2,16
SC,Snow/Ice,14,3,14
SC,Snow/Ice,15,2,11
SC,Snow/Ice,15,3,10
SC,Snow/Ice,16,1,1
SC,Snow/Ice,16,2,11
SC,Snow/Ice,16,3,12
SC,Snow/Ice,17,2,31
SC,Snow/Ice,17,3,7
SC,Snow/Ice,18,2,21
SC,Snow/Ice,18,3,5
SC,Snow/Ice,19,2,16
SC,Snow/Ice,19,3,8
SC,Snow/Ice,20,2,15
SC,Snow/Ice,20,3,1
SC,Snow/Ice,21,2,67
SC,Snow/Ice,21,3,1
SC,Snow/Ice,22,2,55
SC,Snow/Ice,22,3,4
SC,Snow/Ice,23,2,53
SC,Snow/Ice,23,3,1
SC,Thunderstorm,0,2,29
SC,Thunderstorm,0,4,1
SC,Thunderstorm,1,2,10
SC,Thunderstorm,2,2,13
SC,Thunderstorm,3,2,12
SC,Thunderstorm,4,1,1
SC,Thunderstorm,4,2,25
SC,Thunderstorm,4,3,5
SC,Thunderstorm,5,1,2
SC,Thunderstorm,5,2,55
SC,Thunderstorm,5,3,11
SC,Thunderstorm,5,4,1
SC,Thunderstorm,6,1,4
SC,Thunderstorm,6,2,111
SC,Thunderstorm,6,3,15
SC,Thunderstorm,6,4,4
SC,Thunderstorm,7,1,10
SC,Thunderstorm,7,2,137
SC,Thunderstorm,7,3,8
SC,Thunderstorm,7,4,1
SC,Thunderstorm,8,1,9
SC,Thunderstorm,8,2,100
SC,Thunderstorm,8,3,11
SC,Thunderstorm,8,4,2
SC,Thunderstorm,9,2,70
SC,Thunderstorm,9,3,2
SC,Thunderstorm,9,4,1
SC,Thunderstorm,10,1,2
SC,Thunderstorm,10,2,71
SC,Thunderstorm,10,3,17
SC,Thunderstorm,10,4,3
SC,Thunderstorm,11,1,5
SC,Thunderstorm,11,2,101
SC,Thunderstorm,11,3,19
SC,Thunderstorm,11,4,1
SC,Thunderstorm,12,2,123
SC,Thunderstorm,12,3,21
SC,Thunderstorm,13,1,1
SC,Thunderstorm,13,2,228
SC,Thunderstorm,13,3,38
SC,Thunderstorm,13,4,2
SC,Thunderstorm,14,1,4
SC,Thunderstorm,14,2,355
SC,Thunderstorm,14,3,67
SC,Thunderstorm,14,4,2
SC,Thunderstorm,15,1,9
SC,Thunderstorm,15,2,564
SC,Thunderstorm,15,3,115
SC,Thunderstorm,15,4,9
SC,Thunderstorm,16,1,37
SC,Thunderstorm,16,2,729
SC,Thunderstorm,16,3,115
SC,Thunderstorm,16,4,7
SC,Thunderstorm,17,1,42
SC,Thunderstorm,17,2,767
SC,Thunderstorm,17,3,108
SC,Thunderstorm,17,4,5
SC,Thunderstorm,18,1,26
SC,Thunderstorm,18,2,533
SC,Thunderstorm,18,3,97
SC,Thunderstorm,18,4,9
SC,Thunderstorm,19,1,14
SC,Thunderstorm,19,2,368
SC,Thunderstorm,19,3,65
SC,Thunderstorm,20,2,148
SC,Thunderstorm,20,3,32
SC,Thunderstorm,20,4,3
SC,Thunderstorm,21,2,121
SC,Thunderstorm,21,3,20
SC,Thunderstorm,22,2,68
SC,Thunderstorm,22,3,9
SC,Thunderstorm,23,2,37
SC,Thunderstorm,23,3,1
SC,Thunderstorm,23,4,2
SD,Clear/Fair,0,2,7
SD,Clear/Fair,1,2,8
SD,Clear/Fair,2,2,3
SD,Clear/Fair,3,2,3
SD,Clear/Fair,4,2,2
SD,Clear/Fair,5,2,1
SD,Clear/Fair,6,2,7
SD,Clear/Fair,6,4,2
SD,Clear/Fair,7,2,3
SD,Clear/Fair,8,2,3
SD,Clear/Fair,8,4,1
SD,Clear/Fair,9,2,2
SD,Clear/Fair,10,2,11
SD,Clear/Fair,10,4,5
SD,Clear/Fair,11,2,3
SD,Clear/Fair,12,2,2
SD,Clear/Fair,12,3,1
SD,Clear/Fair,13,2,4
SD,Clear/Fair,13,4,5
SD,Clear/Fair,14,2,5
SD,Clear/Fair,14,4,2
SD,Clear/Fair,15,2,2
SD,Clear/Fair,16,2,10
SD,Clear/Fair,16,4,4
SD,Clear/Fair,17,2,2
SD,Clear/Fair,17,4,2
SD,Clear/Fair,18,2,10
SD,Clear/Fair,18,4,3
SD,Clear/Fair,19,2,1
SD,Clear/Fair,19,4,1
SD,Clear/Fair,20,2,7
SD,Clear/Fair,21,2,3
SD,Clear/Fair,22,2,3
SD,Clear/Fair,22,4,2
SD,Clear/Fair,23,2,8
SD,Clear/Fair,23,4,5
SD,Cloudy,0,2,1
SD,Cloudy,0,3,1
SD,Cloudy,4,2,4
SD,Cloudy,6,2,1
SD,Cloudy,6,3,1
SD,Cloudy,6,4,3
SD,Cloudy,7,2,1
SD,Cloudy,8,3,2
SD,Cloudy,8,4,2
SD,Cloudy,9,3,1
SD,Cloudy,10,2,1
SD,Cloudy,11,2,1
SD,Cloudy,11,4,1
SD,Cloudy,12,2,3
SD,Cloudy,13,2,4
SD,Cloudy,14,2,4
SD,Cloudy,14,4,3
SD,Cloudy,15,2,4
SD,Cloudy,15,3,1
SD,Cloudy,16,2,6
SD,Cloudy,16,4,1
SD,Cloudy,17,2,2
SD,Cloudy,18,2,5
SD,Cloudy,19,2,1
SD,Cloudy,20,2,4
SD,Cloudy,21,2,4
SD,Cloudy,22,2,5
SD,Cloudy,22,4,2
SD,Cloudy,23,2,5
SD,Cloudy,23,4,3
SD,Fog/Low visibility,9,2,1
SD,Fog/Low visibility,10,4,2
SD,Fog/Low visibility,23,2,1
SD,Rain,0,2,1
SD,Rain,1,2,1
SD,Rain,8,2,1
SD,Rain,8,4,1
SD,Rain,9,2,1
SD,Rain,11,2,1
SD,Rain,12,3,1
SD,Rain,23,4,1
SD,Snow/Ice,5,2,1
SD,Snow/Ice,6,4,1
SD,Snow/Ice,8,4,1
SD,Snow/Ice,9,2,2
SD,Snow/Ice,9,4,1
SD,Snow/Ice,12,2,1
SD,Snow/Ice,13,2,2
SD,Snow/Ice,19,4,1
SD,Snow/Ice,20,2,1
SD,Snow/Ice,22,4,2
SD,Thunderstorm,16,2,1
TN,Clear/Fair,0,2,1058
TN,Clear/Fair,0,3,22
TN,Clear/Fair,0,4,81
TN,Clear/Fair,1,2,602
TN,Clear/Fair,1,3,7
TN,Clear/Fair,1,4,27
TN,Clear/Fair,2,1,1
TN,Clear/Fair,2,2,505
TN,Clear/Fair,2,3,13
TN,Clear/Fair,2,4,33
TN,Clear/Fair,3,2,449
TN,Clear/Fair,3,3,28
TN,Clear/Fair,3,4,42
TN,Clear/Fair,4,1,28
TN,Clear/Fair,4,2,885
TN,Clear/Fair,4,3,165
TN,Clear/Fair,4,4,46
TN,Clear/Fair,5,1,39
TN,Clear/Fair,5,2,1464
TN,Clear/Fair,5,3,181
TN,Clear/Fair,5,4,52
TN,Clear/Fair,6,1,58
TN,Clear/Fair,6,2,2388
TN,Clear/Fair,6,3,403
TN,Clear/Fair,6,4,57
TN,Clear/Fair,7,1,80
TN,Clear/Fair,7,2,3400
TN,Clear/Fair,7,3,577
TN,Clear/Fair,7,4,45
TN,Clear/Fair,8,1,81
TN,Clear/Fair,8,2,3030
TN,Clear/Fair,8,3,542
TN,Clear/Fair,8,4,68
TN,Clear/Fair,9,1,27
TN,Clear/Fair,9,2,1177
TN,Clear/Fair,9,3,292
TN,Clear/Fair,9,4,54
TN,Clear/Fair,10,1,21
TN,Clear/Fair,10,2,1153
TN,Clear/Fair,10,3,183
TN,Clear/Fair,10,4,56
TN,Clear/Fair,11,1,24
TN,Clear/Fair,11,2,1183
TN,Clear/Fair,11,3,202
TN,Clear/Fair,11,4,41
TN,Clear/Fair,12,1,20
TN,Clear/Fair,12,2,830
TN,Clear/Fair,12,3,213
TN,Clear/Fair,12,4,31
TN,Clear/Fair,13,1,15
TN,Clear/Fair,13,2,1197
TN,Clear/Fair,13,3,219
TN,Clear/Fair,13,4,42
TN,Clear/Fair,14,1,25
TN,Clear/Fair,14,2,1444
TN,Clear/Fair,14,3,239
TN,Clear/Fair,14,4,54
TN,Clear/Fair,15,1,27
TN,Clear/Fair,15,2,2631
TN,Clear/Fair,15,3,373
TN,Clear/Fair,15,4,67
TN,Clear/Fair,16,1,24
TN,Clear/Fair,16,2,2605
TN,Clear/Fair,16,3,429
TN,Clear/Fair,16,4,74
TN,Clear/Fair,17,1,25
TN,Clear/Fair,17,2,2634
TN,Clear/Fair,17,3,505
TN,Clear/Fair,17,4,67
TN,Clear/Fair,18,1,20
TN,Clear/Fair,18,2,2430
TN,Clear/Fair,18,3,425
TN,Clear/Fair,18,4,67
TN,Clear/Fair,19,1,13
TN,Clear/Fair,19,2,1223
TN,Clear/Fair,19,3,262
TN,Clear/Fair,19,4,51
TN,Clear/Fair,20,2,969
TN,Clear/Fair,20,3,207
TN,Clear/Fair,20,4,49
TN,Clear/Fair,21,2,962
TN,Clear/Fair,21,3,185
TN,Clear/Fair,21,4,59
TN,Clear/Fair,22,2,993
TN,Clear/Fair,22,3,135
TN,Clear/Fair,22,4,45
TN,Clear/Fair,23,2,773
TN,Clear/Fair,23,3,47
TN,Clear/Fair,23,4,60
TN,Cloudy,0,1,1
TN,Cloudy,0,2,848
TN,Cloudy,0,3,25
TN,Cloudy,0,4,53
TN,Cloudy,1,2,554
TN,Cloudy,1,3,18
TN,Cloudy,1,4,32
TN,Cloudy,2,2,503
TN,Cloudy,2,3,16
TN,Cloudy,2,4,36
TN,Cloudy,3,2,436
TN,Cloudy,3,3,34
TN,Cloudy,3,4,40
TN,Cloudy,4,1,28
TN,Cloudy,4,2,1143
TN,Cloudy,4,3,258
TN,Cloudy,4,4,60
TN,Cloudy,5,1,59
TN,Cloudy,5,2,2191
TN,Cloudy,5,3,354
TN,Cloudy,5,4,60
TN,Cloudy,6,1,110
TN,Cloudy,6,2,4743
TN,Cloudy,6,3,1087
TN,Cloudy,6,4,88
TN,Cloudy,7,1,201
TN,Cloudy,7,2,7628
TN,Cloudy,7,3,1692
TN,Cloudy,7,4,101
TN,Cloudy,8,1,206
TN,Cloudy,8,2,6963
TN,Cloudy,8,3,1669
TN,Cloudy,8,4,75
TN,Cloudy,9,1,114
TN,Cloudy,9,2,3048
TN,Cloudy,9,3,908
TN,Cloudy,9,4,78
TN,Cloudy,10,1,65
TN,Cloudy,10,2,3631
TN,Cloudy,10,3,815
TN,Cloudy,10,4,72
TN,Cloudy,11,1,51
TN,Cloudy,11,2,4185
TN,Cloudy,11,3,715
TN,Cloudy,11,4,89
TN,Cloudy,12,1,71
TN,Cloudy,12,2,2920
TN,Cloudy,12,3,834
TN,Cloudy,12,4,67
TN,Cloudy,13,1,95
TN,Cloudy,13,2,3434
TN,Cloudy,13,3,942
TN,Cloudy,13,4,105
TN,Cloudy,14,1,112
TN,Cloudy,14,2,4010
TN,Cloudy,14,3,921
TN,Cloudy,14,4,112
TN,Cloudy,15,1,132
TN,Cloudy,15,2,6937
TN,Cloudy,15,3,1406
TN,Cloudy,15,4,121
TN,Cloudy,16,1,132
TN,Cloudy,16,2,7180
TN,Cloudy,16,3,1564
TN,Cloudy,16,4,102
TN,Cloudy,17,1,135
TN,Cloudy,17,2,6166
TN,Cloudy,17,3,1567
TN,Cloudy,17,4,108
TN,Cloudy,18,1,88
TN,Cloudy,18,2,4448
TN,Cloudy,18,3,1249
TN,Cloudy,18,4,89
TN,Cloudy,19,1,10
TN,Cloudy,19,2,2125
TN,Cloudy,19,3,601
TN,Cloudy,19,4,83
TN,Cloudy,20,2,1635
TN,Cloudy,20,3,411
TN,Cloudy,20,4,73
TN,Cloudy,21,2,1361
TN,Cloudy,21,3,327
TN,Cloudy,21,4,59
TN,Cloudy,22,2,1116
TN,Cloudy,22,3,229
TN,Cloudy,22,4,38
TN,Cloudy,23,2,852
TN,Cloudy,23,3,79
TN,Cloudy,23,4,48
TN,Fog/Low visibility,0,2,55
TN,Fog/Low visibility,0,4,2
TN,Fog/Low visibility,1,2,36
TN,Fog/Low visibility,1,3,1
TN,Fog/Low visibility,1,4,1
TN,Fog/Low visibility,2,2,40
TN,Fog/Low visibility,2,3,1
TN,Fog/Low visibility,2,4,2
TN,Fog/Low visibility,3,2,30
TN,Fog/Low visibility,3,3,1
TN,Fog/Low visibility,3,4,1
TN,Fog/Low visibility,4,2,80
TN,Fog/Low visibility,4,3,6
TN,Fog/Low visibility,4,4,5
TN,Fog/Low visibility,5,1,1
TN,Fog/Low visibility,5,2,154
TN,Fog/Low visibility,5,3,18
TN,Fog/Low visibility,5,4,2
TN,Fog/Low visibility,6,1,3
TN,Fog/Low visibility,6,2,408
TN,Fog/Low visibility,6,3,63
TN,Fog/Low visibility,6,4,3
TN,Fog/Low visibility,7,1,16
TN,Fog/Low visibility,7,2,665
TN,Fog/Low visibility,7,3,120
TN,Fog/Low visibility,7,4,10
TN,Fog/Low visibility,8,1,10
TN,Fog/Low visibility,8,2,423
TN,Fog/Low visibility,8,3,87
TN,Fog/Low visibility,8,4,10
TN,Fog/Low visibility,9,1,2
TN,Fog/Low visibility,9,2,145
TN,Fog/Low visibility,9,3,23
TN,Fog/Low visibility,9,4,8
TN,Fog/Low visibility,10,2,87
TN,Fog/Low visibility,10,3,16
TN,Fog/Low visibility,10,4,7
TN,Fog/Low visibility,11,2,68
TN,Fog/Low visibility,11,3,10
TN,Fog/Low visibility,11,4,5
TN,Fog/Low visibility,12,2,29
TN,Fog/Low visibility,12,3,6
TN,Fog/Low visibility,12,4,3
TN,Fog/Low visibility,13,2,50
TN,Fog/Low visibility,13,3,5
TN,Fog/Low visibility,13,4,1
TN,Fog/Low visibility,14,2,51
TN,Fog/Low visibility,14,3,9
TN,Fog/Low visibility,14,4,1
TN,Fog/Low visibility,15,2,59
TN,Fog/Low visibility,15,3,15
TN,Fog/Low visibility,15,4,1
TN,Fog/Low visibility,16,2,66
TN,Fog/Low visibility,16,3,9
TN,Fog/Low visibility,16,4,1
TN,Fog/Low visibility,17,2,57
TN,Fog/Low visibility,17,3,10
TN,Fog/Low visibility,18,2,44
TN,Fog/Low visibility,18,3,8
TN,Fog/Low visibility,18,4,1
TN,Fog/Low visibility,19,2,28
TN,Fog/Low visibility,19,3,4
TN,Fog/Low visibility,19,4,2
TN,Fog/Low visibility,20,2,27
TN,Fog/Low visibility,20,3,1
TN,Fog/Low visibility,21,2,16
TN,Fog/Low visibility,21,3,3
TN,Fog/Low visibility,21,4,3
TN,Fog/Low visibility,22,2,35
TN,Fog/Low visibility,22,3,4
TN,Fog/Low visibility,23,2,62
TN,Fog/Low visibility,23,3,1
TN,Fog/Low visibility,23,4,5
TN,Rain,0,2,186
TN,Rain,0,3,12
TN,Rain,0,4,12
TN,Rain,1,2,123
TN,Rain,1,4,3
TN,Rain,2,2,128
TN,Rain,2,3,3
TN,Rain,2,4,4
TN,Rain,3,2,90
TN,Rain,3,3,12
TN,Rain,3,4,7
TN,Rain,4,1,3
TN,Rain,4,2,260
TN,Rain,4,3,74
TN,Rain,4,4,9
TN,Rain,5,1,7
TN,Rain,5,2,549
TN,Rain,5,3,140
TN,Rain,5,4,13
TN,Rain,6,1,10
TN,Rain,6,2,921
TN,Rain,6,3,276
TN,Rain,6,4,7
TN,Rain,7,1,16
TN,Rain,7,2,1326
TN,Rain,7,3,364
TN,Rain,7,4,14
TN,Rain,8,1,3
TN,Rain,8,2,1109
TN,Rain,8,3,351
TN,Rain,8,4,14
TN,Rain,9,1,8
TN,Rain,9,2,474
TN,Rain,9,3,229
TN,Rain,9,4,6
TN,Rain,10,1,10
TN,Rain,10,2,419
TN,Rain,10,3,172
TN,Rain,10,4,17
TN,Rain,11,1,8
TN,Rain,11,2,514
TN,Rain,11,3,148
TN,Rain,11,4,15
TN,Rain,12,1,11
TN,Rain,12,2,347
TN,Rain,12,3,169
TN,Rain,12,4,4
TN,Rain,13,1,13
TN,Rain,13,2,412
TN,Rain,13,3,205
TN,Rain,13,4,10
TN,Rain,14,1,11
TN,Rain,14,2,466
TN,Rain,14,3,194
TN,Rain,14,4,12
TN,Rain,15,1,13
TN,Rain,15,2,692
TN,Rain,15,3,240
TN,Rain,15,4,10
TN,Rain,16,1,13
TN,Rain,16,2,723
TN,Rain,16,3,227
TN,Rain,16,4,20
TN,Rain,17,1,10
TN,Rain,17,2,671
TN,Rain,17,3,226
TN,Rain,17,4,10
TN,Rain,18,1,6
TN,Rain,18,2,522
TN,Rain,18,3,208
TN,Rain,18,4,9
TN,Rain,19,1,1
TN,Rain,19,2,308
TN,Rain,19,3,134
TN,Rain,19,4,11
TN,Rain,20,2,200
TN,Rain,20,3,90
TN,Rain,20,4,8
TN,Rain,21,2,163
TN,Rain,21,3,77
TN,Rain,21,4,2
TN,Rain,22,2,155
TN,Rain,22,3,72
TN,Rain,22,4,2
TN,Rain,23,2,130
TN,Rain,23,3,22
TN,Rain,23,4,7
TN,Severe wind,18,2,5
TN,Snow/Ice,0,2,33
TN,Snow/Ice,0,4,1
TN,Snow/Ice,1,2,14
TN,Snow/Ice,2,2,17
TN,Snow/Ice,3,2,19
TN,Snow/Ice,4,2,17
TN,Snow/Ice,4,3,9
TN,Snow/Ice,4,4,1
TN,Snow/Ice,5,2,33
TN,Snow/Ice,5,3,8
TN,Snow/Ice,5,4,1
TN,Snow/Ice,6,2,85
TN,Snow/Ice,6,3,17
TN,Snow/Ice,7,2,146
TN,Snow/Ice,7,3,23
TN,Snow/Ice,7,4,2
TN,Snow/Ice,8,2,117
TN,Snow/Ice,8,3,15
TN,Snow/Ice,8,4,4
TN,Snow/Ice,9,2,30
TN,Snow/Ice,9,3,16
TN,Snow/Ice,10,2,27
TN,Snow/Ice,10,3,8
TN,Snow/Ice,10,4,4
TN,Snow/Ice,11,2,36
TN,Snow/Ice,11,3,11
TN,Snow/Ice,11,4,3
TN,Snow/Ice,12,2,21
TN,Snow/Ice,12,3,5
TN,Snow/Ice,13,2,12
TN,Snow/Ice,13,3,7
TN,Snow/Ice,13,4,4
TN,Snow/Ice,14,2,25
TN,Snow/Ice,14,3,3
TN,Snow/Ice,14,4,2
TN,Snow/Ice,15,2,65
TN,Snow/Ice,15,3,12
TN,Snow/Ice,15,4,2
TN,Snow/Ice,16,2,52
TN,Snow/Ice,16,3,17
TN,Snow/Ice,17,2,45
TN,Snow/Ice,17,3,12
TN,Snow/Ice,17,4,2
TN,Snow/Ice,18,2,40
TN,Snow/Ice,18,3,9
TN,Snow/Ice,18,4,5
TN,Snow/Ice,19,2,37
TN,Snow/Ice,19,3,8
TN,Snow/Ice,19,4,4
TN,Snow/Ice,20,2,27
TN,Snow/Ice,20,3,3
TN,Snow/Ice,20,4,1
TN,Snow/Ice,21,2,32
TN,Snow/Ice,21,3,2
TN,Snow/Ice,22,2,52
TN,Snow/Ice,22,3,7
TN,Snow/Ice,23,2,46
TN,Thunderstorm,0,2,23
TN,Thunderstorm,0,3,2
TN,Thunderstorm,1,2,2
TN,Thunderstorm,2,2,11
TN,Thunderstorm,2,3,1
TN,Thunderstorm,2,4,1
TN,Thunderstorm,3,2,27
TN,Thunderstorm,3,3,3
TN,Thunderstorm,3,4,3
TN,Thunderstorm,4,1,1
TN,Thunderstorm,4,2,25
TN,Thunderstorm,4,3,10
TN,Thunderstorm,5,2,34
TN,Thunderstorm,5,3,12
TN,Thunderstorm,6,1,2
TN,Thunderstorm,6,2,90
TN,Thunderstorm,6,3,23
TN,Thunderstorm,6,4,3
TN,Thunderstorm,7,1,2
TN,Thunderstorm,7,2,86
TN,Thunderstorm,7,3,28
TN,Thunderstorm,8,1,1
TN,Thunderstorm,8,2,54
TN,Thunderstorm,8,3,19
TN,Thunderstorm,9,1,1
TN,Thunderstorm,9,2,20
TN,Thunderstorm,9,3,15
TN,Thunderstorm,9,4,1
TN,Thunderstorm,10,2,51
TN,Thunderstorm,10,3,14
TN,Thunderstorm,11,2,69
TN,Thunderstorm,11,3,20
TN,Thunderstorm,11,4,1
TN,Thunderstorm,12,2,59
TN,Thunderstorm,12,3,16
TN,Thunderstorm,12,4,2
TN,Thunderstorm,13,1,2
TN,Thunderstorm,13,2,75
TN,Thunderstorm,13,3,34
TN,Thunderstorm,13,4,1
TN,Thunderstorm,14,1,1
TN,Thunderstorm,14,2,151
TN,Thunderstorm,14,3,37
TN,Thunderstorm,14,4,6
TN,Thunderstorm,15,2,221
TN,Thunderstorm,15,3,58
TN,Thunderstorm,15,4,5
TN,Thunderstorm,16,1,1
TN,Thunderstorm,16,2,237
TN,Thunderstorm,16,3,58
TN,Thunderstorm,16,4,1
TN,Thunderstorm,17,1,3
TN,Thunderstorm,17,2,196
TN,Thunderstorm,17,3,54
TN,Thunderstorm,17,4,6
TN,Thunderstorm,18,2,146
TN,Thunderstorm,18,3,36
TN,Thunderstorm,18,4,2
TN,Thunderstorm,19,2,150
TN,Thunderstorm,19,3,44
TN,Thunderstorm,19,4,5
TN,Thunderstorm,20,2,69
TN,Thunderstorm,20,3,30
TN,Thunderstorm,20,4,1
TN,Thunderstorm,21,2,57
TN,Thunderstorm,21,3,19
TN,Thunderstorm,22,2,28
TN,Thunderstorm,22,3,13
TN,Thunderstorm,22,4,2
TN,Thunderstorm,23,2,13
TX,Clear/Fair,0,2,2329
TX,Clear/Fair,0,3,103
TX,Clear/Fair,0,4,59
TX,Clear/Fair,1,2,2041
TX,Clear/Fair,1,3,112
TX,Clear/Fair,1,4,70
TX,Clear/Fair,2,2,2012
TX,Clear/Fair,2,3,107
TX,Clear/Fair,2,4,74
TX,Clear/Fair,3,1,1
TX,Clear/Fair,3,2,1614
TX,Clear/Fair,3,3,120
TX,Clear/Fair,3,4,71
TX,Clear/Fair,4,1,146
TX,Clear/Fair,4,2,3738
TX,Clear/Fair,4,3,859
TX,Clear/Fair,4,4,141
TX,Clear/Fair,5,1,139
TX,Clear/Fair,5,2,4628
TX,Clear/Fair,5,3,1172
TX,Clear/Fair,5,4,141
TX,Clear/Fair,6,1,242
TX,Clear/Fair,6,2,8779
TX,Clear/Fair,6,3,2791
TX,Clear/Fair,6,4,148
TX,Clear/Fair,7,1,361
TX,Clear/Fair,7,2,12971
TX,Clear/Fair,7,3,3273
TX,Clear/Fair,7,4,167
TX,Clear/Fair,8,1,404
TX,Clear/Fair,8,2,15356
TX,Clear/Fair,8,3,3361
TX,Clear/Fair,8,4,144
TX,Clear/Fair,9,1,65
TX,Clear/Fair,9,2,9483
TX,Clear/Fair,9,3,2133
TX,Clear/Fair,9,4,108
TX,Clear/Fair,10,1,67
TX,Clear/Fair,10,2,8792
TX,Clear/Fair,10,3,1715
TX,Clear/Fair,10,4,120
TX,Clear/Fair,11,1,84
TX,Clear/Fair,11,2,8371
TX,Clear/Fair,11,3,1682
TX,Clear/Fair,11,4,110
TX,Clear/Fair,12,1,33
TX,Clear/Fair,12,2,7086
TX,Clear/Fair,12,3,1852
TX,Clear/Fair,12,4,118
TX,Clear/Fair,13,1,86
TX,Clear/Fair,13,2,7529
TX,Clear/Fair,13,3,2023
TX,Clear/Fair,13,4,137
TX,Clear/Fair,14,1,58
TX,Clear/Fair,14,2,7728
TX,Clear/Fair,14,3,2222
TX,Clear/Fair,14,4,157
TX,Clear/Fair,15,1,53
TX,Clear/Fair,15,2,9919
TX,Clear/Fair,15,3,2458
TX,Clear/Fair,15,4,150
TX,Clear/Fair,16,1,61
TX,Clear/Fair,16,2,12103
TX,Clear/Fair,16,3,3583
TX,Clear/Fair,16,4,207
TX,Clear/Fair,17,1,81
TX,Clear/Fair,17,2,13016
TX,Clear/Fair,17,3,4071
TX,Clear/Fair,17,4,164
TX,Clear/Fair,18,1,50
TX,Clear/Fair,18,2,11105
TX,Clear/Fair,18,3,3562
TX,Clear/Fair,18,4,161
TX,Clear/Fair,19,1,25
TX,Clear/Fair,19,2,8751
TX,Clear/Fair,19,3,2955
TX,Clear/Fair,19,4,138
TX,Clear/Fair,20,1,24
TX,Clear/Fair,20,2,6205
TX,Clear/Fair,20,3,1727
TX,Clear/Fair,20,4,129
TX,Clear/Fair,21,1,14
TX,Clear/Fair,21,2,5281
TX,Clear/Fair,21,3,1220
TX,Clear/Fair,21,4,103
TX,Clear/Fair,22,1,5
TX,Clear/Fair,22,2,4429
TX,Clear/Fair,22,3,917
TX,Clear/Fair,22,4,88
TX,Clear/Fair,23,1,1
TX,Clear/Fair,23,2,3285
TX,Clear/Fair,23,3,344
TX,Clear/Fair,23,4,87
TX,Cloudy,0,2,1838
TX,Cloudy,0,3,148
TX,Cloudy,0,4,63
TX,Cloudy,1,2,1668
TX,Cloudy,1,3,109
TX,Cloudy,1,4,54
TX,Cloudy,2,2,1929
TX,Cloudy,2,3,138
TX,Cloudy,2,4,75
TX,Cloudy,3,2,1580
TX,Cloudy,3,3,212
TX,Cloudy,3,4,110
TX,Cloudy,4,1,116
TX,Cloudy,4,2,4583
TX,Cloudy,4,3,1047
TX,Cloudy,4,4,174
TX,Cloudy,5,1,134
TX,Cloudy,5,2,5969
TX,Cloudy,5,3,1722
TX,Cloudy,5,4,172
TX,Cloudy,6,1,242
TX,Cloudy,6,2,12283
TX,Cloudy,6,3,4218
TX,Cloudy,6,4,204
TX,Cloudy,7,1,372
TX,Cloudy,7,2,18315
TX,Cloudy,7,3,4974
TX,Cloudy,7,4,196
TX,Cloudy,8,1,438
TX,Cloudy,8,2,20304
TX,Cloudy,8,3,4648
TX,Cloudy,8,4,153
TX,Cloudy,9,1,88
TX,Cloudy,9,2,14593
TX,Cloudy,9,3,3366
TX,Cloudy,9,4,178
TX,Cloudy,10,1,108
TX,Cloudy,10,2,15033
TX,Cloudy,10,3,2880
TX,Cloudy,10,4,132
TX,Cloudy,11,1,101
TX,Cloudy,11,2,13811
TX,Cloudy,11,3,2817
TX,Cloudy,11,4,164
TX,Cloudy,12,1,24
TX,Cloudy,12,2,11425
TX,Cloudy,12,3,3156
TX,Cloudy,12,4,174
TX,Cloudy,13,1,39
TX,Cloudy,13,2,11556
TX,Cloudy,13,3,3245
TX,Cloudy,13,4,174
TX,Cloudy,14,1,47
TX,Cloudy,14,2,11322
TX,Cloudy,14,3,3633
TX,Cloudy,14,4,175
TX,Cloudy,15,1,35
TX,Cloudy,15,2,13542
TX,Cloudy,15,3,3950
TX,Cloudy,15,4,170
TX,Cloudy,16,1,56
TX,Cloudy,16,2,15450
TX,Cloudy,16,3,4877
TX,Cloudy,16,4,203
TX,Cloudy,17,1,81
TX,Cloudy,17,2,15389
TX,Cloudy,17,3,5019
TX,Cloudy,17,4,170
TX,Cloudy,18,1,47
TX,Cloudy,18,2,11063
TX,Cloudy,18,3,3890
TX,Cloudy,18,4,142
TX,Cloudy,19,1,34
TX,Cloudy,19,2,7516
TX,Cloudy,19,3,2770
TX,Cloudy,19,4,109
TX,Cloudy,20,1,22
TX,Cloudy,20,2,5179
TX,Cloudy,20,3,1670
TX,Cloudy,20,4,79
TX,Cloudy,21,1,8
TX,Cloudy,21,2,3817
TX,Cloudy,21,3,1162
TX,Cloudy,21,4,88
TX,Cloudy,22,2,3455
TX,Cloudy,22,3,852
TX,Cloudy,22,4,68
TX,Cloudy,23,2,2467
TX,Cloudy,23,3,316
TX,Cloudy,23,4,84
TX,Fog/Low visibility,0,2,125
TX,Fog/Low visibility,0,3,3
TX,Fog/Low visibility,0,4,2
TX,Fog/Low visibility,1,2,138
TX,Fog/Low visibility,1,3,6
TX,Fog/Low visibility,1,4,5
TX,Fog/Low visibility,2,2,143
TX,Fog/Low visibility,2,3,5
TX,Fog/Low visibility,2,4,7
TX,Fog/Low visibility,3,2,138
TX,Fog/Low visibility,3,3,4
TX,Fog/Low visibility,3,4,6
TX,Fog/Low visibility,4,2,371
TX,Fog/Low visibility,4,3,66
TX,Fog/Low visibility,4,4,6
TX,Fog/Low visibility,5,1,1
TX,Fog/Low visibility,5,2,384
TX,Fog/Low visibility,5,3,95
TX,Fog/Low visibility,5,4,9
TX,Fog/Low visibility,6,1,5
TX,Fog/Low visibility,6,2,975
TX,Fog/Low visibility,6,3,211
TX,Fog/Low visibility,6,4,15
TX,Fog/Low visibility,7,1,17
TX,Fog/Low visibility,7,2,1669
TX,Fog/Low visibility,7,3,307
TX,Fog/Low visibility,7,4,26
TX,Fog/Low visibility,8,1,16
TX,Fog/Low visibility,8,2,1506
TX,Fog/Low visibility,8,3,254
TX,Fog/Low visibility,8,4,16
TX,Fog/Low visibility,9,1,2
TX,Fog/Low visibility,9,2,774
TX,Fog/Low visibility,9,3,147
TX,Fog/Low visibility,9,4,11
TX,Fog/Low visibility,10,1,3
TX,Fog/Low visibility,10,2,585
TX,Fog/Low visibility,10,3,88
TX,Fog/Low visibility,10,4,3
TX,Fog/Low visibility,11,2,324
TX,Fog/Low visibility,11,3,67
TX,Fog/Low visibility,11,4,4
TX,Fog/Low visibility,12,2,190
TX,Fog/Low visibility,12,3,76
TX,Fog/Low visibility,12,4,1
TX,Fog/Low visibility,13,2,236
TX,Fog/Low visibility,13,3,76
TX,Fog/Low visibility,13,4,2
TX,Fog/Low visibility,14,1,2
TX,Fog/Low visibility,14,2,196
TX,Fog/Low visibility,14,3,82
TX,Fog/Low visibility,14,4,7
TX,Fog/Low visibility,15,2,227
TX,Fog/Low visibility,15,3,72
TX,Fog/Low visibility,15,4,6
TX,Fog/Low visibility,16,2,241
TX,Fog/Low visibility,16,3,87
TX,Fog/Low visibility,16,4,6
TX,Fog/Low visibility,17,1,2
TX,Fog/Low visibility,17,2,246
TX,Fog/Low visibility,17,3,81
TX,Fog/Low visibility,17,4,1
TX,Fog/Low visibility,18,1,5
TX,Fog/Low visibility,18,2,209
TX,Fog/Low visibility,18,3,67
TX,Fog/Low visibility,18,4,4
TX,Fog/Low visibility,19,1,1
TX,Fog/Low visibility,19,2,156
TX,Fog/Low visibility,19,3,38
TX,Fog/Low visibility,19,4,2
TX,Fog/Low visibility,20,2,85
TX,Fog/Low visibility,20,3,25
TX,Fog/Low visibility,20,4,1
TX,Fog/Low visibility,21,2,81
TX,Fog/Low visibility,21,3,14
TX,Fog/Low visibility,22,2,99
TX,Fog/Low visibility,22,3,11
TX,Fog/Low visibility,22,4,1
TX,Fog/Low visibility,23,2,104
TX,Fog/Low visibility,23,3,8
TX,Fog/Low visibility,23,4,1
TX,Precipitation (type unknown),0,2,1
TX,Precipitation (type unknown),1,2,3
TX,Precipitation (type unknown),2,2,2
TX,Precipitation (type unknown),3,2,3
TX,Precipitation (type unknown),4,2,7
TX,Precipitation (type unknown),4,3,1
TX,Precipitation (type unknown),5,2,4
TX,Precipitation (type unknown),6,2,9
TX,Precipitation (type unknown),7,2,5
TX,Precipitation (type unknown),7,3,1
TX,Precipitation (type unknown),8,2,7
TX,Precipitation (type unknown),8,3,3
TX,Precipitation (type unknown),9,2,8
TX,Precipitation (type unknown),9,3,3
TX,Precipitation (type unknown),10,2,6
TX,Precipitation (type unknown),10,3,2
TX,Precipitation (type unknown),11,2,8
TX,Precipitation (type unknown),12,2,15
TX,Precipitation (type unknown),12,3,2
TX,Precipitation (type unknown),13,2,3
TX,Precipitation (type unknown),13,4,1
TX,Precipitation (type unknown),14,2,2
TX,Precipitation (type unknown),14,3,1
TX,Precipitation (type unknown),15,3,1
TX,Precipitation (type unknown),16,2,1
TX,Precipitation (type unknown),17,2,3
TX,Precipitation (type unknown),22,2,1
TX,Rain,0,2,171
TX,Rain,0,3,17
TX,Rain,0,4,7
TX,Rain,1,2,167
TX,Rain,1,3,12
TX,Rain,1,4,4
TX,Rain,2,2,184
TX,Rain,2,3,18
TX,Rain,2,4,4
TX,Rain,3,2,167
TX,Rain,3,3,25
TX,Rain,3,4,11
TX,Rain,4,1,7
TX,Rain,4,2,532
TX,Rain,4,3,322
TX,Rain,4,4,17
TX,Rain,5,1,15
TX,Rain,5,2,867
TX,Rain,5,3,365
TX,Rain,5,4,18
TX,Rain,6,1,19
TX,Rain,6,2,1655
TX,Rain,6,3,717
TX,Rain,6,4,19
TX,Rain,7,1,29
TX,Rain,7,2,2426
TX,Rain,7,3,754
TX,Rain,7,4,22
TX,Rain,8,1,17
TX,Rain,8,2,2401
TX,Rain,8,3,682
TX,Rain,8,4,21
TX,Rain,9,1,2
TX,Rain,9,2,1419
TX,Rain,9,3,446
TX,Rain,9,4,16
TX,Rain,10,1,2
TX,Rain,10,2,1579
TX,Rain,10,3,436
TX,Rain,10,4,20
TX,Rain,11,1,8
TX,Rain,11,2,1475
TX,Rain,11,3,428
TX,Rain,11,4,16
TX,Rain,12,2,1143
TX,Rain,12,3,434
TX,Rain,12,4,28
TX,Rain,13,1,2
TX,Rain,13,2,1054
TX,Rain,13,3,460
TX,Rain,13,4,24
TX,Rain,14,1,1
TX,Rain,14,2,982
TX,Rain,14,3,398
TX,Rain,14,4,37
TX,Rain,15,1,1
TX,Rain,15,2,1166
TX,Rain,15,3,441
TX,Rain,15,4,25
TX,Rain,16,1,1
TX,Rain,16,2,1423
TX,Rain,16,3,473
TX,Rain,16,4,30
TX,Rain,17,1,10
TX,Rain,17,2,1205
TX,Rain,17,3,441
TX,Rain,17,4,12
TX,Rain,18,1,7
TX,Rain,18,2,926
TX,Rain,18,3,358
TX,Rain,18,4,18
TX,Rain,19,2,738
TX,Rain,19,3,262
TX,Rain,19,4,14
TX,Rain,20,2,459
TX,Rain,20,3,167
TX,Rain,20,4,5
TX,Rain,21,2,340
TX,Rain,21,3,162
TX,Rain,21,4,4
TX,Rain,22,2,308
TX,Rain,22,3,113
TX,Rain,22,4,15
TX,Rain,23,2,213
TX,Rain,23,3,37
TX,Rain,23,4,6
TX,Severe wind,16,3,1
TX,Snow/Ice,0,2,36
TX,Snow/Ice,1,2,40
TX,Snow/Ice,1,4,1
TX,Snow/Ice,2,2,27
TX,Snow/Ice,2,3,1
TX,Snow/Ice,2,4,1
TX,Snow/Ice,3,2,25
TX,Snow/Ice,3,4,1
TX,Snow/Ice,4,2,55
TX,Snow/Ice,4,3,19
TX,Snow/Ice,5,2,82
TX,Snow/Ice,5,3,33
TX,Snow/Ice,5,4,6
TX,Snow/Ice,6,2,79
TX,Snow/Ice,6,3,11
TX,Snow/Ice,6,4,1
TX,Snow/Ice,7,2,66
TX,Snow/Ice,7,3,22
TX,Snow/Ice,8,2,90
TX,Snow/Ice,8,3,19
TX,Snow/Ice,9,2,67
TX,Snow/Ice,9,3,18
TX,Snow/Ice,9,4,2
TX,Snow/Ice,10,2,65
TX,Snow/Ice,10,3,14
TX,Snow/Ice,10,4,2
TX,Snow/Ice,11,2,67
TX,Snow/Ice,11,3,16
TX,Snow/Ice,11,4,1
TX,Snow/Ice,12,2,124
TX,Snow/Ice,12,3,26
TX,Snow/Ice,12,4,3
TX,Snow/Ice,13,2,105
TX,Snow/Ice,13,3,20
TX,Snow/Ice,13,4,3
TX,Snow/Ice,14,2,55
TX,Snow/Ice,14,3,17
TX,Snow/Ice,14,4,1
TX,Snow/Ice,15,2,48
TX,Snow/Ice,15,3,22
TX,Snow/Ice,15,4,2
TX,Snow/Ice,16,2,49
TX,Snow/Ice,16,3,5
TX,Snow/Ice,16,4,6
TX,Snow/Ice,17,2,29
TX,Snow/Ice,17,3,4
TX,Snow/Ice,18,2,46
TX,Snow/Ice,18,3,5
TX,Snow/Ice,19,2,36
TX,Snow/Ice,19,3,13
TX,Snow/Ice,20,2,41
TX,Snow/Ice,20,3,4
TX,Snow/Ice,20,4,3
TX,Snow/Ice,21,2,57
TX,Snow/Ice,21,3,4
TX,Snow/Ice,21,4,1
TX,Snow/Ice,22,2,23
TX,Snow/Ice,22,3,3
TX,Snow/Ice,23,2,16
TX,Thunderstorm,0,2,41
TX,Thunderstorm,0,3,5
TX,Thunderstorm,0,4,2
TX,Thunderstorm,1,2,28
TX,Thunderstorm,1,3,2
TX,Thunderstorm,1,4,2
TX,Thunderstorm,2,2,34
TX,Thunderstorm,2,3,3
TX,Thunderstorm,2,4,2
TX,Thunderstorm,3,2,30
TX,Thunderstorm,3,3,6
TX,Thunderstorm,3,4,1
TX,Thunderstorm,4,1,11
TX,Thunderstorm,4,2,162
TX,Thunderstorm,4,3,81
TX,Thunderstorm,4,4,7
TX,Thunderstorm,5,1,7
TX,Thunderstorm,5,2,294
TX,Thunderstorm,5,3,158
TX,Thunderstorm,5,4,8
TX,Thunderstorm,6,1,3
TX,Thunderstorm,6,2,372
TX,Thunderstorm,6,3,185
TX,Thunderstorm,6,4,11
TX,Thunderstorm,7,1,3
TX,Thunderstorm,7,2,358
TX,Thunderstorm,7,3,150
TX,Thunderstorm,7,4,17
TX,Thunderstorm,8,1,2
TX,Thunderstorm,8,2,335
TX,Thunderstorm,8,3,117
TX,Thunderstorm,9,2,183
TX,Thunderstorm,9,3,70
TX,Thunderstorm,9,4,1
TX,Thunderstorm,10,1,5
TX,Thunderstorm,10,2,209
TX,Thunderstorm,10,3,86
TX,Thunderstorm,10,4,3
TX,Thunderstorm,11,1,3
TX,Thunderstorm,11,2,274
TX,Thunderstorm,11,3,86
TX,Thunderstorm,11,4,9
TX,Thunderstorm,12,2,286
TX,Thunderstorm,12,3,94
TX,Thunderstorm,12,4,2
TX,Thunderstorm,13,1,1
TX,Thunderstorm,13,2,278
TX,Thunderstorm,13,3,105
TX,Thunderstorm,13,4,8
TX,Thunderstorm,14,2,357
TX,Thunderstorm,14,3,157
TX,Thunderstorm,14,4,16
TX,Thunderstorm,15,2,474
TX,Thunderstorm,15,3,150
TX,Thunderstorm,15,4,6
TX,Thunderstorm,16,2,533
TX,Thunderstorm,16,3,163
TX,Thunderstorm,16,4,9
TX,Thunderstorm,17,1,4
TX,Thunderstorm,17,2,507
TX,Thunderstorm,17,3,148
TX,Thunderstorm,17,4,9
TX,Thunderstorm,18,2,364
TX,Thunderstorm,18,3,133
TX,Thunderstorm,18,4,3
TX,Thunderstorm,19,2,303
TX,Thunderstorm,19,3,91
TX,Thunderstorm,19,4,5
TX,Thunderstorm,20,2,167
TX,Thunderstorm,20,3,54
TX,Thunderstorm,20,4,2
TX,Thunderstorm,21,2,120
TX,Thunderstorm,21,3,51
TX,Thunderstorm,21,4,4
TX,Thunderstorm,22,2,108
TX,Thunderstorm,22,3,38
TX,Thunderstorm,23,2,60
TX,Thunderstorm,23,3,14
TX,Thunderstorm,23,4,2
UT,Clear/Fair,0,2,643
UT,Clear/Fair,0,3,10
UT,Clear/Fair,0,4,15
UT,Clear/Fair,1,2,394
UT,Clear/Fair,1,3,10
UT,Clear/Fair,1,4,11
UT,Clear/Fair,2,2,331
UT,Clear/Fair,2,3,5
UT,Clear/Fair,2,4,17
UT,Clear/Fair,3,2,296
UT,Clear/Fair,3,3,18
UT,Clear/Fair,3,4,17
UT,Clear/Fair,4,1,6
UT,Clear/Fair,4,2,465
UT,Clear/Fair,4,3,118
UT,Clear/Fair,4,4,16
UT,Clear/Fair,5,1,23
UT,Clear/Fair,5,2,857
UT,Clear/Fair,5,3,162
UT,Clear/Fair,5,4,12
UT,Clear/Fair,6,1,23
UT,Clear/Fair,6,2,1524
UT,Clear/Fair,6,3,326
UT,Clear/Fair,6,4,28
UT,Clear/Fair,7,1,26
UT,Clear/Fair,7,2,2203
UT,Clear/Fair,7,3,440
UT,Clear/Fair,7,4,29
UT,Clear/Fair,8,1,47
UT,Clear/Fair,8,2,2329
UT,Clear/Fair,8,3,441
UT,Clear/Fair,8,4,36
UT,Clear/Fair,9,1,19
UT,Clear/Fair,9,2,1635
UT,Clear/Fair,9,3,360
UT,Clear/Fair,9,4,30
UT,Clear/Fair,10,1,4
UT,Clear/Fair,10,2,1500
UT,Clear/Fair,10,3,254
UT,Clear/Fair,10,4,23
UT,Clear/Fair,11,1,2
UT,Clear/Fair,11,2,1298
UT,Clear/Fair,11,3,240
UT,Clear/Fair,11,4,24
UT,Clear/Fair,12,1,4
UT,Clear/Fair,12,2,1546
UT,Clear/Fair,12,3,259
UT,Clear/Fair,12,4,37
UT,Clear/Fair,13,1,4
UT,Clear/Fair,13,2,1680
UT,Clear/Fair,13,3,292
UT,Clear/Fair,13,4,41
UT,Clear/Fair,14,1,1
UT,Clear/Fair,14,2,1464
UT,Clear/Fair,14,3,293
UT,Clear/Fair,14,4,45
UT,Clear/Fair,15,1,17
UT,Clear/Fair,15,2,1771
UT,Clear/Fair,15,3,408
UT,Clear/Fair,15,4,28
UT,Clear/Fair,16,1,21
UT,Clear/Fair,16,2,1955
UT,Clear/Fair,16,3,449
UT,Clear/Fair,16,4,39
UT,Clear/Fair,17,1,35
UT,Clear/Fair,17,2,2116
UT,Clear/Fair,17,3,564
UT,Clear/Fair,17,4,43
UT,Clear/Fair,18,1,18
UT,Clear/Fair,18,2,1445
UT,Clear/Fair,18,3,408
UT,Clear/Fair,18,4,38
UT,Clear/Fair,19,1,1
UT,Clear/Fair,19,2,776
UT,Clear/Fair,19,3,151
UT,Clear/Fair,19,4,27
UT,Clear/Fair,20,2,570
UT,Clear/Fair,20,3,90
UT,Clear/Fair,20,4,27
UT,Clear/Fair,21,2,644
UT,Clear/Fair,21,3,85
UT,Clear/Fair,21,4,15
UT,Clear/Fair,22,1,2
UT,Clear/Fair,22,2,734
UT,Clear/Fair,22,3,81
UT,Clear/Fair,22,4,20
UT,Clear/Fair,23,2,532
UT,Clear/Fair,23,3,13
UT,Clear/Fair,23,4,13
UT,Cloudy,0,2,561
UT,Cloudy,0,3,17
UT,Cloudy,0,4,16
UT,Cloudy,1,1,1
UT,Cloudy,1,2,425
UT,Cloudy,1,3,11
UT,Cloudy,1,4,23
UT,Cloudy,2,2,340
UT,Cloudy,2,3,11
UT,Cloudy,2,4,16
UT,Cloudy,3,2,310
UT,Cloudy,3,3,8
UT,Cloudy,3,4,22
UT,Cloudy,4,1,4
UT,Cloudy,4,2,575
UT,Cloudy,4,3,171
UT,Cloudy,4,4,30
UT,Cloudy,5,1,12
UT,Cloudy,5,2,1113
UT,Cloudy,5,3,215
UT,Cloudy,5,4,27
UT,Cloudy,6,1,18
UT,Cloudy,6,2,1876
UT,Cloudy,6,3,343
UT,Cloudy,6,4,40
UT,Cloudy,7,1,38
UT,Cloudy,7,2,2744
UT,Cloudy,7,3,608
UT,Cloudy,7,4,43
UT,Cloudy,8,1,40
UT,Cloudy,8,2,2722
UT,Cloudy,8,3,599
UT,Cloudy,8,4,56
UT,Cloudy,9,1,12
UT,Cloudy,9,2,1866
UT,Cloudy,9,3,482
UT,Cloudy,9,4,49
UT,Cloudy,10,1,1
UT,Cloudy,10,2,1408
UT,Cloudy,10,3,268
UT,Cloudy,10,4,29
UT,Cloudy,11,1,3
UT,Cloudy,11,2,1288
UT,Cloudy,11,3,276
UT,Cloudy,11,4,23
UT,Cloudy,12,1,3
UT,Cloudy,12,2,1611
UT,Cloudy,12,3,318
UT,Cloudy,12,4,35
UT,Cloudy,13,1,1
UT,Cloudy,13,2,1789
UT,Cloudy,13,3,385
UT,Cloudy,13,4,58
UT,Cloudy,14,1,2
UT,Cloudy,14,2,1613
UT,Cloudy,14,3,410
UT,Cloudy,14,4,34
UT,Cloudy,15,1,49
UT,Cloudy,15,2,2180
UT,Cloudy,15,3,530
UT,Cloudy,15,4,38
UT,Cloudy,16,1,51
UT,Cloudy,16,2,2430
UT,Cloudy,16,3,652
UT,Cloudy,16,4,30
UT,Cloudy,17,1,53
UT,Cloudy,17,2,2589
UT,Cloudy,17,3,686
UT,Cloudy,17,4,45
UT,Cloudy,18,1,19
UT,Cloudy,18,2,1770
UT,Cloudy,18,3,537
UT,Cloudy,18,4,27
UT,Cloudy,19,1,2
UT,Cloudy,19,2,990
UT,Cloudy,19,3,230
UT,Cloudy,19,4,30
UT,Cloudy,20,2,669
UT,Cloudy,20,3,160
UT,Cloudy,20,4,15
UT,Cloudy,21,1,1
UT,Cloudy,21,2,668
UT,Cloudy,21,3,103
UT,Cloudy,21,4,14
UT,Cloudy,22,1,1
UT,Cloudy,22,2,698
UT,Cloudy,22,3,111
UT,Cloudy,22,4,26
UT,Cloudy,23,2,551
UT,Cloudy,23,3,7
UT,Cloudy,23,4,12
UT,Fog/Low visibility,0,2,19
UT,Fog/Low visibility,0,3,2
UT,Fog/Low visibility,1,2,11
UT,Fog/Low visibility,1,3,5
UT,Fog/Low visibility,2,2,11
UT,Fog/Low visibility,2,3,2
UT,Fog/Low visibility,3,2,6
UT,Fog/Low visibility,4,2,15
UT,Fog/Low visibility,4,3,3
UT,Fog/Low visibility,5,2,43
UT,Fog/Low visibility,5,3,4
UT,Fog/Low visibility,6,2,54
UT,Fog/Low visibility,6,3,13
UT,Fog/Low visibility,6,4,1
UT,Fog/Low visibility,7,2,115
UT,Fog/Low visibility,7,3,16
UT,Fog/Low visibility,7,4,1
UT,Fog/Low visibility,8,2,159
UT,Fog/Low visibility,8,3,21
UT,Fog/Low visibility,9,2,69
UT,Fog/Low visibility,9,3,14
UT,Fog/Low visibility,9,4,1
UT,Fog/Low visibility,10,2,64
UT,Fog/Low visibility,10,3,7
UT,Fog/Low visibility,10,4,1
UT,Fog/Low visibility,11,2,40
UT,Fog/Low visibility,11,3,6
UT,Fog/Low visibility,12,2,60
UT,Fog/Low visibility,12,3,10
UT,Fog/Low visibility,12,4,4
UT,Fog/Low visibility,13,2,60
UT,Fog/Low visibility,13,3,10
UT,Fog/Low visibility,13,4,2
UT,Fog/Low visibility,14,2,44
UT,Fog/Low visibility,14,3,10
UT,Fog/Low visibility,14,4,1
UT,Fog/Low visibility,15,1,1
UT,Fog/Low visibility,15,2,52
UT,Fog/Low visibility,15,3,12
UT,Fog/Low visibility,16,2,67
UT,Fog/Low visibility,16,3,18
UT,Fog/Low visibility,16,4,1
UT,Fog/Low visibility,17,2,66
UT,Fog/Low visibility,17,3,21
UT,Fog/Low visibility,17,4,1
UT,Fog/Low visibility,18,2,54
UT,Fog/Low visibility,18,3,17
UT,Fog/Low visibility,18,4,1
UT,Fog/Low visibility,19,2,27
UT,Fog/Low visibility,19,3,3
UT,Fog/Low visibility,20,2,30
UT,Fog/Low visibility,20,3,1
UT,Fog/Low visibility,21,2,21
UT,Fog/Low visibility,21,3,2
UT,Fog/Low visibility,22,2,17
UT,Fog/Low visibility,23,2,28
UT,Precipitation (type unknown),1,2,6
UT,Precipitation (type unknown),2,2,2
UT,Precipitation (type unknown),4,2,5
UT,Precipitation (type unknown),5,2,19
UT,Precipitation (type unknown),6,2,4
UT,Precipitation (type unknown),8,2,3
UT,Precipitation (type unknown),9,2,1
UT,Precipitation (type unknown),10,2,2
UT,Precipitation (type unknown),11,2,1
UT,Precipitation (type unknown),13,3,1
UT,Precipitation (type unknown),14,2,1
UT,Precipitation (type unknown),14,3,1
UT,Precipitation (type unknown),15,2,7
UT,Precipitation (type unknown),16,2,1
UT,Precipitation (type unknown),16,3,1
UT,Precipitation (type unknown),17,2,1
UT,Precipitation (type unknown),19,2,1
UT,Precipitation (type unknown),20,2,2
UT,Precipitation (type unknown),21,2,3
UT,Precipitation (type unknown),22,2,1
UT,Precipitation (type unknown),23,2,1
UT,Rain,0,2,49
UT,Rain,0,4,1
UT,Rain,1,2,64
UT,Rain,1,4,2
UT,Rain,2,2,67
UT,Rain,2,4,1
UT,Rain,3,2,53
UT,Rain,3,3,2
UT,Rain,4,1,2
UT,Rain,4,2,80
UT,Rain,4,3,25
UT,Rain,5,1,2
UT,Rain,5,2,117
UT,Rain,5,3,26
UT,Rain,5,4,1
UT,Rain,6,1,1
UT,Rain,6,2,162
UT,Rain,6,3,43
UT,Rain,6,4,2
UT,Rain,7,1,4
UT,Rain,7,2,224
UT,Rain,7,3,36
UT,Rain,7,4,12
UT,Rain,8,1,5
UT,Rain,8,2,235
UT,Rain,8,3,39
UT,Rain,8,4,3
UT,Rain,9,2,208
UT,Rain,9,3,64
UT,Rain,9,4,1
UT,Rain,10,2,150
UT,Rain,10,3,33
UT,Rain,10,4,1
UT,Rain,11,2,125
UT,Rain,11,3,27
UT,Rain,12,2,174
UT,Rain,12,3,43
UT,Rain,13,2,147
UT,Rain,13,3,30
UT,Rain,13,4,1
UT,Rain,14,2,135
UT,Rain,14,3,30
UT,Rain,15,1,2
UT,Rain,15,2,150
UT,Rain,15,3,47
UT,Rain,15,4,3
UT,Rain,16,1,2
UT,Rain,16,2,177
UT,Rain,16,3,36
UT,Rain,17,1,3
UT,Rain,17,2,172
UT,Rain,17,3,57
UT,Rain,18,1,1
UT,Rain,18,2,124
UT,Rain,18,3,35
UT,Rain,18,4,1
UT,Rain,19,2,117
UT,Rain,19,3,28
UT,Rain,19,4,2
UT,Rain,20,2,79
UT,Rain,20,3,18
UT,Rain,21,2,104
UT,Rain,21,3,20
UT,Rain,22,2,74
UT,Rain,22,3,20
UT,Rain,22,4,2
UT,Rain,23,2,51
UT,Rain,23,3,3
UT,Rain,23,4,1
UT,Severe wind,7,2,1
UT,Severe wind,17,1,1
UT,Severe wind,18,2,1
UT,Severe wind,21,2,1
UT,Snow/Ice,0,2,184
UT,Snow/Ice,0,3,7
UT,Snow/Ice,0,4,3
UT,Snow/Ice,1,2,123
UT,Snow/Ice,1,3,4
UT,Snow/Ice,2,2,90
UT,Snow/Ice,2,4,1
UT,Snow/Ice,3,2,108
UT,Snow/Ice,3,3,6
UT,Snow/Ice,3,4,1
UT,Snow/Ice,4,1,1
UT,Snow/Ice,4,2,230
UT,Snow/Ice,4,3,59
UT,Snow/Ice,4,4,1
UT,Snow/Ice,5,2,371
UT,Snow/Ice,5,3,45
UT,Snow/Ice,5,4,1
UT,Snow/Ice,6,1,3
UT,Snow/Ice,6,2,406
UT,Snow/Ice,6,3,78
UT,Snow/Ice,6,4,8
UT,Snow/Ice,7,1,1
UT,Snow/Ice,7,2,551
UT,Snow/Ice,7,3,84
UT,Snow/Ice,7,4,1
UT,Snow/Ice,8,1,2
UT,Snow/Ice,8,2,504
UT,Snow/Ice,8,3,94
UT,Snow/Ice,8,4,5
UT,Snow/Ice,9,2,352
UT,Snow/Ice,9,3,97
UT,Snow/Ice,9,4,5
UT,Snow/Ice,10,2,275
UT,Snow/Ice,10,3,43
UT,Snow/Ice,10,4,5
UT,Snow/Ice,11,2,189
UT,Snow/Ice,11,3,47
UT,Snow/Ice,11,4,1
UT,Snow/Ice,12,2,178
UT,Snow/Ice,12,3,29
UT,Snow/Ice,12,4,2
UT,Snow/Ice,13,2,147
UT,Snow/Ice,13,3,22
UT,Snow/Ice,13,4,8
UT,Snow/Ice,14,2,159
UT,Snow/Ice,14,3,32
UT,Snow/Ice,14,4,1
UT,Snow/Ice,15,2,169
UT,Snow/Ice,15,3,23
UT,Snow/Ice,15,4,2
UT,Snow/Ice,16,2,207
UT,Snow/Ice,16,3,30
UT,Snow/Ice,16,4,6
UT,Snow/Ice,17,2,200
UT,Snow/Ice,17,3,37
UT,Snow/Ice,18,2,162
UT,Snow/Ice,18,3,20
UT,Snow/Ice,18,4,2
UT,Snow/Ice,19,2,102
UT,Snow/Ice,19,3,10
UT,Snow/Ice,19,4,1
UT,Snow/Ice,20,2,110
UT,Snow/Ice,20,3,19
UT,Snow/Ice,20,4,1
UT,Snow/Ice,21,2,111
UT,Snow/Ice,21,3,15
UT,Snow/Ice,21,4,1
UT,Snow/Ice,22,2,146
UT,Snow/Ice,22,3,16
UT,Snow/Ice,22,4,2
UT,Snow/Ice,23,2,148
UT,Snow/Ice,23,4,1
UT,Thunderstorm,0,2,6
UT,Thunderstorm,1,2,4
UT,Thunderstorm,1,3,1
UT,Thunderstorm,2,2,2
UT,Thunderstorm,3,2,3
UT,Thunderstorm,4,2,3
UT,Thunderstorm,5,2,3
UT,Thunderstorm,5,3,1
UT,Thunderstorm,6,2,4
UT,Thunderstorm,7,2,4
UT,Thunderstorm,7,3,3
UT,Thunderstorm,8,2,7
UT,Thunderstorm,8,3,3
UT,Thunderstorm,9,2,4
UT,Thunderstorm,9,3,3
UT,Thunderstorm,10,2,13
UT,Thunderstorm,10,3,1
UT,Thunderstorm,11,2,4
UT,Thunderstorm,11,3,5
UT,Thunderstorm,12,2,18
UT,Thunderstorm,12,3,4
UT,Thunderstorm,13,2,34
UT,Thunderstorm,13,3,10
UT,Thunderstorm,14,2,36
UT,Thunderstorm,14,3,3
UT,Thunderstorm,15,2,36
UT,Thunderstorm,15,3,8
UT,Thunderstorm,15,4,1
UT,Thunderstorm,16,2,27
UT,Thunderstorm,16,3,6
UT,Thunderstorm,16,4,1
UT,Thunderstorm,17,1,1
UT,Thunderstorm,17,2,34
UT,Thunderstorm,17,3,11
UT,Thunderstorm,17,4,2
UT,Thunderstorm,18,2,20
UT,Thunderstorm,18,3,8
UT,Thunderstorm,19,2,24
UT,Thunderstorm,19,3,4
UT,Thunderstorm,20,2,12
UT,Thunderstorm,20,3,2
UT,Thunderstorm,21,2,4
UT,Thunderstorm,21,3,1
UT,Thunderstorm,22,2,15
UT,Thunderstorm,22,3,9
UT,Thunderstorm,22,4,2
UT,Thunderstorm,23,2,17
VA,Clear/Fair,0,2,1489
VA,Clear/Fair,0,3,48
VA,Clear/Fair,0,4,252
VA,Clear/Fair,1,2,1170
VA,Clear/Fair,1,3,20
VA,Clear/Fair,1,4,205
VA,Clear/Fair,2,2,1205
VA,Clear/Fair,2,3,25
VA,Clear/Fair,2,4,198
VA,Clear/Fair,3,2,909
VA,Clear/Fair,3,3,28
VA,Clear/Fair,3,4,135
VA,Clear/Fair,4,1,134
VA,Clear/Fair,4,2,1880
VA,Clear/Fair,4,3,408
VA,Clear/Fair,4,4,169
VA,Clear/Fair,5,1,67
VA,Clear/Fair,5,2,2526
VA,Clear/Fair,5,3,471
VA,Clear/Fair,5,4,206
VA,Clear/Fair,6,1,160
VA,Clear/Fair,6,2,4765
VA,Clear/Fair,6,3,834
VA,Clear/Fair,6,4,258
VA,Clear/Fair,7,1,207
VA,Clear/Fair,7,2,6947
VA,Clear/Fair,7,3,1370
VA,Clear/Fair,7,4,352
VA,Clear/Fair,8,1,161
VA,Clear/Fair,8,2,7218
VA,Clear/Fair,8,3,1420
VA,Clear/Fair,8,4,355
VA,Clear/Fair,9,1,24
VA,Clear/Fair,9,2,3868
VA,Clear/Fair,9,3,851
VA,Clear/Fair,9,4,345
VA,Clear/Fair,10,1,12
VA,Clear/Fair,10,2,3912
VA,Clear/Fair,10,3,777
VA,Clear/Fair,10,4,295
VA,Clear/Fair,11,1,11
VA,Clear/Fair,11,2,4113
VA,Clear/Fair,11,3,705
VA,Clear/Fair,11,4,328
VA,Clear/Fair,12,1,12
VA,Clear/Fair,12,2,4533
VA,Clear/Fair,12,3,851
VA,Clear/Fair,12,4,378
VA,Clear/Fair,13,1,12
VA,Clear/Fair,13,2,4614
VA,Clear/Fair,13,3,776
VA,Clear/Fair,13,4,366
VA,Clear/Fair,14,1,4
VA,Clear/Fair,14,2,5415
VA,Clear/Fair,14,3,868
VA,Clear/Fair,14,4,359
VA,Clear/Fair,15,1,22
VA,Clear/Fair,15,2,6052
VA,Clear/Fair,15,3,1118
VA,Clear/Fair,15,4,456
VA,Clear/Fair,16,1,104
VA,Clear/Fair,16,2,7360
VA,Clear/Fair,16,3,1319
VA,Clear/Fair,16,4,499
VA,Clear/Fair,17,1,109
VA,Clear/Fair,17,2,7634
VA,Clear/Fair,17,3,1555
VA,Clear/Fair,17,4,519
VA,Clear/Fair,18,1,93
VA,Clear/Fair,18,2,5543
VA,Clear/Fair,18,3,1357
VA,Clear/Fair,18,4,560
VA,Clear/Fair,19,1,5
VA,Clear/Fair,19,2,3970
VA,Clear/Fair,19,3,871
VA,Clear/Fair,19,4,495
VA,Clear/Fair,20,2,2899
VA,Clear/Fair,20,3,603
VA,Clear/Fair,20,4,373
VA,Clear/Fair,21,1,1
VA,Clear/Fair,21,2,2574
VA,Clear/Fair,21,3,401
VA,Clear/Fair,21,4,354
VA,Clear/Fair,22,2,2172
VA,Clear/Fair,22,3,423
VA,Clear/Fair,22,4,328
VA,Clear/Fair,23,1,2
VA,Clear/Fair,23,2,1715
VA,Clear/Fair,23,3,48
VA,Clear/Fair,23,4,299
VA,Cloudy,0,1,1
VA,Cloudy,0,2,1028
VA,Cloudy,0,3,57
VA,Cloudy,0,4,195
VA,Cloudy,1,2,968
VA,Cloudy,1,3,38
VA,Cloudy,1,4,154
VA,Cloudy,2,2,933
VA,Cloudy,2,3,35
VA,Cloudy,2,4,134
VA,Cloudy,3,2,748
VA,Cloudy,3,3,31
VA,Cloudy,3,4,128
VA,Cloudy,4,1,70
VA,Cloudy,4,2,1680
VA,Cloudy,4,3,483
VA,Cloudy,4,4,135
VA,Cloudy,5,1,74
VA,Cloudy,5,2,2149
VA,Cloudy,5,3,625
VA,Cloudy,5,4,198
VA,Cloudy,6,1,144
VA,Cloudy,6,2,4203
VA,Cloudy,6,3,1261
VA,Cloudy,6,4,255
VA,Cloudy,7,1,174
VA,Cloudy,7,2,6487
VA,Cloudy,7,3,1840
VA,Cloudy,7,4,348
VA,Cloudy,8,1,172
VA,Cloudy,8,2,6490
VA,Cloudy,8,3,1781
VA,Cloudy,8,4,268
VA,Cloudy,9,1,26
VA,Cloudy,9,2,3508
VA,Cloudy,9,3,1186
VA,Cloudy,9,4,279
VA,Cloudy,10,1,33
VA,Cloudy,10,2,3499
VA,Cloudy,10,3,1047
VA,Cloudy,10,4,264
VA,Cloudy,11,1,40
VA,Cloudy,11,2,4058
VA,Cloudy,11,3,1045
VA,Cloudy,11,4,302
VA,Cloudy,12,1,26
VA,Cloudy,12,2,5007
VA,Cloudy,12,3,1145
VA,Cloudy,12,4,404
VA,Cloudy,13,1,29
VA,Cloudy,13,2,5453
VA,Cloudy,13,3,1226
VA,Cloudy,13,4,392
VA,Cloudy,14,1,18
VA,Cloudy,14,2,6501
VA,Cloudy,14,3,1432
VA,Cloudy,14,4,376
VA,Cloudy,15,1,68
VA,Cloudy,15,2,6920
VA,Cloudy,15,3,1755
VA,Cloudy,15,4,452
VA,Cloudy,16,1,143
VA,Cloudy,16,2,8144
VA,Cloudy,16,3,2141
VA,Cloudy,16,4,487
VA,Cloudy,17,1,132
VA,Cloudy,17,2,7302
VA,Cloudy,17,3,1996
VA,Cloudy,17,4,437
VA,Cloudy,18,1,110
VA,Cloudy,18,2,4826
VA,Cloudy,18,3,1584
VA,Cloudy,18,4,390
VA,Cloudy,19,1,2
VA,Cloudy,19,2,3344
VA,Cloudy,19,3,1112
VA,Cloudy,19,4,322
VA,Cloudy,20,2,2264
VA,Cloudy,20,3,613
VA,Cloudy,20,4,283
VA,Cloudy,21,2,1875
VA,Cloudy,21,3,432
VA,Cloudy,21,4,230
VA,Cloudy,22,2,1657
VA,Cloudy,22,3,493
VA,Cloudy,22,4,218
VA,Cloudy,23,2,1200
VA,Cloudy,23,3,53
VA,Cloudy,23,4,193
VA,Fog/Low visibility,0,2,89
VA,Fog/Low visibility,0,4,14
VA,Fog/Low visibility,1,2,77
VA,Fog/Low visibility,1,4,12
VA,Fog/Low visibility,2,2,74
VA,Fog/Low visibility,2,4,7
VA,Fog/Low visibility,3,2,51
VA,Fog/Low visibility,3,4,10
VA,Fog/Low visibility,4,1,3
VA,Fog/Low visibility,4,2,156
VA,Fog/Low visibility,4,3,26
VA,Fog/Low visibility,4,4,16
VA,Fog/Low visibility,5,1,3
VA,Fog/Low visibility,5,2,231
VA,Fog/Low visibility,5,3,40
VA,Fog/Low visibility,5,4,11
VA,Fog/Low visibility,6,1,21
VA,Fog/Low visibility,6,2,461
VA,Fog/Low visibility,6,3,65
VA,Fog/Low visibility,6,4,30
VA,Fog/Low visibility,7,1,18
VA,Fog/Low visibility,7,2,652
VA,Fog/Low visibility,7,3,108
VA,Fog/Low visibility,7,4,41
VA,Fog/Low visibility,8,1,11
VA,Fog/Low visibility,8,2,417
VA,Fog/Low visibility,8,3,59
VA,Fog/Low visibility,8,4,17
VA,Fog/Low visibility,9,2,198
VA,Fog/Low visibility,9,3,30
VA,Fog/Low visibility,9,4,12
VA,Fog/Low visibility,10,2,136
VA,Fog/Low visibility,10,3,27
VA,Fog/Low visibility,10,4,13
VA,Fog/Low visibility,11,2,94
VA,Fog/Low visibility,11,3,17
VA,Fog/Low visibility,11,4,3
VA,Fog/Low visibility,12,2,79
VA,Fog/Low visibility,12,3,15
VA,Fog/Low visibility,12,4,6
VA,Fog/Low visibility,13,2,61
VA,Fog/Low visibility,13,3,12
VA,Fog/Low visibility,13,4,6
VA,Fog/Low visibility,14,1,1
VA,Fog/Low visibility,14,2,48
VA,Fog/Low visibility,14,3,16
VA,Fog/Low visibility,14,4,4
VA,Fog/Low visibility,15,1,2
VA,Fog/Low visibility,15,2,80
VA,Fog/Low visibility,15,3,19
VA,Fog/Low visibility,15,4,4
VA,Fog/Low visibility,16,1,2
VA,Fog/Low visibility,16,2,107
VA,Fog/Low visibility,16,3,11
VA,Fog/Low visibility,16,4,2
VA,Fog/Low visibility,17,2,167
VA,Fog/Low visibility,17,3,19
VA,Fog/Low visibility,17,4,7
VA,Fog/Low visibility,18,2,103
VA,Fog/Low visibility,18,3,16
VA,Fog/Low visibility,18,4,6
VA,Fog/Low visibility,19,2,61
VA,Fog/Low visibility,19,3,13
VA,Fog/Low visibility,19,4,11
VA,Fog/Low visibility,20,2,75
VA,Fog/Low visibility,20,3,7
VA,Fog/Low visibility,20,4,11
VA,Fog/Low visibility,21,2,79
VA,Fog/Low visibility,21,3,12
VA,Fog/Low visibility,21,4,19
VA,Fog/Low visibility,22,2,82
VA,Fog/Low visibility,22,3,13
VA,Fog/Low visibility,22,4,16
VA,Fog/Low visibility,23,2,90
VA,Fog/Low visibility,23,4,13
VA,Precipitation (type unknown),2,2,6
VA,Precipitation (type unknown),3,2,3
VA,Precipitation (type unknown),3,4,1
VA,Precipitation (type unknown),4,2,2
VA,Precipitation (type unknown),5,2,1
VA,Precipitation (type unknown),6,2,4
VA,Precipitation (type unknown),7,2,4
VA,Precipitation (type unknown),7,4,2
VA,Precipitation (type unknown),8,2,3
VA,Precipitation (type unknown),9,2,10
VA,Precipitation (type unknown),9,3,1
VA,Precipitation (type unknown),10,2,3
VA,Precipitation (type unknown),11,2,3
VA,Precipitation (type unknown),12,2,16
VA,Precipitation (type unknown),12,3,1
VA,Precipitation (type unknown),12,4,4
VA,Precipitation (type unknown),13,2,8
VA,Precipitation (type unknown),13,3,1
VA,Precipitation (type unknown),14,2,5
VA,Precipitation (type unknown),14,4,1
VA,Precipitation (type unknown),15,2,2
VA,Precipitation (type unknown),15,3,1
VA,Precipitation (type unknown),16,2,7
VA,Precipitation (type unknown),17,2,3
VA,Precipitation (type unknown),17,3,1
VA,Precipitation (type unknown),18,2,2
VA,Precipitation (type unknown),18,3,1
VA,Precipitation (type unknown),19,3,1
VA,Precipitation (type unknown),21,2,1
VA,Precipitation (type unknown),21,3,1
VA,Precipitation (type unknown),22,2,2
VA,Precipitation (type unknown),23,2,2
VA,Rain,0,2,217
VA,Rain,0,3,12
VA,Rain,0,4,33
VA,Rain,1,2,188
VA,Rain,1,3,6
VA,Rain,1,4,35
VA,Rain,2,2,230
VA,Rain,2,3,6
VA,Rain,2,4,43
VA,Rain,3,2,172
VA,Rain,3,3,10
VA,Rain,3,4,36
VA,Rain,4,1,11
VA,Rain,4,2,403
VA,Rain,4,3,150
VA,Rain,4,4,21
VA,Rain,5,1,22
VA,Rain,5,2,538
VA,Rain,5,3,212
VA,Rain,5,4,55
VA,Rain,6,1,24
VA,Rain,6,2,1033
VA,Rain,6,3,326
VA,Rain,6,4,67
VA,Rain,7,1,52
VA,Rain,7,2,1328
VA,Rain,7,3,435
VA,Rain,7,4,55
VA,Rain,8,1,62
VA,Rain,8,2,1471
VA,Rain,8,3,415
VA,Rain,8,4,65
VA,Rain,9,1,10
VA,Rain,9,2,764
VA,Rain,9,3,270
VA,Rain,9,4,57
VA,Rain,10,1,6
VA,Rain,10,2,660
VA,Rain,10,3,271
VA,Rain,10,4,40
VA,Rain,11,1,7
VA,Rain,11,2,706
VA,Rain,11,3,253
VA,Rain,11,4,59
VA,Rain,12,1,3
VA,Rain,12,2,862
VA,Rain,12,3,260
VA,Rain,12,4,47
VA,Rain,13,1,10
VA,Rain,13,2,946
VA,Rain,13,3,312
VA,Rain,13,4,68
VA,Rain,14,1,4
VA,Rain,14,2,1040
VA,Rain,14,3,323
VA,Rain,14,4,57
VA,Rain,15,1,20
VA,Rain,15,2,1231
VA,Rain,15,3,321
VA,Rain,15,4,70
VA,Rain,16,1,45
VA,Rain,16,2,1434
VA,Rain,16,3,425
VA,Rain,16,4,71
VA,Rain,17,1,54
VA,Rain,17,2,1407
VA,Rain,17,3,431
VA,Rain,17,4,61
VA,Rain,18,1,37
VA,Rain,18,2,975
VA,Rain,18,3,311
VA,Rain,18,4,66
VA,Rain,19,1,1
VA,Rain,19,2,705
VA,Rain,19,3,268
VA,Rain,19,4,60
VA,Rain,20,2,535
VA,Rain,20,3,179
VA,Rain,20,4,54
VA,Rain,21,2,443
VA,Rain,21,3,134
VA,Rain,21,4,56
VA,Rain,22,2,390
VA,Rain,22,3,143
VA,Rain,22,4,59
VA,Rain,23,2,253
VA,Rain,23,3,15
VA,Rain,23,4,33
VA,Severe wind,8,3,1
VA,Severe wind,10,2,2
VA,Severe wind,15,2,5
VA,Snow/Ice,0,2,45
VA,Snow/Ice,0,3,3
VA,Snow/Ice,0,4,6
VA,Snow/Ice,1,2,45
VA,Snow/Ice,1,4,3
VA,Snow/Ice,2,2,32
VA,Snow/Ice,2,4,4
VA,Snow/Ice,3,2,44
VA,Snow/Ice,3,4,13
VA,Snow/Ice,4,2,68
VA,Snow/Ice,4,3,29
VA,Snow/Ice,4,4,7
VA,Snow/Ice,5,2,79
VA,Snow/Ice,5,3,31
VA,Snow/Ice,5,4,7
VA,Snow/Ice,6,2,152
VA,Snow/Ice,6,3,47
VA,Snow/Ice,6,4,11
VA,Snow/Ice,7,2,255
VA,Snow/Ice,7,3,74
VA,Snow/Ice,7,4,11
VA,Snow/Ice,8,2,280
VA,Snow/Ice,8,3,78
VA,Snow/Ice,8,4,17
VA,Snow/Ice,9,2,199
VA,Snow/Ice,9,3,65
VA,Snow/Ice,9,4,11
VA,Snow/Ice,10,2,207
VA,Snow/Ice,10,3,47
VA,Snow/Ice,10,4,7
VA,Snow/Ice,11,2,197
VA,Snow/Ice,11,3,48
VA,Snow/Ice,11,4,14
VA,Snow/Ice,12,2,156
VA,Snow/Ice,12,3,53
VA,Snow/Ice,12,4,13
VA,Snow/Ice,13,2,193
VA,Snow/Ice,13,3,29
VA,Snow/Ice,13,4,7
VA,Snow/Ice,14,2,156
VA,Snow/Ice,14,3,34
VA,Snow/Ice,14,4,6
VA,Snow/Ice,15,2,170
VA,Snow/Ice,15,3,26
VA,Snow/Ice,15,4,6
VA,Snow/Ice,16,2,123
VA,Snow/Ice,16,3,43
VA,Snow/Ice,16,4,15
VA,Snow/Ice,17,2,124
VA,Snow/Ice,17,3,39
VA,Snow/Ice,17,4,4
VA,Snow/Ice,18,2,77
VA,Snow/Ice,18,3,27
VA,Snow/Ice,18,4,4
VA,Snow/Ice,19,2,73
VA,Snow/Ice,19,3,27
VA,Snow/Ice,19,4,8
VA,Snow/Ice,20,2,72
VA,Snow/Ice,20,3,19
VA,Snow/Ice,20,4,8
VA,Snow/Ice,21,2,105
VA,Snow/Ice,21,3,16
VA,Snow/Ice,21,4,15
VA,Snow/Ice,22,2,63
VA,Snow/Ice,22,3,13
VA,Snow/Ice,22,4,12
VA,Snow/Ice,23,2,26
VA,Snow/Ice,23,4,8
VA,Thunderstorm,0,2,6
VA,Thunderstorm,0,4,6
VA,Thunderstorm,1,2,4
VA,Thunderstorm,2,2,6
VA,Thunderstorm,3,4,2
VA,Thunderstorm,4,2,20
VA,Thunderstorm,4,3,12
VA,Thunderstorm,5,2,19
VA,Thunderstorm,5,3,9
VA,Thunderstorm,5,4,1
VA,Thunderstorm,6,1,4
VA,Thunderstorm,6,2,15
VA,Thunderstorm,6,3,6
VA,Thunderstorm,6,4,3
VA,Thunderstorm,7,1,5
VA,Thunderstorm,7,2,20
VA,Thunderstorm,7,3,6
VA,Thunderstorm,7,4,2
VA,Thunderstorm,8,1,2
VA,Thunderstorm,8,2,12
VA,Thunderstorm,8,3,5
VA,Thunderstorm,8,4,1
VA,Thunderstorm,9,2,15
VA,Thunderstorm,9,3,4
VA,Thunderstorm,9,4,1
VA,Thunderstorm,10,2,12
VA,Thunderstorm,10,3,2
VA,Thunderstorm,10,4,3
VA,Thunderstorm,11,2,34
VA,Thunderstorm,11,3,4
VA,Thunderstorm,11,4,4
VA,Thunderstorm,12,2,82
VA,Thunderstorm,12,3,6
VA,Thunderstorm,13,2,129
VA,Thunderstorm,13,3,34
VA,Thunderstorm,13,4,7
VA,Thunderstorm,14,1,1
VA,Thunderstorm,14,2,209
VA,Thunderstorm,14,3,43
VA,Thunderstorm,14,4,21
VA,Thunderstorm,15,1,1
VA,Thunderstorm,15,2,375
VA,Thunderstorm,15,3,73
VA,Thunderstorm,15,4,16
VA,Thunderstorm,16,1,8
VA,Thunderstorm,16,2,415
VA,Thunderstorm,16,3,120
VA,Thunderstorm,16,4,15
VA,Thunderstorm,17,1,5
VA,Thunderstorm,17,2,394
VA,Thunderstorm,17,3,113
VA,Thunderstorm,17,4,17
VA,Thunderstorm,18,1,1
VA,Thunderstorm,18,2,219
VA,Thunderstorm,18,3,91
VA,Thunderstorm,18,4,24
VA,Thunderstorm,19,2,142
VA,Thunderstorm,19,3,76
VA,Thunderstorm,19,4,18
VA,Thunderstorm,20,2,84
VA,Thunderstorm,20,3,63
VA,Thunderstorm,20,4,10
VA,Thunderstorm,21,2,64
VA,Thunderstorm,21,3,25
VA,Thunderstorm,21,4,9
VA,Thunderstorm,22,2,27
VA,Thunderstorm,22,3,22
VA,Thunderstorm,22,4,3
VA,Thunderstorm,23,2,18
VA,Thunderstorm,23,3,1
VA,Thunderstorm,23,4,6
VT,Clear/Fair,0,2,7
VT,Clear/Fair,2,2,1
VT,Clear/Fair,3,2,1
VT,Clear/Fair,4,3,1
VT,Clear/Fair,4,4,1
VT,Clear/Fair,5,2,4
VT,Clear/Fair,6,2,3
VT,Clear/Fair,6,3,2
VT,Clear/Fair,7,2,8
VT,Clear/Fair,7,3,4
VT,Clear/Fair,8,2,11
VT,Clear/Fair,8,3,5
VT,Clear/Fair,8,4,1
VT,Clear/Fair,9,2,3
VT,Clear/Fair,9,3,4
VT,Clear/Fair,9,4,1
VT,Clear/Fair,10,1,1
VT,Clear/Fair,10,2,11
VT,Clear/Fair,10,3,6
VT,Clear/Fair,10,4,4
VT,Clear/Fair,11,2,8
VT,Clear/Fair,11,3,6
VT,Clear/Fair,12,2,5
VT,Clear/Fair,12,3,1
VT,Clear/Fair,13,2,15
VT,Clear/Fair,13,3,3
VT,Clear/Fair,13,4,1
VT,Clear/Fair,14,2,5
VT,Clear/Fair,14,3,5
VT,Clear/Fair,14,4,1
VT,Clear/Fair,15,2,8
VT,Clear/Fair,16,2,15
VT,Clear/Fair,16,3,5
VT,Clear/Fair,16,4,2
VT,Clear/Fair,17,2,18
VT,Clear/Fair,17,3,7
VT,Clear/Fair,17,4,2
VT,Clear/Fair,18,2,8
VT,Clear/Fair,18,3,2
VT,Clear/Fair,18,4,1
VT,Clear/Fair,19,2,6
VT,Clear/Fair,19,3,5
VT,Clear/Fair,19,4,2
VT,Clear/Fair,20,2,2
VT,Clear/Fair,20,3,1
VT,Clear/Fair,21,2,1
VT,Clear/Fair,22,2,4
VT,Clear/Fair,23,4,3
VT,Cloudy,0,2,6
VT,Cloudy,0,4,1
VT,Cloudy,1,2,1
VT,Cloudy,2,2,1
VT,Cloudy,4,2,7
VT,Cloudy,4,3,4
VT,Cloudy,5,2,8
VT,Cloudy,5,3,3
VT,Cloudy,5,4,1
VT,Cloudy,6,2,16
VT,Cloudy,6,3,3
VT,Cloudy,6,4,1
VT,Cloudy,7,2,26
VT,Cloudy,7,3,7
VT,Cloudy,7,4,2
VT,Cloudy,8,2,32
VT,Cloudy,8,3,7
VT,Cloudy,8,4,5
VT,Cloudy,9,2,17
VT,Cloudy,9,3,6
VT,Cloudy,9,4,2
VT,Cloudy,10,2,11
VT,Cloudy,10,3,1
VT,Cloudy,10,4,1
VT,Cloudy,11,2,6
VT,Cloudy,11,3,6
VT,Cloudy,11,4,3
VT,Cloudy,12,2,13
VT,Cloudy,12,3,5
VT,Cloudy,12,4,3
VT,Cloudy,13,2,20
VT,Cloudy,13,3,4
VT,Cloudy,13,4,1
VT,Cloudy,14,2,8
VT,Cloudy,14,3,6
VT,Cloudy,14,4,4
VT,Cloudy,15,2,21
VT,Cloudy,15,3,6
VT,Cloudy,15,4,2
VT,Cloudy,16,2,17
VT,Cloudy,16,3,10
VT,Cloudy,16,4,4
VT,Cloudy,17,2,16
VT,Cloudy,17,3,8
VT,Cloudy,17,4,6
VT,Cloudy,18,2,19
VT,Cloudy,18,3,4
VT,Cloudy,18,4,1
VT,Cloudy,19,2,6
VT,Cloudy,19,3,3
VT,Cloudy,19,4,1
VT,Cloudy,20,2,6
VT,Cloudy,20,3,1
VT,Cloudy,21,2,2
VT,Cloudy,21,3,1
VT,Cloudy,21,4,3
VT,Cloudy,22,2,5
VT,Cloudy,22,4,1
VT,Cloudy,23,2,1
VT,Cloudy,23,3,1
VT,Cloudy,23,4,1
VT,Fog/Low visibility,4,2,3
VT,Fog/Low visibility,4,3,1
VT,Fog/Low visibility,5,3,1
VT,Fog/Low visibility,6,1,1
VT,Fog/Low visibility,6,3,1
VT,Fog/Low visibility,7,2,1
VT,Fog/Low visibility,7,3,1
VT,Fog/Low visibility,8,2,1
VT,Fog/Low visibility,9,2,1
VT,Fog/Low visibility,10,2,1
VT,Fog/Low visibility,14,2,1
VT,Fog/Low visibility,15,3,1
VT,Fog/Low visibility,16,2,1
VT,Fog/Low visibility,16,3,2
VT,Fog/Low visibility,20,2,1
VT,Precipitation (type unknown),9,3,1
VT,Precipitation (type unknown),16,2,1
VT,Rain,0,2,4
VT,Rain,4,2,2
VT,Rain,4,3,1
VT,Rain,5,2,2
VT,Rain,6,2,5
VT,Rain,6,3,2
VT,Rain,6,4,2
VT,Rain,7,2,7
VT,Rain,7,3,2
VT,Rain,7,4,1
VT,Rain,8,2,6
VT,Rain,8,3,1
VT,Rain,8,4,2
VT,Rain,9,2,10
VT,Rain,9,3,2
VT,Rain,10,2,1
VT,Rain,10,3,1
VT,Rain,10,4,1
VT,Rain,11,2,5
VT,Rain,11,3,1
VT,Rain,12,2,2
VT,Rain,12,3,1
VT,Rain,13,2,2
VT,Rain,14,2,2
VT,Rain,14,3,2
VT,Rain,15,2,3
VT,Rain,15,3,1
VT,Rain,16,2,5
VT,Rain,16,3,4
VT,Rain,16,4,3
VT,Rain,17,2,3
VT,Rain,17,3,2
VT,Rain,17,4,3
VT,Rain,18,2,4
VT,Rain,18,3,1
VT,Rain,19,3,2
VT,Rain,20,2,1
VT,Rain,21,3,1
VT,Rain,22,2,1
VT,Snow/Ice,0,2,1
VT,Snow/Ice,1,3,1
VT,Snow/Ice,4,2,1
VT,Snow/Ice,4,3,1
VT,Snow/Ice,5,2,2
VT,Snow/Ice,5,3,1
VT,Snow/Ice,6,2,8
VT,Snow/Ice,6,3,3
VT,Snow/Ice,7,2,13
VT,Snow/Ice,7,3,2
VT,Snow/Ice,8,2,11
VT,Snow/Ice,8,3,4
VT,Snow/Ice,9,2,10
VT,Snow/Ice,9,3,4
VT,Snow/Ice,10,2,5
VT,Snow/Ice,10,3,2
VT,Snow/Ice,11,1,1
VT,Snow/Ice,11,2,8
VT,Snow/Ice,11,3,3
VT,Snow/Ice,12,2,4
VT,Snow/Ice,13,2,8
VT,Snow/Ice,13,3,4
VT,Snow/Ice,14,2,5
VT,Snow/Ice,15,2,3
VT,Snow/Ice,15,3,1
VT,Snow/Ice,15,4,2
VT,Snow/Ice,16,2,7
VT,Snow/Ice,16,3,4
VT,Snow/Ice,16,4,1
VT,Snow/Ice,17,2,4
VT,Snow/Ice,17,3,1
VT,Snow/Ice,17,4,2
VT,Snow/Ice,18,2,8
VT,Snow/Ice,18,3,3
VT,Snow/Ice,18,4,3
VT,Snow/Ice,19,2,1
VT,Snow/Ice,19,3,1
VT,Snow/Ice,19,4,1
VT,Snow/Ice,20,2,3
VT,Snow/Ice,20,4,1
VT,Snow/Ice,21,2,2
VT,Snow/Ice,21,3,1
VT,Snow/Ice,22,2,2
VT,Snow/Ice,22,4,1
VT,Snow/Ice,23,2,2
VT,Thunderstorm,17,2,1
VT,Thunderstorm,18,2,1
WA,Clear/Fair,0,1,10
WA,Clear/Fair,0,2,369
WA,Clear/Fair,0,3,162
WA,Clear/Fair,0,4,29
WA,Clear/Fair,1,1,1
WA,Clear/Fair,1,2,335
WA,Clear/Fair,1,3,228
WA,Clear/Fair,1,4,23
WA,Clear/Fair,2,1,2
WA,Clear/Fair,2,2,305
WA,Clear/Fair,2,3,191
WA,Clear/Fair,2,4,26
WA,Clear/Fair,3,1,2
WA,Clear/Fair,3,2,293
WA,Clear/Fair,3,3,138
WA,Clear/Fair,3,4,31
WA,Clear/Fair,4,1,19
WA,Clear/Fair,4,2,405
WA,Clear/Fair,4,3,186
WA,Clear/Fair,4,4,36
WA,Clear/Fair,5,1,13
WA,Clear/Fair,5,2,564
WA,Clear/Fair,5,3,241
WA,Clear/Fair,5,4,35
WA,Clear/Fair,6,1,23
WA,Clear/Fair,6,2,923
WA,Clear/Fair,6,3,327
WA,Clear/Fair,6,4,52
WA,Clear/Fair,7,1,33
WA,Clear/Fair,7,2,1167
WA,Clear/Fair,7,3,389
WA,Clear/Fair,7,4,70
WA,Clear/Fair,8,1,46
WA,Clear/Fair,8,2,1213
WA,Clear/Fair,8,3,382
WA,Clear/Fair,8,4,38
WA,Clear/Fair,9,1,6
WA,Clear/Fair,9,2,751
WA,Clear/Fair,9,3,318
WA,Clear/Fair,9,4,55
WA,Clear/Fair,10,1,3
WA,Clear/Fair,10,2,891
WA,Clear/Fair,10,3,322
WA,Clear/Fair,10,4,48
WA,Clear/Fair,11,1,11
WA,Clear/Fair,11,2,941
WA,Clear/Fair,11,3,375
WA,Clear/Fair,11,4,80
WA,Clear/Fair,12,1,10
WA,Clear/Fair,12,2,1009
WA,Clear/Fair,12,3,423
WA,Clear/Fair,12,4,61
WA,Clear/Fair,13,1,9
WA,Clear/Fair,13,2,1258
WA,Clear/Fair,13,3,448
WA,Clear/Fair,13,4,57
WA,Clear/Fair,14,1,14
WA,Clear/Fair,14,2,1486
WA,Clear/Fair,14,3,585
WA,Clear/Fair,14,4,64
WA,Clear/Fair,15,1,13
WA,Clear/Fair,15,2,1511
WA,Clear/Fair,15,3,677
WA,Clear/Fair,15,4,60
WA,Clear/Fair,16,1,26
WA,Clear/Fair,16,2,1675
WA,Clear/Fair,16,3,659
WA,Clear/Fair,16,4,71
WA,Clear/Fair,17,1,24
WA,Clear/Fair,17,2,1843
WA,Clear/Fair,17,3,700
WA,Clear/Fair,17,4,88
WA,Clear/Fair,18,1,31
WA,Clear/Fair,18,2,1269
WA,Clear/Fair,18,3,492
WA,Clear/Fair,18,4,79
WA,Clear/Fair,19,1,8
WA,Clear/Fair,19,2,1033
WA,Clear/Fair,19,3,368
WA,Clear/Fair,19,4,62
WA,Clear/Fair,20,1,4
WA,Clear/Fair,20,2,824
WA,Clear/Fair,20,3,274
WA,Clear/Fair,20,4,47
WA,Clear/Fair,21,1,10
WA,Clear/Fair,21,2,571
WA,Clear/Fair,21,3,262
WA,Clear/Fair,21,4,58
WA,Clear/Fair,22,1,2
WA,Clear/Fair,22,2,468
WA,Clear/Fair,22,3,192
WA,Clear/Fair,22,4,52
WA,Clear/Fair,23,1,21
WA,Clear/Fair,23,2,446
WA,Clear/Fair,23,3,210
WA,Clear/Fair,23,4,24
WA,Cloudy,0,1,15
WA,Cloudy,0,2,493
WA,Cloudy,0,3,249
WA,Cloudy,0,4,38
WA,Cloudy,1,1,4
WA,Cloudy,1,2,552
WA,Cloudy,1,3,323
WA,Cloudy,1,4,37
WA,Cloudy,2,1,2
WA,Cloudy,2,2,570
WA,Cloudy,2,3,339
WA,Cloudy,2,4,59
WA,Cloudy,3,2,552
WA,Cloudy,3,3,306
WA,Cloudy,3,4,37
WA,Cloudy,4,1,12
WA,Cloudy,4,2,760
WA,Cloudy,4,3,301
WA,Cloudy,4,4,67
WA,Cloudy,5,1,8
WA,Cloudy,5,2,1173
WA,Cloudy,5,3,554
WA,Cloudy,5,4,84
WA,Cloudy,6,1,29
WA,Cloudy,6,2,1944
WA,Cloudy,6,3,796
WA,Cloudy,6,4,89
WA,Cloudy,7,1,43
WA,Cloudy,7,2,2492
WA,Cloudy,7,3,751
WA,Cloudy,7,4,75
WA,Cloudy,8,1,41
WA,Cloudy,8,2,2293
WA,Cloudy,8,3,827
WA,Cloudy,8,4,125
WA,Cloudy,9,1,10
WA,Cloudy,9,2,1745
WA,Cloudy,9,3,779
WA,Cloudy,9,4,121
WA,Cloudy,10,1,8
WA,Cloudy,10,2,1846
WA,Cloudy,10,3,799
WA,Cloudy,10,4,115
WA,Cloudy,11,1,15
WA,Cloudy,11,2,1989
WA,Cloudy,11,3,790
WA,Cloudy,11,4,103
WA,Cloudy,12,1,18
WA,Cloudy,12,2,1857
WA,Cloudy,12,3,785
WA,Cloudy,12,4,147
WA,Cloudy,13,1,23
WA,Cloudy,13,2,2144
WA,Cloudy,13,3,827
WA,Cloudy,13,4,90
WA,Cloudy,14,1,24
WA,Cloudy,14,2,2341
WA,Cloudy,14,3,925
WA,Cloudy,14,4,63
WA,Cloudy,15,1,35
WA,Cloudy,15,2,2283
WA,Cloudy,15,3,963
WA,Cloudy,15,4,94
WA,Cloudy,16,1,30
WA,Cloudy,16,2,2456
WA,Cloudy,16,3,959
WA,Cloudy,16,4,80
WA,Cloudy,17,1,37
WA,Cloudy,17,2,2588
WA,Cloudy,17,3,1112
WA,Cloudy,17,4,94
WA,Cloudy,18,1,31
WA,Cloudy,18,2,1900
WA,Cloudy,18,3,806
WA,Cloudy,18,4,109
WA,Cloudy,19,1,18
WA,Cloudy,19,2,1490
WA,Cloudy,19,3,536
WA,Cloudy,19,4,76
WA,Cloudy,20,1,15
WA,Cloudy,20,2,1223
WA,Cloudy,20,3,443
WA,Cloudy,20,4,58
WA,Cloudy,21,1,7
WA,Cloudy,21,2,809
WA,Cloudy,21,3,438
WA,Cloudy,21,4,116
WA,Cloudy,22,1,2
WA,Cloudy,22,2,592
WA,Cloudy,22,3,311
WA,Cloudy,22,4,50
WA,Cloudy,23,1,12
WA,Cloudy,23,2,607
WA,Cloudy,23,3,325
WA,Cloudy,23,4,53
WA,Fog/Low visibility,0,2,44
WA,Fog/Low visibility,0,3,12
WA,Fog/Low visibility,0,4,4
WA,Fog/Low visibility,1,2,68
WA,Fog/Low visibility,1,3,25
WA,Fog/Low visibility,1,4,4
WA,Fog/Low visibility,2,2,58
WA,Fog/Low visibility,2,3,25
WA,Fog/Low visibility,2,4,5
WA,Fog/Low visibility,3,2,45
WA,Fog/Low visibility,3,3,22
WA,Fog/Low visibility,3,4,5
WA,Fog/Low visibility,4,2,71
WA,Fog/Low visibility,4,3,26
WA,Fog/Low visibility,4,4,5
WA,Fog/Low visibility,5,2,128
WA,Fog/Low visibility,5,3,51
WA,Fog/Low visibility,5,4,12
WA,Fog/Low visibility,6,1,2
WA,Fog/Low visibility,6,2,216
WA,Fog/Low visibility,6,3,64
WA,Fog/Low visibility,6,4,11
WA,Fog/Low visibility,7,1,2
WA,Fog/Low visibility,7,2,300
WA,Fog/Low visibility,7,3,73
WA,Fog/Low visibility,7,4,13
WA,Fog/Low visibility,8,1,2
WA,Fog/Low visibility,8,2,252
WA,Fog/Low visibility,8,3,72
WA,Fog/Low visibility,8,4,17
WA,Fog/Low visibility,9,2,122
WA,Fog/Low visibility,9,3,57
WA,Fog/Low visibility,9,4,10
WA,Fog/Low visibility,10,2,105
WA,Fog/Low visibility,10,3,49
WA,Fog/Low visibility,10,4,7
WA,Fog/Low visibility,11,1,1
WA,Fog/Low visibility,11,2,103
WA,Fog/Low visibility,11,3,45
WA,Fog/Low visibility,11,4,4
WA,Fog/Low visibility,12,2,96
WA,Fog/Low visibility,12,3,45
WA,Fog/Low visibility,12,4,4
WA,Fog/Low visibility,13,2,118
WA,Fog/Low visibility,13,3,36
WA,Fog/Low visibility,13,4,6
WA,Fog/Low visibility,14,2,141
WA,Fog/Low visibility,14,3,48
WA,Fog/Low visibility,14,4,3
WA,Fog/Low visibility,15,2,104
WA,Fog/Low visibility,15,3,58
WA,Fog/Low visibility,15,4,7
WA,Fog/Low visibility,16,1,1
WA,Fog/Low visibility,16,2,153
WA,Fog/Low visibility,16,3,58
WA,Fog/Low visibility,16,4,7
WA,Fog/Low visibility,17,1,1
WA,Fog/Low visibility,17,2,137
WA,Fog/Low visibility,17,3,47
WA,Fog/Low visibility,17,4,7
WA,Fog/Low visibility,18,1,1
WA,Fog/Low visibility,18,2,60
WA,Fog/Low visibility,18,3,38
WA,Fog/Low visibility,18,4,3
WA,Fog/Low visibility,19,2,57
WA,Fog/Low visibility,19,3,28
WA,Fog/Low visibility,19,4,3
WA,Fog/Low visibility,20,1,1
WA,Fog/Low visibility,20,2,56
WA,Fog/Low visibility,20,3,16
WA,Fog/Low visibility,20,4,3
WA,Fog/Low visibility,21,2,48
WA,Fog/Low visibility,21,3,17
WA,Fog/Low visibility,21,4,8
WA,Fog/Low visibility,22,2,49
WA,Fog/Low visibility,22,3,8
WA,Fog/Low visibility,22,4,10
WA,Fog/Low visibility,23,2,51
WA,Fog/Low visibility,23,3,20
WA,Precipitation (type unknown),7,2,6
WA,Precipitation (type unknown),8,2,1
WA,Precipitation (type unknown),9,4,1
WA,Precipitation (type unknown),14,2,3
WA,Precipitation (type unknown),17,3,1
WA,Precipitation (type unknown),18,2,1
WA,Precipitation (type unknown),19,2,2
WA,Precipitation (type unknown),20,2,1
WA,Precipitation (type unknown),20,3,1
WA,Precipitation (type unknown),22,2,1
WA,Rain,0,2,173
WA,Rain,0,3,113
WA,Rain,0,4,19
WA,Rain,1,2,165
WA,Rain,1,3,127
WA,Rain,1,4,9
WA,Rain,2,2,159
WA,Rain,2,3,101
WA,Rain,2,4,13
WA,Rain,3,2,170
WA,Rain,3,3,78
WA,Rain,3,4,11
WA,Rain,4,1,2
WA,Rain,4,2,208
WA,Rain,4,3,118
WA,Rain,4,4,12
WA,Rain,5,1,1
WA,Rain,5,2,335
WA,Rain,5,3,155
WA,Rain,5,4,19
WA,Rain,6,1,5
WA,Rain,6,2,488
WA,Rain,6,3,202
WA,Rain,6,4,11
WA,Rain,7,1,9
WA,Rain,7,2,660
WA,Rain,7,3,238
WA,Rain,7,4,22
WA,Rain,8,1,5
WA,Rain,8,2,589
WA,Rain,8,3,195
WA,Rain,8,4,19
WA,Rain,9,1,2
WA,Rain,9,2,414
WA,Rain,9,3,230
WA,Rain,9,4,24
WA,Rain,10,1,5
WA,Rain,10,2,417
WA,Rain,10,3,229
WA,Rain,10,4,32
WA,Rain,11,1,3
WA,Rain,11,2,467
WA,Rain,11,3,197
WA,Rain,11,4,41
WA,Rain,12,1,2
WA,Rain,12,2,439
WA,Rain,12,3,204
WA,Rain,12,4,36
WA,Rain,13,1,7
WA,Rain,13,2,562
WA,Rain,13,3,210
WA,Rain,13,4,24
WA,Rain,14,1,5
WA,Rain,14,2,640
WA,Rain,14,3,243
WA,Rain,14,4,22
WA,Rain,15,1,4
WA,Rain,15,2,542
WA,Rain,15,3,231
WA,Rain,15,4,22
WA,Rain,16,1,2
WA,Rain,16,2,602
WA,Rain,16,3,238
WA,Rain,16,4,22
WA,Rain,17,2,647
WA,Rain,17,3,262
WA,Rain,17,4,18
WA,Rain,18,1,2
WA,Rain,18,2,576
WA,Rain,18,3,249
WA,Rain,18,4,27
WA,Rain,19,1,3
WA,Rain,19,2,423
WA,Rain,19,3,193
WA,Rain,19,4,15
WA,Rain,20,1,1
WA,Rain,20,2,298
WA,Rain,20,3,157
WA,Rain,20,4,13
WA,Rain,21,1,3
WA,Rain,21,2,238
WA,Rain,21,3,152
WA,Rain,21,4,24
WA,Rain,22,1,1
WA,Rain,22,2,198
WA,Rain,22,3,117
WA,Rain,22,4,16
WA,Rain,23,1,1
WA,Rain,23,2,189
WA,Rain,23,3,151
WA,Rain,23,4,18
WA,Severe wind,18,2,1
WA,Snow/Ice,0,2,19
WA,Snow/Ice,0,3,6
WA,Snow/Ice,0,4,5
WA,Snow/Ice,1,2,34
WA,Snow/Ice,1,3,7
WA,Snow/Ice,1,4,4
WA,Snow/Ice,2,2,41
WA,Snow/Ice,2,3,11
WA,Snow/Ice,2,4,4
WA,Snow/Ice,3,2,48
WA,Snow/Ice,3,3,22
WA,Snow/Ice,3,4,3
WA,Snow/Ice,4,2,58
WA,Snow/Ice,4,3,26
WA,Snow/Ice,4,4,1
WA,Snow/Ice,5,2,83
WA,Snow/Ice,5,3,41
WA,Snow/Ice,5,4,5
WA,Snow/Ice,6,2,140
WA,Snow/Ice,6,3,48
WA,Snow/Ice,6,4,9
WA,Snow/Ice,7,1,1
WA,Snow/Ice,7,2,125
WA,Snow/Ice,7,3,72
WA,Snow/Ice,7,4,5
WA,Snow/Ice,8,2,119
WA,Snow/Ice,8,3,46
WA,Snow/Ice,8,4,3
WA,Snow/Ice,9,2,64
WA,Snow/Ice,9,3,38
WA,Snow/Ice,9,4,3
WA,Snow/Ice,10,2,58
WA,Snow/Ice,10,3,26
WA,Snow/Ice,10,4,4
WA,Snow/Ice,11,2,68
WA,Snow/Ice,11,3,25
WA,Snow/Ice,11,4,4
WA,Snow/Ice,12,2,45
WA,Snow/Ice,12,3,16
WA,Snow/Ice,12,4,5
WA,Snow/Ice,13,2,37
WA,Snow/Ice,13,3,13
WA,Snow/Ice,13,4,2
WA,Snow/Ice,14,2,33
WA,Snow/Ice,14,3,17
WA,Snow/Ice,14,4,4
WA,Snow/Ice,15,2,50
WA,Snow/Ice,15,3,28
WA,Snow/Ice,15,4,5
WA,Snow/Ice,16,2,45
WA,Snow/Ice,16,3,11
WA,Snow/Ice,16,4,6
WA,Snow/Ice,17,2,59
WA,Snow/Ice,17,3,21
WA,Snow/Ice,17,4,6
WA,Snow/Ice,18,2,49
WA,Snow/Ice,18,3,10
WA,Snow/Ice,18,4,3
WA,Snow/Ice,19,2,82
WA,Snow/Ice,19,3,16
WA,Snow/Ice,19,4,6
WA,Snow/Ice,20,2,45
WA,Snow/Ice,20,3,16
WA,Snow/Ice,20,4,1
WA,Snow/Ice,21,2,44
WA,Snow/Ice,21,3,16
WA,Snow/Ice,21,4,6
WA,Snow/Ice,22,2,45
WA,Snow/Ice,22,3,7
WA,Snow/Ice,22,4,2
WA,Snow/Ice,23,2,33
WA,Snow/Ice,23,3,14
WA,Snow/Ice,23,4,4
WA,Thunderstorm,0,2,1
WA,Thunderstorm,6,2,1
WA,Thunderstorm,7,2,2
WA,Thunderstorm,8,2,1
WA,Thunderstorm,9,2,1
WA,Thunderstorm,10,2,2
WA,Thunderstorm,10,3,1
WA,Thunderstorm,12,2,3
WA,Thunderstorm,12,3,1
WA,Thunderstorm,13,2,5
WA,Thunderstorm,14,2,6
WA,Thunderstorm,14,3,3
WA,Thunderstorm,15,2,1
WA,Thunderstorm,15,3,3
WA,Thunderstorm,16,2,5
WA,Thunderstorm,17,2,7
WA,Thunderstorm,17,3,3
WA,Thunderstorm,18,2,9
WA,Thunderstorm,18,3,2
WA,Thunderstorm,19,2,6
WA,Thunderstorm,19,3,4
WA,Thunderstorm,20,2,2
WA,Thunderstorm,21,2,1
WA,Thunderstorm,23,2,1
WI,Clear/Fair,0,2,66
WI,Clear/Fair,0,3,8
WI,Clear/Fair,0,4,37
WI,Clear/Fair,1,2,60
WI,Clear/Fair,1,3,3
WI,Clear/Fair,1,4,33
WI,Clear/Fair,2,2,66
WI,Clear/Fair,2,3,4
WI,Clear/Fair,2,4,45
WI,Clear/Fair,3,2,35
WI,Clear/Fair,3,3,10
WI,Clear/Fair,3,4,26
WI,Clear/Fair,4,1,1
WI,Clear/Fair,4,2,125
WI,Clear/Fair,4,3,82
WI,Clear/Fair,4,4,51
WI,Clear/Fair,5,1,2
WI,Clear/Fair,5,2,176
WI,Clear/Fair,5,3,83
WI,Clear/Fair,5,4,58
WI,Clear/Fair,6,1,6
WI,Clear/Fair,6,2,415
WI,Clear/Fair,6,3,167
WI,Clear/Fair,6,4,41
WI,Clear/Fair,7,1,8
WI,Clear/Fair,7,2,856
WI,Clear/Fair,7,3,285
WI,Clear/Fair,7,4,45
WI,Clear/Fair,8,1,8
WI,Clear/Fair,8,2,880
WI,Clear/Fair,8,3,271
WI,Clear/Fair,8,4,59
WI,Clear/Fair,9,2,344
WI,Clear/Fair,9,3,164
WI,Clear/Fair,9,4,49
WI,Clear/Fair,10,2,327
WI,Clear/Fair,10,3,136
WI,Clear/Fair,10,4,49
WI,Clear/Fair,11,2,293
WI,Clear/Fair,11,3,138
WI,Clear/Fair,11,4,53
WI,Clear/Fair,12,2,219
WI,Clear/Fair,12,3,111
WI,Clear/Fair,12,4,43
WI,Clear/Fair,13,2,188
WI,Clear/Fair,13,3,120
WI,Clear/Fair,13,4,61
WI,Clear/Fair,14,1,1
WI,Clear/Fair,14,2,301
WI,Clear/Fair,14,3,162
WI,Clear/Fair,14,4,56
WI,Clear/Fair,15,1,2
WI,Clear/Fair,15,2,410
WI,Clear/Fair,15,3,191
WI,Clear/Fair,15,4,40
WI,Clear/Fair,16,1,1
WI,Clear/Fair,16,2,409
WI,Clear/Fair,16,3,226
WI,Clear/Fair,16,4,50
WI,Clear/Fair,17,1,3
WI,Clear/Fair,17,2,436
WI,Clear/Fair,17,3,237
WI,Clear/Fair,17,4,77
WI,Clear/Fair,18,1,4
WI,Clear/Fair,18,2,308
WI,Clear/Fair,18,3,194
WI,Clear/Fair,18,4,173
WI,Clear/Fair,19,2,173
WI,Clear/Fair,19,3,109
WI,Clear/Fair,19,4,64
WI,Clear/Fair,20,1,1
WI,Clear/Fair,20,2,165
WI,Clear/Fair,20,3,66
WI,Clear/Fair,20,4,52
WI,Clear/Fair,21,2,125
WI,Clear/Fair,21,3,73
WI,Clear/Fair,21,4,43
WI,Clear/Fair,22,2,57
WI,Clear/Fair,22,3,71
WI,Clear/Fair,22,4,44
WI,Clear/Fair,23,2,42
WI,Clear/Fair,23,3,22
WI,Clear/Fair,23,4,59
WI,Cloudy,0,2,41
WI,Cloudy,0,3,9
WI,Cloudy,0,4,34
WI,Cloudy,1,2,51
WI,Cloudy,1,3,7
WI,Cloudy,1,4,21
WI,Cloudy,2,2,50
WI,Cloudy,2,3,7
WI,Cloudy,2,4,28
WI,Cloudy,3,2,24
WI,Cloudy,3,3,6
WI,Cloudy,3,4,14
WI,Cloudy,4,1,1
WI,Cloudy,4,2,138
WI,Cloudy,4,3,103
WI,Cloudy,4,4,32
WI,Cloudy,5,1,2
WI,Cloudy,5,2,285
WI,Cloudy,5,3,113
WI,Cloudy,5,4,59
WI,Cloudy,6,1,9
WI,Cloudy,6,2,644
WI,Cloudy,6,3,292
WI,Cloudy,6,4,69
WI,Cloudy,7,1,7
WI,Cloudy,7,2,1126
WI,Cloudy,7,3,446
WI,Cloudy,7,4,72
WI,Cloudy,8,1,6
WI,Cloudy,8,2,1281
WI,Cloudy,8,3,413
WI,Cloudy,8,4,86
WI,Cloudy,9,1,1
WI,Cloudy,9,2,519
WI,Cloudy,9,3,244
WI,Cloudy,9,4,66
WI,Cloudy,10,2,450
WI,Cloudy,10,3,219
WI,Cloudy,10,4,81
WI,Cloudy,11,2,508
WI,Cloudy,11,3,253
WI,Cloudy,11,4,85
WI,Cloudy,12,2,387
WI,Cloudy,12,3,258
WI,Cloudy,12,4,88
WI,Cloudy,13,1,2
WI,Cloudy,13,2,432
WI,Cloudy,13,3,289
WI,Cloudy,13,4,103
WI,Cloudy,14,1,2
WI,Cloudy,14,2,562
WI,Cloudy,14,3,285
WI,Cloudy,14,4,123
WI,Cloudy,15,1,1
WI,Cloudy,15,2,742
WI,Cloudy,15,3,373
WI,Cloudy,15,4,100
WI,Cloudy,16,1,4
WI,Cloudy,16,2,974
WI,Cloudy,16,3,374
WI,Cloudy,16,4,95
WI,Cloudy,17,2,784
WI,Cloudy,17,3,349
WI,Cloudy,17,4,82
WI,Cloudy,18,1,7
WI,Cloudy,18,2,405
WI,Cloudy,18,3,245
WI,Cloudy,18,4,80
WI,Cloudy,19,1,1
WI,Cloudy,19,2,208
WI,Cloudy,19,3,141
WI,Cloudy,19,4,40
WI,Cloudy,20,2,164
WI,Cloudy,20,3,96
WI,Cloudy,20,4,54
WI,Cloudy,21,2,132
WI,Cloudy,21,3,76
WI,Cloudy,21,4,42
WI,Cloudy,22,2,88
WI,Cloudy,22,3,78
WI,Cloudy,22,4,38
WI,Cloudy,23,2,79
WI,Cloudy,23,3,25
WI,Cloudy,23,4,48
WI,Fog/Low visibility,0,2,2
WI,Fog/Low visibility,0,4,2
WI,Fog/Low visibility,1,2,6
WI,Fog/Low visibility,1,3,2
WI,Fog/Low visibility,2,2,3
WI,Fog/Low visibility,2,4,1
WI,Fog/Low visibility,3,2,7
WI,Fog/Low visibility,3,4,4
WI,Fog/Low visibility,4,2,9
WI,Fog/Low visibility,4,3,10
WI,Fog/Low visibility,4,4,1
WI,Fog/Low visibility,5,2,32
WI,Fog/Low visibility,5,3,12
WI,Fog/Low visibility,5,4,6
WI,Fog/Low visibility,6,2,67
WI,Fog/Low visibility,6,3,19
WI,Fog/Low visibility,6,4,6
WI,Fog/Low visibility,7,2,115
WI,Fog/Low visibility,7,3,32
WI,Fog/Low visibility,7,4,17
WI,Fog/Low visibility,8,2,125
WI,Fog/Low visibility,8,3,17
WI,Fog/Low visibility,8,4,9
WI,Fog/Low visibility,9,2,19
WI,Fog/Low visibility,9,3,7
WI,Fog/Low visibility,9,4,9
WI,Fog/Low visibility,10,2,18
WI,Fog/Low visibility,10,3,11
WI,Fog/Low visibility,10,4,1
WI,Fog/Low visibility,11,2,22
WI,Fog/Low visibility,11,3,8
WI,Fog/Low visibility,11,4,5
WI,Fog/Low visibility,12,2,9
WI,Fog/Low visibility,12,3,9
WI,Fog/Low visibility,12,4,3
WI,Fog/Low visibility,13,2,9
WI,Fog/Low visibility,13,3,7
WI,Fog/Low visibility,14,2,12
WI,Fog/Low visibility,14,3,6
WI,Fog/Low visibility,15,2,11
WI,Fog/Low visibility,15,3,4
WI,Fog/Low visibility,16,2,22
WI,Fog/Low visibility,16,3,13
WI,Fog/Low visibility,17,2,23
WI,Fog/Low visibility,17,3,9
WI,Fog/Low visibility,18,2,3
WI,Fog/Low visibility,18,3,3
WI,Fog/Low visibility,18,4,3
WI,Fog/Low visibility,19,2,23
WI,Fog/Low visibility,19,3,3
WI,Fog/Low visibility,19,4,2
WI,Fog/Low visibility,20,2,4
WI,Fog/Low visibility,20,3,1
WI,Fog/Low visibility,20,4,3
WI,Fog/Low visibility,21,3,3
WI,Fog/Low visibility,22,2,13
WI,Fog/Low visibility,22,3,5
WI,Fog/Low visibility,22,4,2
WI,Fog/Low visibility,23,2,1
WI,Fog/Low visibility,23,3,3
WI,Fog/Low visibility,23,4,2
WI,Precipitation (type unknown),0,2,1
WI,Precipitation (type unknown),1,2,1
WI,Precipitation (type unknown),6,2,2
WI,Precipitation (type unknown),7,2,5
WI,Precipitation (type unknown),7,3,1
WI,Precipitation (type unknown),8,2,3
WI,Precipitation (type unknown),8,3,2
WI,Precipitation (type unknown),10,2,3
WI,Precipitation (type unknown),11,2,2
WI,Precipitation (type unknown),13,2,1
WI,Precipitation (type unknown),13,3,1
WI,Precipitation (type unknown),14,3,1
WI,Precipitation (type unknown),15,2,1
WI,Precipitation (type unknown),18,3,1
WI,Precipitation (type unknown),19,2,1
WI,Precipitation (type unknown),19,3,2
WI,Precipitation (type unknown),20,3,1
WI,Rain,0,2,5
WI,Rain,0,3,2
WI,Rain,0,4,10
WI,Rain,1,2,14
WI,Rain,1,3,1
WI,Rain,1,4,5
WI,Rain,2,2,12
WI,Rain,2,3,2
WI,Rain,2,4,6
WI,Rain,3,2,16
WI,Rain,3,3,2
WI,Rain,3,4,2
WI,Rain,4,2,21
WI,Rain,4,3,24
WI,Rain,4,4,3
WI,Rain,5,2,49
WI,Rain,5,3,41
WI,Rain,5,4,5
WI,Rain,6,1,1
WI,Rain,6,2,127
WI,Rain,6,3,64
WI,Rain,6,4,8
WI,Rain,7,1,2
WI,Rain,7,2,182
WI,Rain,7,3,80
WI,Rain,7,4,12
WI,Rain,8,1,1
WI,Rain,8,2,172
WI,Rain,8,3,73
WI,Rain,8,4,17
WI,Rain,9,2,85
WI,Rain,9,3,43
WI,Rain,9,4,6
WI,Rain,10,2,91
WI,Rain,10,3,46
WI,Rain,10,4,9
WI,Rain,11,2,77
WI,Rain,11,3,56
WI,Rain,11,4,3
WI,Rain,12,1,1
WI,Rain,12,2,64
WI,Rain,12,3,31
WI,Rain,12,4,6
WI,Rain,13,2,52
WI,Rain,13,3,46
WI,Rain,13,4,10
WI,Rain,14,2,87
WI,Rain,14,3,33
WI,Rain,14,4,7
WI,Rain,15,1,2
WI,Rain,15,2,140
WI,Rain,15,3,60
WI,Rain,15,4,13
WI,Rain,16,2,120
WI,Rain,16,3,74
WI,Rain,16,4,18
WI,Rain,17,2,129
WI,Rain,17,3,43
WI,Rain,17,4,8
WI,Rain,18,2,62
WI,Rain,18,3,31
WI,Rain,18,4,3
WI,Rain,19,1,1
WI,Rain,19,2,32
WI,Rain,19,3,37
WI,Rain,20,2,26
WI,Rain,20,3,21
WI,Rain,20,4,4
WI,Rain,21,2,21
WI,Rain,21,3,23
WI,Rain,21,4,2
WI,Rain,22,2,18
WI,Rain,22,3,23
WI,Rain,22,4,6
WI,Rain,23,2,12
WI,Rain,23,3,5
WI,Rain,23,4,9
WI,Snow/Ice,0,2,33
WI,Snow/Ice,0,3,5
WI,Snow/Ice,0,4,6
WI,Snow/Ice,1,2,15
WI,Snow/Ice,1,3,3
WI,Snow/Ice,1,4,4
WI,Snow/Ice,2,2,19
WI,Snow/Ice,2,3,2
WI,Snow/Ice,2,4,4
WI,Snow/Ice,3,2,16
WI,Snow/Ice,3,3,2
WI,Snow/Ice,3,4,5
WI,Snow/Ice,4,2,69
WI,Snow/Ice,4,3,42
WI,Snow/Ice,4,4,11
WI,Snow/Ice,5,2,119
WI,Snow/Ice,5,3,38
WI,Snow/Ice,5,4,10
WI,Snow/Ice,6,2,215
WI,Snow/Ice,6,3,59
WI,Snow/Ice,6,4,22
WI,Snow/Ice,7,2,274
WI,Snow/Ice,7,3,74
WI,Snow/Ice,7,4,20
WI,Snow/Ice,8,2,301
WI,Snow/Ice,8,3,75
WI,Snow/Ice,8,4,10
WI,Snow/Ice,9,2,134
WI,Snow/Ice,9,3,59
WI,Snow/Ice,9,4,10
WI,Snow/Ice,10,2,124
WI,Snow/Ice,10,3,46
WI,Snow/Ice,10,4,10
WI,Snow/Ice,11,2,118
WI,Snow/Ice,11,3,45
WI,Snow/Ice,11,4,21
WI,Snow/Ice,12,2,88
WI,Snow/Ice,12,3,20
WI,Snow/Ice,12,4,12
WI,Snow/Ice,13,2,89
WI,Snow/Ice,13,3,43
WI,Snow/Ice,13,4,14
WI,Snow/Ice,14,2,130
WI,Snow/Ice,14,3,34
WI,Snow/Ice,14,4,17
WI,Snow/Ice,15,1,1
WI,Snow/Ice,15,2,100
WI,Snow/Ice,15,3,25
WI,Snow/Ice,15,4,15
WI,Snow/Ice,16,2,134
WI,Snow/Ice,16,3,36
WI,Snow/Ice,16,4,4
WI,Snow/Ice,17,2,103
WI,Snow/Ice,17,3,25
WI,Snow/Ice,17,4,13
WI,Snow/Ice,18,2,84
WI,Snow/Ice,18,3,27
WI,Snow/Ice,18,4,10
WI,Snow/Ice,19,1,1
WI,Snow/Ice,19,2,58
WI,Snow/Ice,19,3,33
WI,Snow/Ice,19,4,6
WI,Snow/Ice,20,2,53
WI,Snow/Ice,20,3,22
WI,Snow/Ice,20,4,4
WI,Snow/Ice,21,2,44
WI,Snow/Ice,21,3,25
WI,Snow/Ice,21,4,4
WI,Snow/Ice,22,2,26
WI,Snow/Ice,22,3,21
WI,Snow/Ice,22,4,10
WI,Snow/Ice,23,2,44
WI,Snow/Ice,23,3,14
WI,Snow/Ice,23,4,9
WI,Thunderstorm,0,2,1
WI,Thunderstorm,0,4,1
WI,Thunderstorm,1,2,2
WI,Thunderstorm,2,4,1
WI,Thunderstorm,3,2,3
WI,Thunderstorm,3,3,1
WI,Thunderstorm,4,3,5
WI,Thunderstorm,5,2,8
WI,Thunderstorm,5,3,1
WI,Thunderstorm,6,2,6
WI,Thunderstorm,6,3,4
WI,Thunderstorm,7,2,12
WI,Thunderstorm,7,3,5
WI,Thunderstorm,8,2,11
WI,Thunderstorm,8,3,2
WI,Thunderstorm,9,2,10
WI,Thunderstorm,9,3,4
WI,Thunderstorm,9,4,1
WI,Thunderstorm,10,2,9
WI,Thunderstorm,10,3,6
WI,Thunderstorm,10,4,1
WI,Thunderstorm,11,2,10
WI,Thunderstorm,11,3,3
WI,Thunderstorm,12,2,7
WI,Thunderstorm,12,3,4
WI,Thunderstorm,12,4,2
WI,Thunderstorm,13,2,4
WI,Thunderstorm,13,3,6
WI,Thunderstorm,13,4,4
WI,Thunderstorm,14,2,4
WI,Thunderstorm,14,3,3
WI,Thunderstorm,15,2,12
WI,Thunderstorm,15,3,14
WI,Thunderstorm,16,2,20
WI,Thunderstorm,16,3,7
WI,Thunderstorm,16,4,2
WI,Thunderstorm,17,2,15
WI,Thunderstorm,17,3,3
WI,Thunderstorm,18,2,13
WI,Thunderstorm,18,3,3
WI,Thunderstorm,18,4,1
WI,Thunderstorm,19,2,7
WI,Thunderstorm,19,3,2
WI,Thunderstorm,19,4,3
WI,Thunderstorm,20,2,12
WI,Thunderstorm,20,3,2
WI,Thunderstorm,21,2,6
WI,Thunderstorm,21,4,2
WI,Thunderstorm,22,2,2
WI,Thunderstorm,22,3,1
WI,Thunderstorm,23,2,3
WI,Thunderstorm,23,4,2
WV,Clear/Fair,0,2,127
WV,Clear/Fair,0,3,3
WV,Clear/Fair,0,4,15
WV,Clear/Fair,1,2,88
WV,Clear/Fair,1,3,3
WV,Clear/Fair,1,4,5
WV,Clear/Fair,2,2,88
WV,Clear/Fair,2,3,1
WV,Clear/Fair,2,4,4
WV,Clear/Fair,3,2,67
WV,Clear/Fair,3,3,3
WV,Clear/Fair,3,4,5
WV,Clear/Fair,4,2,60
WV,Clear/Fair,4,3,4
WV,Clear/Fair,4,4,4
WV,Clear/Fair,5,2,86
WV,Clear/Fair,5,3,4
WV,Clear/Fair,5,4,15
WV,Clear/Fair,6,2,122
WV,Clear/Fair,6,3,5
WV,Clear/Fair,6,4,6
WV,Clear/Fair,7,2,107
WV,Clear/Fair,7,3,4
WV,Clear/Fair,7,4,11
WV,Clear/Fair,8,1,1
WV,Clear/Fair,8,2,117
WV,Clear/Fair,8,3,8
WV,Clear/Fair,8,4,11
WV,Clear/Fair,9,2,103
WV,Clear/Fair,9,3,6
WV,Clear/Fair,9,4,7
WV,Clear/Fair,10,2,130
WV,Clear/Fair,10,3,6
WV,Clear/Fair,10,4,17
WV,Clear/Fair,11,2,121
WV,Clear/Fair,11,3,9
WV,Clear/Fair,11,4,7
WV,Clear/Fair,12,2,167
WV,Clear/Fair,12,3,5
WV,Clear/Fair,12,4,13
WV,Clear/Fair,13,2,196
WV,Clear/Fair,13,3,4
WV,Clear/Fair,13,4,10
WV,Clear/Fair,14,2,197
WV,Clear/Fair,14,3,4
WV,Clear/Fair,14,4,14
WV,Clear/Fair,15,2,266
WV,Clear/Fair,15,3,7
WV,Clear/Fair,15,4,9
WV,Clear/Fair,16,2,327
WV,Clear/Fair,16,3,10
WV,Clear/Fair,16,4,19
WV,Clear/Fair,17,2,421
WV,Clear/Fair,17,3,6
WV,Clear/Fair,17,4,19
WV,Clear/Fair,18,2,298
WV,Clear/Fair,18,3,8
WV,Clear/Fair,18,4,22
WV,Clear/Fair,19,2,189
WV,Clear/Fair,19,3,12
WV,Clear/Fair,19,4,12
WV,Clear/Fair,20,2,202
WV,Clear/Fair,20,3,10
WV,Clear/Fair,20,4,17
WV,Clear/Fair,21,2,219
WV,Clear/Fair,21,3,1
WV,Clear/Fair,21,4,12
WV,Clear/Fair,22,2,189
WV,Clear/Fair,22,3,4
WV,Clear/Fair,22,4,16
WV,Clear/Fair,23,2,161
WV,Clear/Fair,23,3,1
WV,Clear/Fair,23,4,11
WV,Cloudy,0,2,84
WV,Cloudy,0,3,4
WV,Cloudy,0,4,5
WV,Cloudy,1,2,77
WV,Cloudy,1,3,3
WV,Cloudy,1,4,3
WV,Cloudy,2,2,69
WV,Cloudy,2,3,2
WV,Cloudy,2,4,1
WV,Cloudy,3,2,69
WV,Cloudy,3,3,4
WV,Cloudy,3,4,5
WV,Cloudy,4,2,102
WV,Cloudy,4,3,6
WV,Cloudy,4,4,10
WV,Cloudy,5,2,80
WV,Cloudy,5,3,6
WV,Cloudy,5,4,8
WV,Cloudy,6,2,127
WV,Cloudy,6,3,9
WV,Cloudy,6,4,11
WV,Cloudy,7,2,173
WV,Cloudy,7,3,16
WV,Cloudy,7,4,11
WV,Cloudy,8,2,175
WV,Cloudy,8,3,12
WV,Cloudy,8,4,15
WV,Cloudy,9,2,145
WV,Cloudy,9,3,13
WV,Cloudy,9,4,9
WV,Cloudy,10,2,174
WV,Cloudy,10,3,15
WV,Cloudy,10,4,17
WV,Cloudy,11,2,219
WV,Cloudy,11,3,20
WV,Cloudy,11,4,12
WV,Cloudy,12,2,310
WV,Cloudy,12,3,13
WV,Cloudy,12,4,34
WV,Cloudy,13,2,338
WV,Cloudy,13,3,19
WV,Cloudy,13,4,22
WV,Cloudy,14,2,329
WV,Cloudy,14,3,10
WV,Cloudy,14,4,17
WV,Cloudy,15,2,453
WV,Cloudy,15,3,23
WV,Cloudy,15,4,18
WV,Cloudy,16,2,465
WV,Cloudy,16,3,13
WV,Cloudy,16,4,33
WV,Cloudy,17,2,431
WV,Cloudy,17,3,16
WV,Cloudy,17,4,28
WV,Cloudy,18,2,272
WV,Cloudy,18,3,21
WV,Cloudy,18,4,26
WV,Cloudy,19,2,214
WV,Cloudy,19,3,5
WV,Cloudy,19,4,12
WV,Cloudy,20,2,150
WV,Cloudy,20,3,4
WV,Cloudy,20,4,7
WV,Cloudy,21,2,167
WV,Cloudy,21,3,6
WV,Cloudy,21,4,11
WV,Cloudy,22,2,135
WV,Cloudy,22,3,1
WV,Cloudy,22,4,8
WV,Cloudy,23,2,131
WV,Cloudy,23,3,3
WV,Cloudy,23,4,9
WV,Fog/Low visibility,0,2,16
WV,Fog/Low visibility,1,2,10
WV,Fog/Low visibility,1,3,1
WV,Fog/Low visibility,2,2,3
WV,Fog/Low visibility,2,3,3
WV,Fog/Low visibility,2,4,2
WV,Fog/Low visibility,3,2,18
WV,Fog/Low visibility,3,3,1
WV,Fog/Low visibility,4,2,9
WV,Fog/Low visibility,4,3,1
WV,Fog/Low visibility,5,2,17
WV,Fog/Low visibility,5,4,6
WV,Fog/Low visibility,6,2,25
WV,Fog/Low visibility,6,3,1
WV,Fog/Low visibility,6,4,6
WV,Fog/Low visibility,7,2,38
WV,Fog/Low visibility,7,3,4
WV,Fog/Low visibility,7,4,2
WV,Fog/Low visibility,8,2,30
WV,Fog/Low visibility,8,3,4
WV,Fog/Low visibility,8,4,3
WV,Fog/Low visibility,9,2,20
WV,Fog/Low visibility,9,4,1
WV,Fog/Low visibility,10,2,10
WV,Fog/Low visibility,10,3,2
WV,Fog/Low visibility,11,2,4
WV,Fog/Low visibility,12,2,5
WV,Fog/Low visibility,13,2,9
WV,Fog/Low visibility,14,2,12
WV,Fog/Low visibility,15,2,18
WV,Fog/Low visibility,15,4,2
WV,Fog/Low visibility,16,2,5
WV,Fog/Low visibility,17,2,15
WV,Fog/Low visibility,17,4,2
WV,Fog/Low visibility,18,2,12
WV,Fog/Low visibility,19,2,7
WV,Fog/Low visibility,20,2,9
WV,Fog/Low visibility,20,4,1
WV,Fog/Low visibility,21,2,1
WV,Fog/Low visibility,22,2,6
WV,Fog/Low visibility,22,4,2
WV,Fog/Low visibility,23,2,11
WV,Fog/Low visibility,23,4,1
WV,Precipitation (type unknown),7,2,1
WV,Precipitation (type unknown),14,2,1
WV,Precipitation (type unknown),16,2,10
WV,Precipitation (type unknown),17,2,1
WV,Precipitation (type unknown),22,2,3
WV,Precipitation (type unknown),23,2,1
WV,Rain,0,2,33
WV,Rain,0,3,4
WV,Rain,0,4,1
WV,Rain,1,2,24
WV,Rain,1,3,3
WV,Rain,1,4,2
WV,Rain,2,2,21
WV,Rain,2,4,1
WV,Rain,3,2,12
WV,Rain,3,4,1
WV,Rain,4,2,24
WV,Rain,4,3,2
WV,Rain,4,4,2
WV,Rain,5,2,30
WV,Rain,5,3,2
WV,Rain,5,4,4
WV,Rain,6,2,62
WV,Rain,6,3,3
WV,Rain,6,4,1
WV,Rain,7,2,54
WV,Rain,7,3,4
WV,Rain,7,4,2
WV,Rain,8,2,107
WV,Rain,8,3,4
WV,Rain,8,4,2
WV,Rain,9,2,65
WV,Rain,9,3,4
WV,Rain,9,4,8
WV,Rain,10,1,1
WV,Rain,10,2,48
WV,Rain,10,3,7
WV,Rain,10,4,13
WV,Rain,11,2,69
WV,Rain,11,3,5
WV,Rain,11,4,1
WV,Rain,12,2,82
WV,Rain,12,3,12
WV,Rain,12,4,5
WV,Rain,13,2,74
WV,Rain,13,3,3
WV,Rain,13,4,3
WV,Rain,14,2,81
WV,Rain,14,3,7
WV,Rain,14,4,6
WV,Rain,15,2,139
WV,Rain,15,3,6
WV,Rain,15,4,3
WV,Rain,16,2,150
WV,Rain,16,3,2
WV,Rain,16,4,6
WV,Rain,17,2,113
WV,Rain,17,3,6
WV,Rain,17,4,10
WV,Rain,18,2,76
WV,Rain,18,3,4
WV,Rain,18,4,4
WV,Rain,19,2,64
WV,Rain,19,3,3
WV,Rain,19,4,13
WV,Rain,20,2,67
WV,Rain,20,3,2
WV,Rain,20,4,6
WV,Rain,21,2,58
WV,Rain,21,3,7
WV,Rain,21,4,2
WV,Rain,22,2,48
WV,Rain,22,3,3
WV,Rain,22,4,4
WV,Rain,23,2,32
WV,Rain,23,3,1
WV,Rain,23,4,3
WV,Snow/Ice,0,2,15
WV,Snow/Ice,0,3,1
WV,Snow/Ice,0,4,1
WV,Snow/Ice,1,2,27
WV,Snow/Ice,1,4,2
WV,Snow/Ice,2,2,17
WV,Snow/Ice,3,2,39
WV,Snow/Ice,3,3,1
WV,Snow/Ice,4,2,36
WV,Snow/Ice,4,4,2
WV,Snow/Ice,5,2,70
WV,Snow/Ice,5,4,2
WV,Snow/Ice,6,2,90
WV,Snow/Ice,6,4,2
WV,Snow/Ice,7,2,102
WV,Snow/Ice,7,4,2
WV,Snow/Ice,8,2,66
WV,Snow/Ice,8,3,2
WV,Snow/Ice,8,4,1
WV,Snow/Ice,9,2,36
WV,Snow/Ice,9,3,1
WV,Snow/Ice,9,4,2
WV,Snow/Ice,10,2,17
WV,Snow/Ice,10,3,2
WV,Snow/Ice,10,4,1
WV,Snow/Ice,11,2,27
WV,Snow/Ice,11,3,1
WV,Snow/Ice,12,2,26
WV,Snow/Ice,12,3,2
WV,Snow/Ice,12,4,2
WV,Snow/Ice,13,2,17
WV,Snow/Ice,13,4,3
WV,Snow/Ice,14,2,19
WV,Snow/Ice,14,4,6
WV,Snow/Ice,15,2,37
WV,Snow/Ice,15,4,2
WV,Snow/Ice,16,2,57
WV,Snow/Ice,16,3,1
WV,Snow/Ice,16,4,4
WV,Snow/Ice,17,2,40
WV,Snow/Ice,17,3,2
WV,Snow/Ice,17,4,1
WV,Snow/Ice,18,2,40
WV,Snow/Ice,18,3,1
WV,Snow/Ice,18,4,3
WV,Snow/Ice,19,2,38
WV,Snow/Ice,19,3,1
WV,Snow/Ice,19,4,3
WV,Snow/Ice,20,2,36
WV,Snow/Ice,20,4,4
WV,Snow/Ice,21,2,28
WV,Snow/Ice,21,3,2
WV,Snow/Ice,21,4,2
WV,Snow/Ice,22,2,21
WV,Snow/Ice,23,2,50
WV,Snow/Ice,23,4,3
WV,Thunderstorm,3,2,1
WV,Thunderstorm,4,2,2
WV,Thunderstorm,6,2,1
WV,Thunderstorm,7,2,3
WV,Thunderstorm,7,4,1
WV,Thunderstorm,8,2,1
WV,Thunderstorm,9,2,3
WV,Thunderstorm,10,2,2
WV,Thunderstorm,11,2,1
WV,Thunderstorm,11,4,1
WV,Thunderstorm,12,2,16
WV,Thunderstorm,12,3,1
WV,Thunderstorm,12,4,1
WV,Thunderstorm,13,2,10
WV,Thunderstorm,13,4,1
WV,Thunderstorm,14,2,32
WV,Thunderstorm,14,3,1
WV,Thunderstorm,15,2,28
WV,Thunderstorm,15,3,3
WV,Thunderstorm,15,4,3
WV,Thunderstorm,16,2,50
WV,Thunderstorm,16,4,1
WV,Thunderstorm,17,2,29
WV,Thunderstorm,17,3,3
WV,Thunderstorm,17,4,3
WV,Thunderstorm,18,2,28
WV,Thunderstorm,18,4,4
WV,Thunderstorm,19,2,16
WV,Thunderstorm,19,3,2
WV,Thunderstorm,19,4,1
WV,Thunderstorm,20,2,18
WV,Thunderstorm,20,3,2
WV,Thunderstorm,21,2,6
WV,Thunderstorm,21,3,3
WV,Thunderstorm,21,4,2
WV,Thunderstorm,22,2,4
WV,Thunderstorm,23,2,7
WY,Clear/Fair,0,2,15
WY,Clear/Fair,0,3,1
WY,Clear/Fair,0,4,8
WY,Clear/Fair,1,2,22
WY,Clear/Fair,1,3,2
WY,Clear/Fair,1,4,9
WY,Clear/Fair,2,2,14
WY,Clear/Fair,2,4,3
WY,Clear/Fair,3,2,15
WY,Clear/Fair,3,3,1
WY,Clear/Fair,3,4,2
WY,Clear/Fair,4,2,48
WY,Clear/Fair,4,3,1
WY,Clear/Fair,4,4,11
WY,Clear/Fair,5,2,22
WY,Clear/Fair,5,3,5
WY,Clear/Fair,5,4,6
WY,Clear/Fair,6,2,36
WY,Clear/Fair,6,3,6
WY,Clear/Fair,6,4,15
WY,Clear/Fair,7,2,54
WY,Clear/Fair,7,3,4
WY,Clear/Fair,7,4,5
WY,Clear/Fair,8,2,76
WY,Clear/Fair,8,3,7
WY,Clear/Fair,8,4,16
WY,Clear/Fair,9,2,55
WY,Clear/Fair,9,3,5
WY,Clear/Fair,9,4,6
WY,Clear/Fair,10,2,49
WY,Clear/Fair,10,4,12
WY,Clear/Fair,11,2,55
WY,Clear/Fair,11,3,3
WY,Clear/Fair,11,4,8
WY,Clear/Fair,12,2,29
WY,Clear/Fair,12,3,1
WY,Clear/Fair,12,4,11
WY,Clear/Fair,13,2,33
WY,Clear/Fair,13,3,1
WY,Clear/Fair,13,4,8
WY,Clear/Fair,14,2,63
WY,Clear/Fair,14,3,1
WY,Clear/Fair,14,4,18
WY,Clear/Fair,15,2,72
WY,Clear/Fair,15,3,1
WY,Clear/Fair,15,4,15
WY,Clear/Fair,16,2,85
WY,Clear/Fair,16,4,14
WY,Clear/Fair,17,2,60
WY,Clear/Fair,17,3,2
WY,Clear/Fair,17,4,10
WY,Clear/Fair,18,2,62
WY,Clear/Fair,18,3,2
WY,Clear/Fair,18,4,10
WY,Clear/Fair,19,2,65
WY,Clear/Fair,19,3,2
WY,Clear/Fair,19,4,17
WY,Clear/Fair,20,2,34
WY,Clear/Fair,20,4,7
WY,Clear/Fair,21,2,38
WY,Clear/Fair,21,4,10
WY,Clear/Fair,22,2,22
WY,Clear/Fair,22,4,2
WY,Clear/Fair,23,2,19
WY,Clear/Fair,23,4,7
WY,Cloudy,0,2,27
WY,Cloudy,0,3,3
WY,Cloudy,0,4,2
WY,Cloudy,1,2,11
WY,Cloudy,1,3,48
WY,Cloudy,1,4,9
WY,Cloudy,2,2,24
WY,Cloudy,2,3,2
WY,Cloudy,2,4,2
WY,Cloudy,3,2,21
WY,Cloudy,3,3,6
WY,Cloudy,3,4,2
WY,Cloudy,4,2,51
WY,Cloudy,4,3,3
WY,Cloudy,4,4,7
WY,Cloudy,5,2,34
WY,Cloudy,5,3,6
WY,Cloudy,5,4,7
WY,Cloudy,6,2,49
WY,Cloudy,6,4,8
WY,Cloudy,7,2,78
WY,Cloudy,7,3,5
WY,Cloudy,7,4,14
WY,Cloudy,8,2,56
WY,Cloudy,8,3,8
WY,Cloudy,8,4,9
WY,Cloudy,9,2,47
WY,Cloudy,9,3,6
WY,Cloudy,9,4,7
WY,Cloudy,10,2,29
WY,Cloudy,10,3,1
WY,Cloudy,10,4,4
WY,Cloudy,11,2,53
WY,Cloudy,11,3,3
WY,Cloudy,11,4,14
WY,Cloudy,12,2,19
WY,Cloudy,12,4,3
WY,Cloudy,13,2,19
WY,Cloudy,13,3,1
WY,Cloudy,13,4,8
WY,Cloudy,14,2,25
WY,Cloudy,14,4,10
WY,Cloudy,15,2,20
WY,Cloudy,15,3,4
WY,Cloudy,15,4,6
WY,Cloudy,16,2,43
WY,Cloudy,16,3,2
WY,Cloudy,16,4,10
WY,Cloudy,17,2,65
WY,Cloudy,17,3,1
WY,Cloudy,17,4,11
WY,Cloudy,18,2,73
WY,Cloudy,18,3,2
WY,Cloudy,18,4,10
WY,Cloudy,19,2,41
WY,Cloudy,19,4,12
WY,Cloudy,20,2,36
WY,Cloudy,20,4,4
WY,Cloudy,21,2,49
WY,Cloudy,21,4,8
WY,Cloudy,22,2,27
WY,Cloudy,22,4,4
WY,Cloudy,23,2,11
WY,Cloudy,23,4,4
WY,Fog/Low visibility,2,3,1
WY,Fog/Low visibility,4,4,1
WY,Fog/Low visibility,5,3,1
WY,Fog/Low visibility,6,4,1
WY,Fog/Low visibility,7,3,1
WY,Fog/Low visibility,8,2,3
WY,Fog/Low visibility,8,4,1
WY,Fog/Low visibility,9,2,2
WY,Fog/Low visibility,9,4,2
WY,Fog/Low visibility,10,2,1
WY,Fog/Low visibility,10,4,1
WY,Fog/Low visibility,11,2,1
WY,Fog/Low visibility,11,3,1
WY,Fog/Low visibility,11,4,1
WY,Fog/Low visibility,13,2,3
WY,Fog/Low visibility,15,2,2
WY,Fog/Low visibility,15,4,6
WY,Precipitation (type unknown),8,2,2
WY,Precipitation (type unknown),8,4,3
WY,Precipitation (type unknown),9,2,5
WY,Rain,3,2,1
WY,Rain,3,4,1
WY,Rain,10,2,2
WY,Rain,11,2,1
WY,Rain,12,2,2
WY,Rain,13,4,1
WY,Rain,14,2,2
WY,Rain,14,4,1
WY,Rain,15,4,2
WY,Rain,17,2,1
WY,Rain,17,3,1
WY,Snow/Ice,0,2,11
WY,Snow/Ice,0,4,3
WY,Snow/Ice,1,2,6
WY,Snow/Ice,1,3,5
WY,Snow/Ice,1,4,1
WY,Snow/Ice,2,2,10
WY,Snow/Ice,2,4,1
WY,Snow/Ice,3,2,1
WY,Snow/Ice,3,3,2
WY,Snow/Ice,4,2,18
WY,Snow/Ice,4,4,3
WY,Snow/Ice,5,2,19
WY,Snow/Ice,5,3,5
WY,Snow/Ice,5,4,2
WY,Snow/Ice,6,2,51
WY,Snow/Ice,6,3,1
WY,Snow/Ice,6,4,3
WY,Snow/Ice,7,2,38
WY,Snow/Ice,7,4,2
WY,Snow/Ice,8,2,47
WY,Snow/Ice,8,3,4
WY,Snow/Ice,8,4,8
WY,Snow/Ice,9,2,48
WY,Snow/Ice,9,3,1
WY,Snow/Ice,9,4,6
WY,Snow/Ice,10,2,32
WY,Snow/Ice,10,3,1
WY,Snow/Ice,10,4,8
WY,Snow/Ice,11,2,20
WY,Snow/Ice,11,4,2
WY,Snow/Ice,12,2,30
WY,Snow/Ice,12,3,2
WY,Snow/Ice,12,4,8
WY,Snow/Ice,13,2,17
WY,Snow/Ice,13,3,1
WY,Snow/Ice,13,4,1
WY,Snow/Ice,14,2,32
WY,Snow/Ice,14,4,3
WY,Snow/Ice,15,2,27
WY,Snow/Ice,15,4,2
WY,Snow/Ice,16,2,19
WY,Snow/Ice,16,4,2
WY,Snow/Ice,17,2,23
WY,Snow/Ice,17,4,10
WY,Snow/Ice,18,2,55
WY,Snow/Ice,18,4,5
WY,Snow/Ice,19,2,25
WY,Snow/Ice,19,4,1
WY,Snow/Ice,20,2,15
WY,Snow/Ice,20,3,1
WY,Snow/Ice,20,4,1
WY,Snow/Ice,21,2,10
WY,Snow/Ice,21,4,3
WY,Snow/Ice,22,2,16
WY,Snow/Ice,22,3,1
WY,Snow/Ice,22,4,2
WY,Snow/Ice,23,2,7
WY,Snow/Ice,23,4,1
WY,Thunderstorm,1,2,4
WY,Thunderstorm,1,4,5
WY,Thunderstorm,2,2,1
WY,Thunderstorm,6,3,1
WY,Thunderstorm,9,2,1
WY,Thunderstorm,13,2,2
WY,Thunderstorm,16,2,6
WY,Thunderstorm,18,2,1
WY,Thunderstorm,21,2,1
