level,State,Start_Month,column,median
state_month,AL,1,Temperature(F),49.0
state_month,AL,2,Temperature(F),55.0
state_month,AL,3,Temperature(F),62.0
state_month,AL,4,Temperature(F),67.0
state_month,AL,5,Temperature(F),77.0
state_month,AL,6,Temperature(F),82.0
state_month,AL,7,Temperature(F),83.0
state_month,AL,8,Temperature(F),80.0999984741211
state_month,AL,9,Temperature(F),78.0
state_month,AL,10,Temperature(F),70.0
state_month,AL,11,Temperature(F),56.0
state_month,AL,12,Temperature(F),52.0
state_month,CA,1,Temperature(F),53.599998474121094
state_month,CA,2,Temperature(F),55.900001525878906
state_month,CA,3,Temperature(F),57.0
state_month,CA,4,Temperature(F),62.099998474121094
state_month,CA,5,Temperature(F),66.0
state_month,CA,6,Temperature(F),72.0
state_month,CA,7,Temperature(F),75.0
state_month,CA,8,Temperature(F),75.0
state_month,CA,9,Temperature(F),73.0
state_month,CA,10,Temperature(F),67.0
state_month,CA,11,Temperature(F),59.0
state_month,CA,12,Temperature(F),54.0
state_month,CT,1,Temperature(F),33.0
state_month,CT,2,Temperature(F),34.0
state_month,CT,3,Temperature(F),41.0
state_month,CT,4,Temperature(F),50.0
state_month,CT,5,Temperature(F),63.0
state_month,CT,6,Temperature(F),72.0
state_month,CT,7,Temperature(F),78.0
state_month,CT,8,Temperature(F),77.0
state_month,CT,9,Temperature(F),69.0
state_month,CT,10,Temperature(F),57.900001525878906
state_month,CT,11,Temperature(F),46.900001525878906
state_month,CT,12,Temperature(F),37.0
state_month,DC,1,Temperature(F),40.0
state_month,DC,2,Temperature(F),40.0
state_month,DC,3,Temperature(F),50.0
state_month,DC,4,Temperature(F),55.900001525878906
state_month,DC,5,Temperature(F),68.0
state_month,DC,6,Temperature(F),77.0
state_month,DC,7,Temperature(F),81.0
state_month,DC,8,Temperature(F),80.0
state_month,DC,9,Temperature(F),73.0
state_month,DC,10,Temperature(F),62.0
state_month,DC,11,Temperature(F),50.849998474121094
state_month,DC,12,Temperature(F),42.0
state_month,DE,1,Temperature(F),36.0
state_month,DE,2,Temperature(F),38.0
state_month,DE,3,Temperature(F),47.0
state_month,DE,4,Temperature(F),55.900001525878906
state_month,DE,5,Temperature(F),66.0
state_month,DE,6,Temperature(F),75.0
state_month,DE,7,Temperature(F),80.0
state_month,DE,8,Temperature(F),79.0
state_month,DE,9,Temperature(F),72.0
state_month,DE,10,Temperature(F),60.099998474121094
state_month,DE,11,Temperature(F),47.0
state_month,DE,12,Temperature(F),40.0
state_month,FL,1,Temperature(F),67.0
state_month,FL,2,Temperature(F),72.0
state_month,FL,3,Temperature(F),73.0
state_month,FL,4,Temperature(F),77.0
state_month,FL,5,Temperature(F),81.0
state_month,FL,6,Temperature(F),82.9000015258789
state_month,FL,7,Temperature(F),84.0
state_month,FL,8,Temperature(F),84.0
state_month,FL,9,Temperature(F),82.0
state_month,FL,10,Temperature(F),80.0
state_month,FL,11,Temperature(F),74.0
state_month,FL,12,Temperature(F),71.0
state_month,GA,1,Temperature(F),49.0
state_month,GA,2,Temperature(F),55.0
state_month,GA,3,Temperature(F),58.0
state_month,GA,4,Temperature(F),65.0
state_month,GA,5,Temperature(F),73.0
state_month,GA,6,Temperature(F),78.30000305175781
state_month,GA,7,Temperature(F),82.0
state_month,GA,8,Temperature(F),79.0
state_month,GA,9,Temperature(F),75.0
state_month,GA,10,Temperature(F),68.0
state_month,GA,11,Temperature(F),55.900001525878906
state_month,GA,12,Temperature(F),50.0
state_month,IA,1,Temperature(F),26.0
state_month,IA,2,Temperature(F),17.049999237060547
state_month,IA,3,Temperature(F),37.0
state_month,IA,4,Temperature(F),49.0
state_month,IA,5,Temperature(F),63.0
state_month,IA,6,Temperature(F),75.9000015258789
state_month,IA,7,Temperature(F),80.0
state_month,IA,8,Temperature(F),77.0
state_month,IA,9,Temperature(F),70.0
state_month,IA,10,Temperature(F),51.79999923706055
state_month,IA,11,Temperature(F),39.0
state_month,IA,12,Temperature(F),28.0
state_month,IL,1,Temperature(F),29.0
state_month,IL,2,Temperature(F),27.0
state_month,IL,3,Temperature(F),39.0
state_month,IL,4,Temperature(F),48.900001525878906
state_month,IL,5,Temperature(F),61.0
state_month,IL,6,Temperature(F),74.0
state_month,IL,7,Temperature(F),77.0
state_month,IL,8,Temperature(F),75.9000015258789
state_month,IL,9,Temperature(F),69.0999984741211
state_month,IL,10,Temperature(F),54.0
state_month,IL,11,Temperature(F),41.0
state_month,IL,12,Temperature(F),32.0
state_month,IN,1,Temperature(F),30.0
state_month,IN,2,Temperature(F),27.0
state_month,IN,3,Temperature(F),41.0
state_month,IN,4,Temperature(F),51.0
state_month,IN,5,Temperature(F),66.0
state_month,IN,6,Temperature(F),75.0
state_month,IN,7,Temperature(F),77.0
state_month,IN,8,Temperature(F),73.5999984741211
state_month,IN,9,Temperature(F),69.0999984741211
state_month,IN,10,Temperature(F),58.0
state_month,IN,11,Temperature(F),42.0
state_month,IN,12,Temperature(F),32.0
state_month,KY,1,Temperature(F),35.0
state_month,KY,2,Temperature(F),36.0
state_month,KY,3,Temperature(F),47.0
state_month,KY,4,Temperature(F),57.0
state_month,KY,5,Temperature(F),69.80000305175781
state_month,KY,6,Temperature(F),77.0
state_month,KY,7,Temperature(F),79.0
state_month,KY,8,Temperature(F),76.0
state_month,KY,9,Temperature(F),72.0
state_month,KY,10,Temperature(F),60.099998474121094
state_month,KY,11,Temperature(F),45.0
state_month,KY,12,Temperature(F),39.0
state_month,MA,1,Temperature(F),30.899999618530273
state_month,MA,2,Temperature(F),33.0
state_month,MA,3,Temperature(F),39.0
state_month,MA,4,Temperature(F),48.0
state_month,MA,5,Temperature(F),59.0
state_month,MA,6,Temperature(F),70.0
state_month,MA,7,Temperature(F),75.0
state_month,MA,8,Temperature(F),75.9000015258789
state_month,MA,9,Temperature(F),67.0
state_month,MA,10,Temperature(F),56.0
state_month,MA,11,Temperature(F),43.0
state_month,MA,12,Temperature(F),34.0
state_month,MD,1,Temperature(F),37.0
state_month,MD,2,Temperature(F),36.0
state_month,MD,3,Temperature(F),46.0
state_month,MD,4,Temperature(F),55.900001525878906
state_month,MD,5,Temperature(F),66.0
state_month,MD,6,Temperature(F),75.0
state_month,MD,7,Temperature(F),80.5999984741211
state_month,MD,8,Temperature(F),79.0
state_month,MD,9,Temperature(F),72.0
state_month,MD,10,Temperature(F),61.0
state_month,MD,11,Temperature(F),48.0
state_month,MD,12,Temperature(F),40.0
state_month,MI,1,Temperature(F),28.0
state_month,MI,2,Temperature(F),25.0
state_month,MI,3,Temperature(F),36.0
state_month,MI,4,Temperature(F),46.0
state_month,MI,5,Temperature(F),61.0
state_month,MI,6,Temperature(F),72.0
state_month,MI,7,Temperature(F),77.0
state_month,MI,8,Temperature(F),75.0
state_month,MI,9,Temperature(F),66.9000015258789
state_month,MI,10,Temperature(F),53.599998474121094
state_month,MI,11,Temperature(F),39.0
state_month,MI,12,Temperature(F),30.0
state_month,MO,1,Temperature(F),32.0
state_month,MO,2,Temperature(F),27.0
state_month,MO,3,Temperature(F),46.0
state_month,MO,4,Temperature(F),57.0
state_month,MO,5,Temperature(F),67.0
state_month,MO,6,Temperature(F),79.0
state_month,MO,7,Temperature(F),81.0
state_month,MO,8,Temperature(F),78.0999984741211
state_month,MO,9,Temperature(F),74.0
state_month,MO,10,Temperature(F),60.0
state_month,MO,11,Temperature(F),46.900001525878906
state_month,MO,12,Temperature(F),38.0
state_month,NE,1,Temperature(F),28.0
state_month,NE,2,Temperature(F),24.0
state_month,NE,3,Temperature(F),41.30000305175781
state_month,NE,4,Temperature(F),53.099998474121094
state_month,NE,5,Temperature(F),65.0
state_month,NE,6,Temperature(F),80.4000015258789
state_month,NE,7,Temperature(F),81.0
state_month,NE,8,Temperature(F),77.19999694824219
state_month,NE,9,Temperature(F),72.0
state_month,NE,10,Temperature(F),55.0
state_month,NE,11,Temperature(F),42.099998474121094
state_month,NE,12,Temperature(F),29.0
state_month,NH,1,Temperature(F),28.0
state_month,NH,2,Temperature(F),30.0
state_month,NH,3,Temperature(F),33.099998474121094
state_month,NH,4,Temperature(F),45.0
state_month,NH,5,Temperature(F),61.0
state_month,NH,6,Temperature(F),70.0
state_month,NH,7,Temperature(F),76.0
state_month,NH,8,Temperature(F),75.0
state_month,NH,9,Temperature(F),66.9000015258789
state_month,NH,10,Temperature(F),54.0
state_month,NH,11,Temperature(F),37.900001525878906
state_month,NH,12,Temperature(F),30.0
state_month,NJ,1,Temperature(F),35.0
state_month,NJ,2,Temperature(F),37.0
state_month,NJ,3,Temperature(F),44.0
state_month,NJ,4,Temperature(F),53.0
state_month,NJ,5,Temperature(F),65.0
state_month,NJ,6,Temperature(F),74.0
state_month,NJ,7,Temperature(F),80.0
state_month,NJ,8,Temperature(F),79.0
state_month,NJ,9,Temperature(F),71.0
state_month,NJ,10,Temperature(F),60.0
state_month,NJ,11,Temperature(F),48.0
state_month,NJ,12,Temperature(F),39.0
state_month,NY,1,Temperature(F),32.0
state_month,NY,2,Temperature(F),32.0
state_month,NY,3,Temperature(F),41.0
state_month,NY,4,Temperature(F),50.0
state_month,NY,5,Temperature(F),63.0
state_month,NY,6,Temperature(F),72.0
state_month,NY,7,Temperature(F),78.0
state_month,NY,8,Temperature(F),77.0
state_month,NY,9,Temperature(F),69.0
state_month,NY,10,Temperature(F),58.0
state_month,NY,11,Temperature(F),45.0
state_month,NY,12,Temperature(F),35.599998474121094
state_month,OH,1,Temperature(F),33.0
state_month,OH,2,Temperature(F),32.0
state_month,OH,3,Temperature(F),44.0
state_month,OH,4,Temperature(F),51.099998474121094
state_month,OH,5,Temperature(F),64.0
state_month,OH,6,Temperature(F),74.0
state_month,OH,7,Temperature(F),76.0
state_month,OH,8,Temperature(F),74.0
state_month,OH,9,Temperature(F),68.80000305175781
state_month,OH,10,Temperature(F),57.0
state_month,OH,11,Temperature(F),43.0
state_month,OH,12,Temperature(F),35.0
state_month,OR,1,Temperature(F),41.0
state_month,OR,2,Temperature(F),36.0
state_month,OR,3,Temperature(F),45.0
state_month,OR,4,Temperature(F),51.0
state_month,OR,5,Temperature(F),59.0
state_month,OR,6,Temperature(F),66.0
state_month,OR,7,Temperature(F),73.0
state_month,OR,8,Temperature(F),73.0
state_month,OR,9,Temperature(F),64.0
state_month,OR,10,Temperature(F),54.0
state_month,OR,11,Temperature(F),46.0
state_month,OR,12,Temperature(F),38.0
state_month,PA,1,Temperature(F),32.0
state_month,PA,2,Temperature(F),33.0
state_month,PA,3,Temperature(F),41.0
state_month,PA,4,Temperature(F),52.0
state_month,PA,5,Temperature(F),64.0
state_month,PA,6,Temperature(F),73.0
state_month,PA,7,Temperature(F),78.0
state_month,PA,8,Temperature(F),76.0
state_month,PA,9,Temperature(F),68.0
state_month,PA,10,Temperature(F),57.0
state_month,PA,11,Temperature(F),45.0
state_month,PA,12,Temperature(F),36.0
state_month,RI,1,Temperature(F),30.899999618530273
state_month,RI,2,Temperature(F),33.79999923706055
state_month,RI,3,Temperature(F),40.0
state_month,RI,4,Temperature(F),50.0
state_month,RI,5,Temperature(F),61.0
state_month,RI,6,Temperature(F),71.0
state_month,RI,7,Temperature(F),78.0999984741211
state_month,RI,8,Temperature(F),78.0
state_month,RI,9,Temperature(F),68.0
state_month,RI,10,Temperature(F),57.20000076293945
state_month,RI,11,Temperature(F),46.0
state_month,RI,12,Temperature(F),36.0
state_month,SC,1,Temperature(F),47.0
state_month,SC,2,Temperature(F),53.0
state_month,SC,3,Temperature(F),57.20000076293945
state_month,SC,4,Temperature(F),66.0
state_month,SC,5,Temperature(F),75.0
state_month,SC,6,Temperature(F),80.0
state_month,SC,7,Temperature(F),82.0
state_month,SC,8,Temperature(F),80.0
state_month,SC,9,Temperature(F),77.0
state_month,SC,10,Temperature(F),68.0
state_month,SC,11,Temperature(F),55.0
state_month,SC,12,Temperature(F),49.0
state_month,TX,1,Temperature(F),53.599998474121094
state_month,TX,2,Temperature(F),55.0
state_month,TX,3,Temperature(F),66.0
state_month,TX,4,Temperature(F),71.0
state_month,TX,5,Temperature(F),78.0
state_month,TX,6,Temperature(F),84.0
state_month,TX,7,Temperature(F),87.0999984741211
state_month,TX,8,Temperature(F),86.0
state_month,TX,9,Temperature(F),81.05000305175781
state_month,TX,10,Temperature(F),73.9000015258789
state_month,TX,11,Temperature(F),64.0
state_month,TX,12,Temperature(F),55.900001525878906
state_month,VA,1,Temperature(F),40.0
state_month,VA,2,Temperature(F),41.0
state_month,VA,3,Temperature(F),50.0
state_month,VA,4,Temperature(F),59.0
state_month,VA,5,Temperature(F),69.0
state_month,VA,6,Temperature(F),77.0
state_month,VA,7,Temperature(F),80.0
state_month,VA,8,Temperature(F),79.0
state_month,VA,9,Temperature(F),72.0
state_month,VA,10,Temperature(F),63.0
state_month,VA,11,Temperature(F),50.0
state_month,VA,12,Temperature(F),43.0
state_month,WA,1,Temperature(F),43.0
state_month,WA,2,Temperature(F),40.0
state_month,WA,3,Temperature(F),46.0
state_month,WA,4,Temperature(F),51.0
state_month,WA,5,Temperature(F),57.900001525878906
state_month,WA,6,Temperature(F),63.0
state_month,WA,7,Temperature(F),69.0999984741211
state_month,WA,8,Temperature(F),69.0999984741211
state_month,WA,9,Temperature(F),62.099998474121094
state_month,WA,10,Temperature(F),53.099998474121094
state_month,WA,11,Temperature(F),47.0
state_month,WA,12,Temperature(F),40.0
state_month,WI,1,Temperature(F),25.0
state_month,WI,2,Temperature(F),24.0
state_month,WI,3,Temperature(F),33.0
state_month,WI,4,Temperature(F),42.0
state_month,WI,5,Temperature(F),57.20000076293945
state_month,WI,6,Temperature(F),72.0
state_month,WI,7,Temperature(F),75.0
state_month,WI,8,Temperature(F),72.0
state_month,WI,9,Temperature(F),64.4000015258789
state_month,WI,10,Temperature(F),50.0
state_month,WI,11,Temperature(F),34.0
state_month,WI,12,Temperature(F),27.0
state_month,WV,1,Temperature(F),32.0
state_month,WV,2,Temperature(F),36.0
state_month,WV,3,Temperature(F),51.0
state_month,WV,4,Temperature(F),56.0
state_month,WV,5,Temperature(F),69.0
state_month,WV,6,Temperature(F),74.0
state_month,WV,7,Temperature(F),75.9000015258789
state_month,WV,8,Temperature(F),75.9000015258789
state_month,WV,9,Temperature(F),68.0
state_month,WV,10,Temperature(F),58.0
state_month,WV,11,Temperature(F),46.0
state_month,WV,12,Temperature(F),39.0
state_month,AR,1,Temperature(F),39.0
state_month,AR,2,Temperature(F),33.0
state_month,AR,3,Temperature(F),55.0
state_month,AR,4,Temperature(F),63.0
state_month,AR,5,Temperature(F),72.0
state_month,AR,6,Temperature(F),80.0
state_month,AR,7,Temperature(F),83.0
state_month,AR,8,Temperature(F),80.0
state_month,AR,9,Temperature(F),75.0
state_month,AR,10,Temperature(F),66.0
state_month,AR,11,Temperature(F),51.0
state_month,AR,12,Temperature(F),48.0
state_month,AZ,1,Temperature(F),54.0
state_month,AZ,2,Temperature(F),56.0
state_month,AZ,3,Temperature(F),64.0
state_month,AZ,4,Temperature(F),77.0
state_month,AZ,5,Temperature(F),84.0
state_month,AZ,6,Temperature(F),95.0
state_month,AZ,7,Temperature(F),93.19999694824219
state_month,AZ,8,Temperature(F),93.0
state_month,AZ,9,Temperature(F),87.0999984741211
state_month,AZ,10,Temperature(F),75.9000015258789
state_month,AZ,11,Temperature(F),66.0
state_month,AZ,12,Temperature(F),55.400001525878906
state_month,CO,1,Temperature(F),28.0
state_month,CO,2,Temperature(F),25.0
state_month,CO,3,Temperature(F),33.0
state_month,CO,4,Temperature(F),45.0
state_month,CO,5,Temperature(F),57.0
state_month,CO,6,Temperature(F),71.5999984741211
state_month,CO,7,Temperature(F),73.4000015258789
state_month,CO,8,Temperature(F),70.0
state_month,CO,9,Temperature(F),64.0
state_month,CO,10,Temperature(F),48.0
state_month,CO,11,Temperature(F),39.0
state_month,CO,12,Temperature(F),30.100000381469727
state_month,ID,1,Temperature(F),32.0
state_month,ID,2,Temperature(F),30.0
state_month,ID,3,Temperature(F),45.0
state_month,ID,4,Temperature(F),48.0
state_month,ID,5,Temperature(F),62.0
state_month,ID,6,Temperature(F),75.44999694824219
state_month,ID,7,Temperature(F),84.0
state_month,ID,8,Temperature(F),80.0
state_month,ID,9,Temperature(F),66.0
state_month,ID,10,Temperature(F),52.5
state_month,ID,11,Temperature(F),39.099998474121094
state_month,ID,12,Temperature(F),32.0
state_month,KS,1,Temperature(F),31.0
state_month,KS,2,Temperature(F),21.899999618530273
state_month,KS,3,Temperature(F),43.0
state_month,KS,4,Temperature(F),57.0
state_month,KS,5,Temperature(F),65.0
state_month,KS,6,Temperature(F),79.0
state_month,KS,7,Temperature(F),82.0
state_month,KS,8,Temperature(F),79.0
state_month,KS,9,Temperature(F),73.9000015258789
state_month,KS,10,Temperature(F),59.0
state_month,KS,11,Temperature(F),47.0
state_month,KS,12,Temperature(F),35.0
state_month,LA,1,Temperature(F),54.0
state_month,LA,2,Temperature(F),59.0
state_month,LA,3,Temperature(F),67.0
state_month,LA,4,Temperature(F),72.0
state_month,LA,5,Temperature(F),81.0
state_month,LA,6,Temperature(F),84.0
state_month,LA,7,Temperature(F),84.0
state_month,LA,8,Temperature(F),82.9000015258789
state_month,LA,9,Temperature(F),80.0999984741211
state_month,LA,10,Temperature(F),73.9000015258789
state_month,LA,11,Temperature(F),63.0
state_month,LA,12,Temperature(F),58.0
state_month,ME,1,Temperature(F),26.100000381469727
state_month,ME,2,Temperature(F),28.0
state_month,ME,3,Temperature(F),33.900001525878906
state_month,ME,4,Temperature(F),43.0
state_month,ME,5,Temperature(F),55.0
state_month,ME,6,Temperature(F),66.44999694824219
state_month,ME,7,Temperature(F),75.0
state_month,ME,8,Temperature(F),73.0
state_month,ME,9,Temperature(F),64.9000015258789
state_month,ME,10,Temperature(F),53.099998474121094
state_month,ME,11,Temperature(F),35.54999923706055
state_month,ME,12,Temperature(F),27.0
state_month,MN,1,Temperature(F),20.0
state_month,MN,2,Temperature(F),13.0
state_month,MN,3,Temperature(F),33.0
state_month,MN,4,Temperature(F),41.0
state_month,MN,5,Temperature(F),62.0
state_month,MN,6,Temperature(F),74.0
state_month,MN,7,Temperature(F),77.0
state_month,MN,8,Temperature(F),73.0
state_month,MN,9,Temperature(F),64.0
state_month,MN,10,Temperature(F),46.0
state_month,MN,11,Temperature(F),30.899999618530273
state_month,MN,12,Temperature(F),19.899999618530273
state_month,MS,1,Temperature(F),52.0
state_month,MS,2,Temperature(F),53.099998474121094
state_month,MS,3,Temperature(F),62.099998474121094
state_month,MS,4,Temperature(F),67.0
state_month,MS,5,Temperature(F),78.0
state_month,MS,6,Temperature(F),83.0
state_month,MS,7,Temperature(F),83.5
state_month,MS,8,Temperature(F),82.0
state_month,MS,9,Temperature(F),78.0
state_month,MS,10,Temperature(F),71.0
state_month,MS,11,Temperature(F),58.0
state_month,MS,12,Temperature(F),53.0
state_month,MT,1,Temperature(F),27.0
state_month,MT,2,Temperature(F),18.0
state_month,MT,3,Temperature(F),28.0
state_month,MT,4,Temperature(F),26.0
state_month,MT,5,Temperature(F),50.0
state_month,MT,6,Temperature(F),65.0
state_month,MT,7,Temperature(F),77.0
state_month,MT,8,Temperature(F),73.0
state_month,MT,9,Temperature(F),61.0
state_month,MT,10,Temperature(F),41.0
state_month,MT,11,Temperature(F),28.0
state_month,MT,12,Temperature(F),24.0
state_month,NC,1,Temperature(F),44.0
state_month,NC,2,Temperature(F),50.0
state_month,NC,3,Temperature(F),55.400001525878906
state_month,NC,4,Temperature(F),64.0
state_month,NC,5,Temperature(F),73.0
state_month,NC,6,Temperature(F),79.0
state_month,NC,7,Temperature(F),82.0
state_month,NC,8,Temperature(F),80.0999984741211
state_month,NC,9,Temperature(F),75.0
state_month,NC,10,Temperature(F),66.19999694824219
state_month,NC,11,Temperature(F),53.0
state_month,NC,12,Temperature(F),47.0
state_month,ND,1,Temperature(F),21.0
state_month,ND,2,Temperature(F),3.0
state_month,ND,3,Temperature(F),27.0
state_month,ND,4,Temperature(F),31.0
state_month,ND,5,Temperature(F),59.0
state_month,ND,6,Temperature(F),73.0
state_month,ND,7,Temperature(F),74.0
state_month,ND,8,Temperature(F),75.0
state_month,ND,9,Temperature(F),67.5
state_month,ND,10,Temperature(F),42.0
state_month,ND,11,Temperature(F),28.0
state_month,ND,12,Temperature(F),15.0
state_month,NM,1,Temperature(F),37.0
state_month,NM,2,Temperature(F),37.400001525878906
state_month,NM,3,Temperature(F),51.099998474121094
state_month,NM,4,Temperature(F),58.0
state_month,NM,5,Temperature(F),70.0
state_month,NM,6,Temperature(F),80.0
state_month,NM,7,Temperature(F),80.3499984741211
state_month,NM,8,Temperature(F),77.0
state_month,NM,9,Temperature(F),73.0
state_month,NM,10,Temperature(F),57.0
state_month,NM,11,Temperature(F),48.20000076293945
state_month,NM,12,Temperature(F),37.400001525878906
state_month,NV,1,Temperature(F),33.0
state_month,NV,2,Temperature(F),32.0
state_month,NV,3,Temperature(F),42.0
state_month,NV,4,Temperature(F),52.0
state_month,NV,5,Temperature(F),63.0
state_month,NV,6,Temperature(F),80.0
state_month,NV,7,Temperature(F),87.0999984741211
state_month,NV,8,Temperature(F),82.9000015258789
state_month,NV,9,Temperature(F),71.0
state_month,NV,10,Temperature(F),57.0
state_month,NV,11,Temperature(F),45.0
state_month,NV,12,Temperature(F),33.44999694824219
state_month,OK,1,Temperature(F),41.0
state_month,OK,2,Temperature(F),40.0
state_month,OK,3,Temperature(F),55.0
state_month,OK,4,Temperature(F),64.0
state_month,OK,5,Temperature(F),75.0
state_month,OK,6,Temperature(F),83.0
state_month,OK,7,Temperature(F),86.0
state_month,OK,8,Temperature(F),82.9000015258789
state_month,OK,9,Temperature(F),77.0
state_month,OK,10,Temperature(F),65.0
state_month,OK,11,Temperature(F),52.900001525878906
state_month,OK,12,Temperature(F),45.29999923706055
state_month,SD,1,Temperature(F),22.0
state_month,SD,2,Temperature(F),36.0
state_month,SD,3,Temperature(F),30.0
state_month,SD,4,Temperature(F),41.0
state_month,SD,5,Temperature(F),45.0
state_month,SD,6,Temperature(F),63.0
state_month,SD,7,Temperature(F),74.5
state_month,SD,8,Temperature(F),78.0
state_month,SD,9,Temperature(F),64.0
state_month,SD,10,Temperature(F),59.0
state_month,SD,11,Temperature(F),41.0
state_month,SD,12,Temperature(F),22.5
state_month,TN,1,Temperature(F),42.099998474121094
state_month,TN,2,Temperature(F),45.0
state_month,TN,3,Temperature(F),55.0
state_month,TN,4,Temperature(F),61.0
state_month,TN,5,Temperature(F),73.0
state_month,TN,6,Temperature(F),80.0999984741211
state_month,TN,7,Temperature(F),82.0
state_month,TN,8,Temperature(F),79.0
state_month,TN,9,Temperature(F),74.0
state_month,TN,10,Temperature(F),65.0
state_month,TN,11,Temperature(F),51.0
state_month,TN,12,Temperature(F),47.0
state_month,UT,1,Temperature(F),32.0
state_month,UT,2,Temperature(F),30.0
state_month,UT,3,Temperature(F),41.0
state_month,UT,4,Temperature(F),50.0
state_month,UT,5,Temperature(F),62.0
state_month,UT,6,Temperature(F),76.0
state_month,UT,7,Temperature(F),84.0
state_month,UT,8,Temperature(F),81.0
state_month,UT,9,Temperature(F),70.0
state_month,UT,10,Temperature(F),51.599998474121094
state_month,UT,11,Temperature(F),40.0
state_month,UT,12,Temperature(F),30.899999618530273
state_month,VT,1,Temperature(F),28.0
state_month,VT,2,Temperature(F),27.0
state_month,VT,3,Temperature(F),33.0
state_month,VT,4,Temperature(F),35.099998474121094
state_month,VT,5,Temperature(F),53.0
state_month,VT,6,Temperature(F),69.0
state_month,VT,7,Temperature(F),75.44999694824219
state_month,VT,8,Temperature(F),75.94999694824219
state_month,VT,9,Temperature(F),63.0
state_month,VT,10,Temperature(F),53.0
state_month,VT,11,Temperature(F),32.0
state_month,VT,12,Temperature(F),28.399999618530273
state_month,WY,1,Temperature(F),25.0
state_month,WY,2,Temperature(F),20.0
state_month,WY,3,Temperature(F),23.0
state_month,WY,4,Temperature(F),28.0
state_month,WY,5,Temperature(F),42.0
state_month,WY,6,Temperature(F),65.0
state_month,WY,7,Temperature(F),66.05000305175781
state_month,WY,8,Temperature(F),69.0
state_month,WY,9,Temperature(F),59.0
state_month,WY,10,Temperature(F),33.0
state_month,WY,11,Temperature(F),27.0
state_month,WY,12,Temperature(F),25.0
state,AL,-1,Temperature(F),69.0
state,CA,-1,Temperature(F),63.0
state,CT,-1,Temperature(F),55.0
state,DC,-1,Temperature(F),59.0
state,DE,-1,Temperature(F),60.0
state,FL,-1,Temperature(F),77.0
state,GA,-1,Temperature(F),66.0
state,IA,-1,Temperature(F),42.0
state,IL,-1,Temperature(F),53.0
state,IN,-1,Temperature(F),55.900001525878906
state,KY,-1,Temperature(F),61.0
state,MA,-1,Temperature(F),53.0
state,MD,-1,Temperature(F),57.0
state,MI,-1,Temperature(F),49.0
state,MO,-1,Temperature(F),57.0
state,NE,-1,Temperature(F),55.20000076293945
state,NH,-1,Temperature(F),45.0
state,NJ,-1,Temperature(F),57.900001525878906
state,NY,-1,Temperature(F),56.0
state,OH,-1,Temperature(F),52.0
state,OR,-1,Temperature(F),49.0
state,PA,-1,Temperature(F),53.0
state,RI,-1,Temperature(F),55.400001525878906
state,SC,-1,Temperature(F),66.0
state,TX,-1,Temperature(F),72.0
state,VA,-1,Temperature(F),60.400001525878906
state,WA,-1,Temperature(F),52.0
state,WI,-1,Temperature(F),45.900001525878906
state,WV,-1,Temperature(F),56.0
state,AR,-1,Temperature(F),61.0
state,AZ,-1,Temperature(F),73.0
state,CO,-1,Temperature(F),46.400001525878906
state,ID,-1,Temperature(F),45.0
state,KS,-1,Temperature(F),54.0
state,LA,-1,Temperature(F),73.0
state,ME,-1,Temperature(F),51.099998474121094
state,MN,-1,Temperature(F),33.0
state,MS,-1,Temperature(F),69.0
state,MT,-1,Temperature(F),29.0
state,NC,-1,Temperature(F),64.19999694824219
state,ND,-1,Temperature(F),28.0
state,NM,-1,Temperature(F),59.0
state,NV,-1,Temperature(F),53.099998474121094
state,OK,-1,Temperature(F),66.0
state,SD,-1,Temperature(F),57.0
state,TN,-1,Temperature(F),64.0
state,UT,-1,Temperature(F),48.0
state,VT,-1,Temperature(F),39.0
state,WY,-1,Temperature(F),27.0
overall,*,-1,Temperature(F),64.0
state_month,AL,1,Humidity(%),73.0
state_month,AL,2,Humidity(%),80.0
state_month,AL,3,Humidity(%),66.0
state_month,AL,4,Humidity(%),56.0
state_month,AL,5,Humidity(%),63.0
state_month,AL,6,Humidity(%),67.0
state_month,AL,7,Humidity(%),71.0
state_month,AL,8,Humidity(%),77.0
state_month,AL,9,Humidity(%),72.0
state_month,AL,10,Humidity(%),74.0
state_month,AL,11,Humidity(%),73.0
state_month,AL,12,Humidity(%),80.0
state_month,CA,1,Humidity(%),72.0
state_month,CA,2,Humidity(%),58.0
state_month,CA,3,Humidity(%),64.0
state_month,CA,4,Humidity(%),59.0
state_month,CA,5,Humidity(%),59.0
state_month,CA,6,Humidity(%),56.0
state_month,CA,7,Humidity(%),57.0
state_month,CA,8,Humidity(%),57.0
state_month,CA,9,Humidity(%),57.0
state_month,CA,10,Humidity(%),56.0
state_month,CA,11,Humidity(%),63.0
state_month,CA,12,Humidity(%),74.0
state_month,CT,1,Humidity(%),67.0
state_month,CT,2,Humidity(%),67.0
state_month,CT,3,Humidity(%),58.0
state_month,CT,4,Humidity(%),59.0
state_month,CT,5,Humidity(%),64.0
state_month,CT,6,Humidity(%),64.0
state_month,CT,7,Humidity(%),65.0
state_month,CT,8,Humidity(%),67.0
state_month,CT,9,Humidity(%),73.0
state_month,CT,10,Humidity(%),77.0
state_month,CT,11,Humidity(%),66.0
state_month,CT,12,Humidity(%),66.0
state_month,DC,1,Humidity(%),61.0
state_month,DC,2,Humidity(%),57.0
state_month,DC,3,Humidity(%),54.0
state_month,DC,4,Humidity(%),52.0
state_month,DC,5,Humidity(%),63.0
state_month,DC,6,Humidity(%),61.0
state_month,DC,7,Humidity(%),62.0
state_month,DC,8,Humidity(%),67.0
state_month,DC,9,Humidity(%),62.0
state_month,DC,10,Humidity(%),77.0
state_month,DC,11,Humidity(%),57.0
state_month,DC,12,Humidity(%),60.0
state_month,DE,1,Humidity(%),66.0
state_month,DE,2,Humidity(%),70.5
state_month,DE,3,Humidity(%),61.0
state_month,DE,4,Humidity(%),54.0
state_month,DE,5,Humidity(%),67.0
state_month,DE,6,Humidity(%),69.0
state_month,DE,7,Humidity(%),69.0
state_month,DE,8,Humidity(%),70.0
state_month,DE,9,Humidity(%),73.0
state_month,DE,10,Humidity(%),78.0
state_month,DE,11,Humidity(%),63.0
state_month,DE,12,Humidity(%),65.0
state_month,FL,1,Humidity(%),69.0
state_month,FL,2,Humidity(%),72.0
state_month,FL,3,Humidity(%),69.0
state_month,FL,4,Humidity(%),64.0
state_month,FL,5,Humidity(%),67.0
state_month,FL,6,Humidity(%),74.0
state_month,FL,7,Humidity(%),74.0
state_month,FL,8,Humidity(%),75.0
state_month,FL,9,Humidity(%),77.0
state_month,FL,10,Humidity(%),74.0
state_month,FL,11,Humidity(%),74.0
state_month,FL,12,Humidity(%),72.0
state_month,GA,1,Humidity(%),74.0
state_month,GA,2,Humidity(%),78.0
state_month,GA,3,Humidity(%),63.5
state_month,GA,4,Humidity(%),60.0
state_month,GA,5,Humidity(%),67.0
state_month,GA,6,Humidity(%),69.0
state_month,GA,7,Humidity(%),71.0
state_month,GA,8,Humidity(%),76.0
state_month,GA,9,Humidity(%),73.0
state_month,GA,10,Humidity(%),72.0
state_month,GA,11,Humidity(%),69.0
state_month,GA,12,Humidity(%),79.0
state_month,IA,1,Humidity(%),86.0
state_month,IA,2,Humidity(%),78.0
state_month,IA,3,Humidity(%),75.0
state_month,IA,4,Humidity(%),69.0
state_month,IA,5,Humidity(%),69.0
state_month,IA,6,Humidity(%),62.0
state_month,IA,7,Humidity(%),66.0
state_month,IA,8,Humidity(%),68.0
state_month,IA,9,Humidity(%),66.0
state_month,IA,10,Humidity(%),72.0
state_month,IA,11,Humidity(%),74.0
state_month,IA,12,Humidity(%),80.0
state_month,IL,1,Humidity(%),79.0
state_month,IL,2,Humidity(%),73.0
state_month,IL,3,Humidity(%),68.0
state_month,IL,4,Humidity(%),66.0
state_month,IL,5,Humidity(%),67.0
state_month,IL,6,Humidity(%),60.0
state_month,IL,7,Humidity(%),65.0
state_month,IL,8,Humidity(%),68.0
state_month,IL,9,Humidity(%),68.0
state_month,IL,10,Humidity(%),72.0
state_month,IL,11,Humidity(%),70.0
state_month,IL,12,Humidity(%),73.0
state_month,IN,1,Humidity(%),82.0
state_month,IN,2,Humidity(%),79.0
state_month,IN,3,Humidity(%),72.0
state_month,IN,4,Humidity(%),69.0
state_month,IN,5,Humidity(%),71.0
state_month,IN,6,Humidity(%),66.0
state_month,IN,7,Humidity(%),71.0
state_month,IN,8,Humidity(%),79.0
state_month,IN,9,Humidity(%),74.0
state_month,IN,10,Humidity(%),80.0
state_month,IN,11,Humidity(%),72.0
state_month,IN,12,Humidity(%),79.0
state_month,KY,1,Humidity(%),74.0
state_month,KY,2,Humidity(%),78.0
state_month,KY,3,Humidity(%),68.0
state_month,KY,4,Humidity(%),60.0
state_month,KY,5,Humidity(%),73.0
state_month,KY,6,Humidity(%),67.0
state_month,KY,7,Humidity(%),72.0
state_month,KY,8,Humidity(%),76.0
state_month,KY,9,Humidity(%),76.0
state_month,KY,10,Humidity(%),80.0
state_month,KY,11,Humidity(%),74.0
state_month,KY,12,Humidity(%),74.0
state_month,MA,1,Humidity(%),65.0
state_month,MA,2,Humidity(%),73.0
state_month,MA,3,Humidity(%),60.0
state_month,MA,4,Humidity(%),66.0
state_month,MA,5,Humidity(%),62.0
state_month,MA,6,Humidity(%),65.0
state_month,MA,7,Humidity(%),68.0
state_month,MA,8,Humidity(%),67.0
state_month,MA,9,Humidity(%),79.0
state_month,MA,10,Humidity(%),79.0
state_month,MA,11,Humidity(%),68.0
state_month,MA,12,Humidity(%),67.0
state_month,MD,1,Humidity(%),69.0
state_month,MD,2,Humidity(%),73.0
state_month,MD,3,Humidity(%),61.0
state_month,MD,4,Humidity(%),57.0
state_month,MD,5,Humidity(%),68.0
state_month,MD,6,Humidity(%),65.0
state_month,MD,7,Humidity(%),67.0
state_month,MD,8,Humidity(%),70.0
state_month,MD,9,Humidity(%),74.0
state_month,MD,10,Humidity(%),81.0
state_month,MD,11,Humidity(%),63.0
state_month,MD,12,Humidity(%),67.0
state_month,MI,1,Humidity(%),80.0
state_month,MI,2,Humidity(%),75.0
state_month,MI,3,Humidity(%),70.0
state_month,MI,4,Humidity(%),67.0
state_month,MI,5,Humidity(%),65.0
state_month,MI,6,Humidity(%),59.0
state_month,MI,7,Humidity(%),62.0
state_month,MI,8,Humidity(%),68.0
state_month,MI,9,Humidity(%),75.0
state_month,MI,10,Humidity(%),79.0
state_month,MI,11,Humidity(%),74.0
state_month,MI,12,Humidity(%),78.0
state_month,MO,1,Humidity(%),78.0
state_month,MO,2,Humidity(%),76.0
state_month,MO,3,Humidity(%),71.0
state_month,MO,4,Humidity(%),60.0
state_month,MO,5,Humidity(%),73.0
state_month,MO,6,Humidity(%),63.0
state_month,MO,7,Humidity(%),67.0
state_month,MO,8,Humidity(%),71.0
state_month,MO,9,Humidity(%),64.0
state_month,MO,10,Humidity(%),70.0
state_month,MO,11,Humidity(%),66.0
state_month,MO,12,Humidity(%),70.0
state_month,NE,1,Humidity(%),75.0
state_month,NE,2,Humidity(%),72.0
state_month,NE,3,Humidity(%),70.0
state_month,NE,4,Humidity(%),62.0
state_month,NE,5,Humidity(%),64.0
state_month,NE,6,Humidity(%),55.0
state_month,NE,7,Humidity(%),64.5
state_month,NE,8,Humidity(%),68.0
state_month,NE,9,Humidity(%),69.0
state_month,NE,10,Humidity(%),69.0
state_month,NE,11,Humidity(%),68.0
state_month,NE,12,Humidity(%),71.0
state_month,NH,1,Humidity(%),72.0
state_month,NH,2,Humidity(%),83.0
state_month,NH,3,Humidity(%),66.0
state_month,NH,4,Humidity(%),62.5
state_month,NH,5,Humidity(%),56.0
state_month,NH,6,Humidity(%),62.0
state_month,NH,7,Humidity(%),64.0
state_month,NH,8,Humidity(%),62.0
state_month,NH,9,Humidity(%),74.0
state_month,NH,10,Humidity(%),78.0
state_month,NH,11,Humidity(%),75.0
state_month,NH,12,Humidity(%),78.0
state_month,NJ,1,Humidity(%),65.0
state_month,NJ,2,Humidity(%),68.0
state_month,NJ,3,Humidity(%),58.0
state_month,NJ,4,Humidity(%),56.0
state_month,NJ,5,Humidity(%),65.0
state_month,NJ,6,Humidity(%),59.0
state_month,NJ,7,Humidity(%),62.0
state_month,NJ,8,Humidity(%),63.0
state_month,NJ,9,Humidity(%),70.0
state_month,NJ,10,Humidity(%),75.0
state_month,NJ,11,Humidity(%),63.0
state_month,NJ,12,Humidity(%),64.0
state_month,NY,1,Humidity(%),70.0
state_month,NY,2,Humidity(%),71.0
state_month,NY,3,Humidity(%),60.0
state_month,NY,4,Humidity(%),58.0
state_month,NY,5,Humidity(%),65.0
state_month,NY,6,Humidity(%),61.0
state_month,NY,7,Humidity(%),64.0
state_month,NY,8,Humidity(%),65.0
state_month,NY,9,Humidity(%),69.0
state_month,NY,10,Humidity(%),73.0
state_month,NY,11,Humidity(%),67.0
state_month,NY,12,Humidity(%),70.0
state_month,OH,1,Humidity(%),81.0
state_month,OH,2,Humidity(%),78.0
state_month,OH,3,Humidity(%),71.0
state_month,OH,4,Humidity(%),67.0
state_month,OH,5,Humidity(%),71.0
state_month,OH,6,Humidity(%),65.0
state_month,OH,7,Humidity(%),71.0
state_month,OH,8,Humidity(%),78.0
state_month,OH,9,Humidity(%),80.0
state_month,OH,10,Humidity(%),76.0
state_month,OH,11,Humidity(%),70.0
state_month,OH,12,Humidity(%),75.0
state_month,OR,1,Humidity(%),84.0
state_month,OR,2,Humidity(%),82.0
state_month,OR,3,Humidity(%),74.0
state_month,OR,4,Humidity(%),69.0
state_month,OR,5,Humidity(%),60.0
state_month,OR,6,Humidity(%),55.0
state_month,OR,7,Humidity(%),48.0
state_month,OR,8,Humidity(%),50.0
state_month,OR,9,Humidity(%),61.0
state_month,OR,10,Humidity(%),72.0
state_month,OR,11,Humidity(%),83.0
state_month,OR,12,Humidity(%),86.0
state_month,PA,1,Humidity(%),73.0
state_month,PA,2,Humidity(%),69.0
state_month,PA,3,Humidity(%),62.0
state_month,PA,4,Humidity(%),59.0
state_month,PA,5,Humidity(%),67.0
state_month,PA,6,Humidity(%),64.0
state_month,PA,7,Humidity(%),67.0
state_month,PA,8,Humidity(%),70.0
state_month,PA,9,Humidity(%),75.0
state_month,PA,10,Humidity(%),80.0
state_month,PA,11,Humidity(%),68.0
state_month,PA,12,Humidity(%),71.0
state_month,RI,1,Humidity(%),67.0
state_month,RI,2,Humidity(%),71.5
state_month,RI,3,Humidity(%),56.0
state_month,RI,4,Humidity(%),67.0
state_month,RI,5,Humidity(%),61.5
state_month,RI,6,Humidity(%),67.0
state_month,RI,7,Humidity(%),65.0
state_month,RI,8,Humidity(%),65.0
state_month,RI,9,Humidity(%),78.0
state_month,RI,10,Humidity(%),81.0
state_month,RI,11,Humidity(%),70.0
state_month,RI,12,Humidity(%),70.0
state_month,SC,1,Humidity(%),71.0
state_month,SC,2,Humidity(%),75.0
state_month,SC,3,Humidity(%),65.0
state_month,SC,4,Humidity(%),53.0
state_month,SC,5,Humidity(%),66.0
state_month,SC,6,Humidity(%),67.0
state_month,SC,7,Humidity(%),72.0
state_month,SC,8,Humidity(%),74.0
state_month,SC,9,Humidity(%),72.0
state_month,SC,10,Humidity(%),76.0
state_month,SC,11,Humidity(%),71.0
state_month,SC,12,Humidity(%),77.0
state_month,TX,1,Humidity(%),66.0
state_month,TX,2,Humidity(%),74.0
state_month,TX,3,Humidity(%),63.0
state_month,TX,4,Humidity(%),64.0
state_month,TX,5,Humidity(%),67.0
state_month,TX,6,Humidity(%),62.0
state_month,TX,7,Humidity(%),59.0
state_month,TX,8,Humidity(%),63.0
state_month,TX,9,Humidity(%),63.0
state_month,TX,10,Humidity(%),64.0
state_month,TX,11,Humidity(%),68.0
state_month,TX,12,Humidity(%),70.0
state_month,VA,1,Humidity(%),69.0
state_month,VA,2,Humidity(%),70.0
state_month,VA,3,Humidity(%),60.0
state_month,VA,4,Humidity(%),52.0
state_month,VA,5,Humidity(%),69.0
state_month,VA,6,Humidity(%),65.0
state_month,VA,7,Humidity(%),70.0
state_month,VA,8,Humidity(%),72.0
state_month,VA,9,Humidity(%),73.0
state_month,VA,10,Humidity(%),78.0
state_month,VA,11,Humidity(%),65.0
state_month,VA,12,Humidity(%),67.0
state_month,WA,1,Humidity(%),86.0
state_month,WA,2,Humidity(%),85.0
state_month,WA,3,Humidity(%),77.0
state_month,WA,4,Humidity(%),71.0
state_month,WA,5,Humidity(%),67.0
state_month,WA,6,Humidity(%),64.0
state_month,WA,7,Humidity(%),59.0
state_month,WA,8,Humidity(%),60.0
state_month,WA,9,Humidity(%),70.0
state_month,WA,10,Humidity(%),82.0
state_month,WA,11,Humidity(%),86.0
state_month,WA,12,Humidity(%),87.0
state_month,WI,1,Humidity(%),80.0
state_month,WI,2,Humidity(%),77.0
state_month,WI,3,Humidity(%),70.0
state_month,WI,4,Humidity(%),70.0
state_month,WI,5,Humidity(%),66.0
state_month,WI,6,Humidity(%),60.0
state_month,WI,7,Humidity(%),63.0
state_month,WI,8,Humidity(%),69.0
state_month,WI,9,Humidity(%),73.0
state_month,WI,10,Humidity(%),76.0
state_month,WI,11,Humidity(%),73.0
state_month,WI,12,Humidity(%),75.0
state_month,WV,1,Humidity(%),84.0
state_month,WV,2,Humidity(%),75.0
state_month,WV,3,Humidity(%),63.0
state_month,WV,4,Humidity(%),62.0
state_month,WV,5,Humidity(%),67.0
state_month,WV,6,Humidity(%),68.0
state_month,WV,7,Humidity(%),75.0
state_month,WV,8,Humidity(%),74.0
state_month,WV,9,Humidity(%),73.5
state_month,WV,10,Humidity(%),77.5
state_month,WV,11,Humidity(%),66.0
state_month,WV,12,Humidity(%),74.0
state_month,AR,1,Humidity(%),81.0
state_month,AR,2,Humidity(%),82.0
state_month,AR,3,Humidity(%),67.0
state_month,AR,4,Humidity(%),69.0
state_month,AR,5,Humidity(%),70.0
state_month,AR,6,Humidity(%),67.0
state_month,AR,7,Humidity(%),69.0
state_month,AR,8,Humidity(%),74.0
state_month,AR,9,Humidity(%),71.0
state_month,AR,10,Humidity(%),76.0
state_month,AR,11,Humidity(%),73.0
state_month,AR,12,Humidity(%),82.0
state_month,AZ,1,Humidity(%),41.0
state_month,AZ,2,Humidity(%),32.0
state_month,AZ,3,Humidity(%),26.0
state_month,AZ,4,Humidity(%),16.0
state_month,AZ,5,Humidity(%),13.0
state_month,AZ,6,Humidity(%),13.0
state_month,AZ,7,Humidity(%),30.0
state_month,AZ,8,Humidity(%),32.0
state_month,AZ,9,Humidity(%),28.0
state_month,AZ,10,Humidity(%),26.0
state_month,AZ,11,Humidity(%),27.0
state_month,AZ,12,Humidity(%),42.0
state_month,CO,1,Humidity(%),63.0
state_month,CO,2,Humidity(%),69.0
state_month,CO,3,Humidity(%),65.0
state_month,CO,4,Humidity(%),45.0
state_month,CO,5,Humidity(%),50.0
state_month,CO,6,Humidity(%),32.0
state_month,CO,7,Humidity(%),42.0
state_month,CO,8,Humidity(%),44.0
state_month,CO,9,Humidity(%),39.0
state_month,CO,10,Humidity(%),50.0
state_month,CO,11,Humidity(%),51.0
state_month,CO,12,Humidity(%),51.0
state_month,ID,1,Humidity(%),82.0
state_month,ID,2,Humidity(%),81.0
state_month,ID,3,Humidity(%),60.0
state_month,ID,4,Humidity(%),46.0
state_month,ID,5,Humidity(%),37.0
state_month,ID,6,Humidity(%),30.0
state_month,ID,7,Humidity(%),25.0
state_month,ID,8,Humidity(%),25.0
state_month,ID,9,Humidity(%),38.0
state_month,ID,10,Humidity(%),48.0
state_month,ID,11,Humidity(%),74.0
state_month,ID,12,Humidity(%),85.0
state_month,KS,1,Humidity(%),80.0
state_month,KS,2,Humidity(%),73.0
state_month,KS,3,Humidity(%),78.0
state_month,KS,4,Humidity(%),56.0
state_month,KS,5,Humidity(%),76.0
state_month,KS,6,Humidity(%),61.0
state_month,KS,7,Humidity(%),64.0
state_month,KS,8,Humidity(%),69.0
state_month,KS,9,Humidity(%),63.0
state_month,KS,10,Humidity(%),66.0
state_month,KS,11,Humidity(%),65.0
state_month,KS,12,Humidity(%),70.0
state_month,LA,1,Humidity(%),71.0
state_month,LA,2,Humidity(%),78.0
state_month,LA,3,Humidity(%),66.0
state_month,LA,4,Humidity(%),64.0
state_month,LA,5,Humidity(%),66.0
state_month,LA,6,Humidity(%),72.0
state_month,LA,7,Humidity(%),74.0
state_month,LA,8,Humidity(%),77.0
state_month,LA,9,Humidity(%),73.0
state_month,LA,10,Humidity(%),74.0
state_month,LA,11,Humidity(%),74.0
state_month,LA,12,Humidity(%),78.0
state_month,ME,1,Humidity(%),72.0
state_month,ME,2,Humidity(%),81.0
state_month,ME,3,Humidity(%),60.5
state_month,ME,4,Humidity(%),73.0
state_month,ME,5,Humidity(%),61.0
state_month,ME,6,Humidity(%),61.0
state_month,ME,7,Humidity(%),60.0
state_month,ME,8,Humidity(%),68.5
state_month,ME,9,Humidity(%),75.5
state_month,ME,10,Humidity(%),80.5
state_month,ME,11,Humidity(%),72.0
state_month,ME,12,Humidity(%),75.0
state_month,MN,1,Humidity(%),81.0
state_month,MN,2,Humidity(%),74.0
state_month,MN,3,Humidity(%),73.0
state_month,MN,4,Humidity(%),70.0
state_month,MN,5,Humidity(%),57.0
state_month,MN,6,Humidity(%),54.0
state_month,MN,7,Humidity(%),62.0
state_month,MN,8,Humidity(%),68.0
state_month,MN,9,Humidity(%),68.0
state_month,MN,10,Humidity(%),72.0
state_month,MN,11,Humidity(%),76.0
state_month,MN,12,Humidity(%),79.0
state_month,MS,1,Humidity(%),77.5
state_month,MS,2,Humidity(%),84.0
state_month,MS,3,Humidity(%),70.0
state_month,MS,4,Humidity(%),65.0
state_month,MS,5,Humidity(%),69.0
state_month,MS,6,Humidity(%),69.0
state_month,MS,7,Humidity(%),74.0
state_month,MS,8,Humidity(%),79.0
state_month,MS,9,Humidity(%),74.0
state_month,MS,10,Humidity(%),79.0
state_month,MS,11,Humidity(%),74.0
state_month,MS,12,Humidity(%),82.0
state_month,MT,1,Humidity(%),82.0
state_month,MT,2,Humidity(%),76.0
state_month,MT,3,Humidity(%),74.0
state_month,MT,4,Humidity(%),74.0
state_month,MT,5,Humidity(%),57.0
state_month,MT,6,Humidity(%),46.0
state_month,MT,7,Humidity(%),35.0
state_month,MT,8,Humidity(%),38.5
state_month,MT,9,Humidity(%),44.0
state_month,MT,10,Humidity(%),69.0
state_month,MT,11,Humidity(%),78.0
state_month,MT,12,Humidity(%),80.0
state_month,NC,1,Humidity(%),64.0
state_month,NC,2,Humidity(%),71.0
state_month,NC,3,Humidity(%),59.0
state_month,NC,4,Humidity(%),51.0
state_month,NC,5,Humidity(%),66.0
state_month,NC,6,Humidity(%),63.0
state_month,NC,7,Humidity(%),69.0
state_month,NC,8,Humidity(%),71.0
state_month,NC,9,Humidity(%),72.0
state_month,NC,10,Humidity(%),74.0
state_month,NC,11,Humidity(%),65.0
state_month,NC,12,Humidity(%),68.0
state_month,ND,1,Humidity(%),84.0
state_month,ND,2,Humidity(%),76.0
state_month,ND,3,Humidity(%),85.5
state_month,ND,4,Humidity(%),81.0
state_month,ND,5,Humidity(%),53.0
state_month,ND,6,Humidity(%),54.0
state_month,ND,7,Humidity(%),64.0
state_month,ND,8,Humidity(%),57.0
state_month,ND,9,Humidity(%),48.0
state_month,ND,10,Humidity(%),74.0
state_month,ND,11,Humidity(%),84.0
state_month,ND,12,Humidity(%),83.5
state_month,NM,1,Humidity(%),49.0
state_month,NM,2,Humidity(%),48.0
state_month,NM,3,Humidity(%),30.0
state_month,NM,4,Humidity(%),21.0
state_month,NM,5,Humidity(%),18.0
state_month,NM,6,Humidity(%),20.0
state_month,NM,7,Humidity(%),37.0
state_month,NM,8,Humidity(%),41.0
state_month,NM,9,Humidity(%),35.0
state_month,NM,10,Humidity(%),39.0
state_month,NM,11,Humidity(%),36.0
state_month,NM,12,Humidity(%),48.0
state_month,NV,1,Humidity(%),70.0
state_month,NV,2,Humidity(%),61.0
state_month,NV,3,Humidity(%),51.0
state_month,NV,4,Humidity(%),35.0
state_month,NV,5,Humidity(%),28.0
state_month,NV,6,Humidity(%),17.5
state_month,NV,7,Humidity(%),18.0
state_month,NV,8,Humidity(%),22.0
state_month,NV,9,Humidity(%),26.0
state_month,NV,10,Humidity(%),32.0
state_month,NV,11,Humidity(%),50.0
state_month,NV,12,Humidity(%),71.0
state_month,OK,1,Humidity(%),62.0
state_month,OK,2,Humidity(%),70.0
state_month,OK,3,Humidity(%),57.0
state_month,OK,4,Humidity(%),53.0
state_month,OK,5,Humidity(%),65.0
state_month,OK,6,Humidity(%),57.0
state_month,OK,7,Humidity(%),55.0
state_month,OK,8,Humidity(%),61.0
state_month,OK,9,Humidity(%),64.0
state_month,OK,10,Humidity(%),63.0
state_month,OK,11,Humidity(%),59.0
state_month,OK,12,Humidity(%),60.0
state_month,SD,1,Humidity(%),83.0
state_month,SD,2,Humidity(%),52.0
state_month,SD,3,Humidity(%),69.0
state_month,SD,4,Humidity(%),36.0
state_month,SD,5,Humidity(%),76.0
state_month,SD,6,Humidity(%),55.0
state_month,SD,7,Humidity(%),89.5
state_month,SD,8,Humidity(%),47.0
state_month,SD,9,Humidity(%),64.0
state_month,SD,10,Humidity(%),51.0
state_month,SD,11,Humidity(%),74.0
state_month,SD,12,Humidity(%),66.0
state_month,TN,1,Humidity(%),69.0
state_month,TN,2,Humidity(%),75.0
state_month,TN,3,Humidity(%),62.0
state_month,TN,4,Humidity(%),55.0
state_month,TN,5,Humidity(%),63.0
state_month,TN,6,Humidity(%),60.0
state_month,TN,7,Humidity(%),67.0
state_month,TN,8,Humidity(%),71.0
state_month,TN,9,Humidity(%),71.0
state_month,TN,10,Humidity(%),73.0
state_month,TN,11,Humidity(%),64.0
state_month,TN,12,Humidity(%),70.0
state_month,UT,1,Humidity(%),79.0
state_month,UT,2,Humidity(%),72.0
state_month,UT,3,Humidity(%),63.0
state_month,UT,4,Humidity(%),45.0
state_month,UT,5,Humidity(%),37.0
state_month,UT,6,Humidity(%),26.0
state_month,UT,7,Humidity(%),27.0
state_month,UT,8,Humidity(%),29.0
state_month,UT,9,Humidity(%),33.0
state_month,UT,10,Humidity(%),46.0
state_month,UT,11,Humidity(%),61.0
state_month,UT,12,Humidity(%),81.0
state_month,VT,1,Humidity(%),82.0
state_month,VT,2,Humidity(%),80.5
state_month,VT,3,Humidity(%),76.0
state_month,VT,4,Humidity(%),74.0
state_month,VT,5,Humidity(%),59.0
state_month,VT,6,Humidity(%),58.5
state_month,VT,7,Humidity(%),72.5
state_month,VT,8,Humidity(%),57.0
state_month,VT,9,Humidity(%),84.0
state_month,VT,10,Humidity(%),77.5
state_month,VT,11,Humidity(%),78.0
state_month,VT,12,Humidity(%),74.5
state_month,WY,1,Humidity(%),74.0
state_month,WY,2,Humidity(%),73.0
state_month,WY,3,Humidity(%),80.0
state_month,WY,4,Humidity(%),65.0
state_month,WY,5,Humidity(%),69.0
state_month,WY,6,Humidity(%),39.0
state_month,WY,7,Humidity(%),46.0
state_month,WY,8,Humidity(%),39.0
state_month,WY,9,Humidity(%),41.5
state_month,WY,10,Humidity(%),79.0
state_month,WY,11,Humidity(%),79.0
state_month,WY,12,Humidity(%),71.0
state,AL,-1,Humidity(%),72.0
state,CA,-1,Humidity(%),61.0
state,CT,-1,Humidity(%),67.0
state,DC,-1,Humidity(%),61.0
state,DE,-1,Humidity(%),68.0
state,FL,-1,Humidity(%),72.0
state,GA,-1,Humidity(%),72.0
state,IA,-1,Humidity(%),76.0
state,IL,-1,Humidity(%),70.0
state,IN,-1,Humidity(%),76.0
state,KY,-1,Humidity(%),73.0
state,MA,-1,Humidity(%),69.0
state,MD,-1,Humidity(%),68.0
state,MI,-1,Humidity(%),73.0
state,MO,-1,Humidity(%),69.0
state,NE,-1,Humidity(%),68.0
state,NH,-1,Humidity(%),71.0
state,NJ,-1,Humidity(%),64.0
state,NY,-1,Humidity(%),67.0
state,OH,-1,Humidity(%),74.0
state,OR,-1,Humidity(%),75.0
state,PA,-1,Humidity(%),69.0
state,RI,-1,Humidity(%),69.0
state,SC,-1,Humidity(%),71.0
state,TX,-1,Humidity(%),65.0
state,VA,-1,Humidity(%),68.0
state,WA,-1,Humidity(%),77.0
state,WI,-1,Humidity(%),73.0
state,WV,-1,Humidity(%),73.0
state,AR,-1,Humidity(%),75.0
state,AZ,-1,Humidity(%),26.0
state,CO,-1,Humidity(%),50.0
state,ID,-1,Humidity(%),61.0
state,KS,-1,Humidity(%),69.0
state,LA,-1,Humidity(%),73.0
state,ME,-1,Humidity(%),70.0
state,MN,-1,Humidity(%),74.0
state,MS,-1,Humidity(%),75.0
state,MT,-1,Humidity(%),75.0
state,NC,-1,Humidity(%),66.0
state,ND,-1,Humidity(%),79.0
state,NM,-1,Humidity(%),35.0
state,NV,-1,Humidity(%),40.0
state,OK,-1,Humidity(%),60.0
state,SD,-1,Humidity(%),61.0
state,TN,-1,Humidity(%),67.0
state,UT,-1,Humidity(%),53.0
state,VT,-1,Humidity(%),76.0
state,WY,-1,Humidity(%),71.0
overall,*,-1,Humidity(%),67.0
state_month,AL,1,Pressure(in),29.81999969482422
state_month,AL,2,Pressure(in),29.81999969482422
state_month,AL,3,Pressure(in),29.81999969482422
state_month,AL,4,Pressure(in),29.6200008392334
state_month,AL,5,Pressure(in),29.6200008392334
state_month,AL,6,Pressure(in),29.579999923706055
state_month,AL,7,Pressure(in),29.68000030517578
state_month,AL,8,Pressure(in),29.709999084472656
state_month,AL,9,Pressure(in),29.719999313354492
state_month,AL,10,Pressure(in),29.709999084472656
state_month,AL,11,Pressure(in),29.860000610351562
state_month,AL,12,Pressure(in),29.780000686645508
state_month,CA,1,Pressure(in),29.940000534057617
state_month,CA,2,Pressure(in),29.940000534057617
state_month,CA,3,Pressure(in),29.940000534057617
state_month,CA,4,Pressure(in),29.8799991607666
state_month,CA,5,Pressure(in),29.84000015258789
state_month,CA,6,Pressure(in),29.799999237060547
state_month,CA,7,Pressure(in),29.84000015258789
state_month,CA,8,Pressure(in),29.81999969482422
state_month,CA,9,Pressure(in),29.799999237060547
state_month,CA,10,Pressure(in),29.850000381469727
state_month,CA,11,Pressure(in),29.940000534057617
state_month,CA,12,Pressure(in),29.90999984741211
state_month,CT,1,Pressure(in),29.940000534057617
state_month,CT,2,Pressure(in),29.959999084472656
state_month,CT,3,Pressure(in),29.950000762939453
state_month,CT,4,Pressure(in),29.829999923706055
state_month,CT,5,Pressure(in),29.899999618530273
state_month,CT,6,Pressure(in),29.8700008392334
state_month,CT,7,Pressure(in),29.8700008392334
state_month,CT,8,Pressure(in),29.90999984741211
state_month,CT,9,Pressure(in),29.920000076293945
state_month,CT,10,Pressure(in),29.940000534057617
state_month,CT,11,Pressure(in),29.989999771118164
state_month,CT,12,Pressure(in),29.969999313354492
state_month,DC,1,Pressure(in),30.0
state_month,DC,2,Pressure(in),30.09000015258789
state_month,DC,3,Pressure(in),30.030000686645508
state_month,DC,4,Pressure(in),29.889999389648438
state_month,DC,5,Pressure(in),29.950000762939453
state_month,DC,6,Pressure(in),29.899999618530273
state_month,DC,7,Pressure(in),29.920000076293945
state_month,DC,8,Pressure(in),29.979999542236328
state_month,DC,9,Pressure(in),29.959999084472656
state_month,DC,10,Pressure(in),29.989999771118164
state_month,DC,11,Pressure(in),30.1200008392334
state_month,DC,12,Pressure(in),30.09000015258789
state_month,DE,1,Pressure(in),30.010000228881836
state_month,DE,2,Pressure(in),30.049999237060547
state_month,DE,3,Pressure(in),30.010000228881836
state_month,DE,4,Pressure(in),29.940000534057617
state_month,DE,5,Pressure(in),29.969999313354492
state_month,DE,6,Pressure(in),29.899999618530273
state_month,DE,7,Pressure(in),29.90999984741211
state_month,DE,8,Pressure(in),29.959999084472656
state_month,DE,9,Pressure(in),29.969999313354492
state_month,DE,10,Pressure(in),29.989999771118164
state_month,DE,11,Pressure(in),30.1299991607666
state_month,DE,12,Pressure(in),30.059999465942383
state_month,FL,1,Pressure(in),30.059999465942383
state_month,FL,2,Pressure(in),30.079999923706055
state_month,FL,3,Pressure(in),30.049999237060547
state_month,FL,4,Pressure(in),30.0
state_month,FL,5,Pressure(in),29.979999542236328
state_month,FL,6,Pressure(in),30.0
state_month,FL,7,Pressure(in),30.030000686645508
state_month,FL,8,Pressure(in),30.0
state_month,FL,9,Pressure(in),29.940000534057617
state_month,FL,10,Pressure(in),29.950000762939453
state_month,FL,11,Pressure(in),30.040000915527344
state_month,FL,12,Pressure(in),30.079999923706055
state_month,GA,1,Pressure(in),29.450000762939453
state_month,GA,2,Pressure(in),29.68000030517578
state_month,GA,3,Pressure(in),29.780000686645508
state_month,GA,4,Pressure(in),29.260000228881836
state_month,GA,5,Pressure(in),29.200000762939453
state_month,GA,6,Pressure(in),29.469999313354492
state_month,GA,7,Pressure(in),29.739999771118164
state_month,GA,8,Pressure(in),29.729999542236328
state_month,GA,9,Pressure(in),29.59000015258789
state_month,GA,10,Pressure(in),29.739999771118164
state_month,GA,11,Pressure(in),29.739999771118164
state_month,GA,12,Pressure(in),29.350000381469727
state_month,IA,1,Pressure(in),29.15999984741211
state_month,IA,2,Pressure(in),29.34000015258789
state_month,IA,3,Pressure(in),29.3799991607666
state_month,IA,4,Pressure(in),29.139999389648438
state_month,IA,5,Pressure(in),29.139999389648438
state_month,IA,6,Pressure(in),29.059999465942383
state_month,IA,7,Pressure(in),29.100000381469727
state_month,IA,8,Pressure(in),29.110000610351562
state_month,IA,9,Pressure(in),29.139999389648438
state_month,IA,10,Pressure(in),29.18000030517578
state_month,IA,11,Pressure(in),29.350000381469727
state_month,IA,12,Pressure(in),29.1200008392334
state_month,IL,1,Pressure(in),29.6299991607666
state_month,IL,2,Pressure(in),29.639999389648438
state_month,IL,3,Pressure(in),29.770000457763672
state_month,IL,4,Pressure(in),29.360000610351562
state_month,IL,5,Pressure(in),29.40999984741211
state_month,IL,6,Pressure(in),29.360000610351562
state_month,IL,7,Pressure(in),29.440000534057617
state_month,IL,8,Pressure(in),29.469999313354492
state_month,IL,9,Pressure(in),29.579999923706055
state_month,IL,10,Pressure(in),29.6299991607666
state_month,IL,11,Pressure(in),29.690000534057617
state_month,IL,12,Pressure(in),29.59000015258789
state_month,IN,1,Pressure(in),29.56999969482422
state_month,IN,2,Pressure(in),29.489999771118164
state_month,IN,3,Pressure(in),29.510000228881836
state_month,IN,4,Pressure(in),29.290000915527344
state_month,IN,5,Pressure(in),29.290000915527344
state_month,IN,6,Pressure(in),29.25
state_month,IN,7,Pressure(in),29.31999969482422
state_month,IN,8,Pressure(in),29.40999984741211
state_month,IN,9,Pressure(in),29.489999771118164
state_month,IN,10,Pressure(in),29.540000915527344
state_month,IN,11,Pressure(in),29.43000030517578
state_month,IN,12,Pressure(in),29.389999389648438
state_month,KY,1,Pressure(in),29.860000610351562
state_month,KY,2,Pressure(in),29.829999923706055
state_month,KY,3,Pressure(in),29.809999465942383
state_month,KY,4,Pressure(in),29.479999542236328
state_month,KY,5,Pressure(in),29.459999084472656
state_month,KY,6,Pressure(in),29.450000762939453
state_month,KY,7,Pressure(in),29.479999542236328
state_month,KY,8,Pressure(in),29.549999237060547
state_month,KY,9,Pressure(in),29.700000762939453
state_month,KY,10,Pressure(in),29.649999618530273
state_month,KY,11,Pressure(in),29.729999542236328
state_month,KY,12,Pressure(in),29.760000228881836
state_month,MA,1,Pressure(in),30.0
state_month,MA,2,Pressure(in),29.989999771118164
state_month,MA,3,Pressure(in),30.0
state_month,MA,4,Pressure(in),29.850000381469727
state_month,MA,5,Pressure(in),29.950000762939453
state_month,MA,6,Pressure(in),29.8799991607666
state_month,MA,7,Pressure(in),29.8799991607666
state_month,MA,8,Pressure(in),29.93000030517578
state_month,MA,9,Pressure(in),30.0
state_month,MA,10,Pressure(in),30.010000228881836
state_month,MA,11,Pressure(in),29.989999771118164
state_month,MA,12,Pressure(in),29.950000762939453
state_month,MD,1,Pressure(in),29.93000030517578
state_month,MD,2,Pressure(in),30.030000686645508
state_month,MD,3,Pressure(in),29.979999542236328
state_month,MD,4,Pressure(in),29.829999923706055
state_month,MD,5,Pressure(in),29.90999984741211
state_month,MD,6,Pressure(in),29.8799991607666
state_month,MD,7,Pressure(in),29.899999618530273
state_month,MD,8,Pressure(in),29.950000762939453
state_month,MD,9,Pressure(in),29.959999084472656
state_month,MD,10,Pressure(in),29.959999084472656
state_month,MD,11,Pressure(in),30.059999465942383
state_month,MD,12,Pressure(in),30.010000228881836
state_month,MI,1,Pressure(in),29.579999923706055
state_month,MI,2,Pressure(in),29.520000457763672
state_month,MI,3,Pressure(in),29.809999465942383
state_month,MI,4,Pressure(in),29.360000610351562
state_month,MI,5,Pressure(in),29.360000610351562
state_month,MI,6,Pressure(in),29.329999923706055
state_month,MI,7,Pressure(in),29.420000076293945
state_month,MI,8,Pressure(in),29.739999771118164
state_month,MI,9,Pressure(in),29.670000076293945
state_month,MI,10,Pressure(in),29.649999618530273
state_month,MI,11,Pressure(in),29.5
state_month,MI,12,Pressure(in),29.639999389648438
state_month,MO,1,Pressure(in),29.440000534057617
state_month,MO,2,Pressure(in),29.530000686645508
state_month,MO,3,Pressure(in),29.489999771118164
state_month,MO,4,Pressure(in),29.280000686645508
state_month,MO,5,Pressure(in),29.299999237060547
state_month,MO,6,Pressure(in),29.290000915527344
state_month,MO,7,Pressure(in),29.34000015258789
state_month,MO,8,Pressure(in),29.40999984741211
state_month,MO,9,Pressure(in),29.3799991607666
state_month,MO,10,Pressure(in),29.43000030517578
state_month,MO,11,Pressure(in),29.530000686645508
state_month,MO,12,Pressure(in),29.350000381469727
state_month,NE,1,Pressure(in),29.90999984741211
state_month,NE,2,Pressure(in),29.899999618530273
state_month,NE,3,Pressure(in),29.969999313354492
state_month,NE,4,Pressure(in),29.770000457763672
state_month,NE,5,Pressure(in),29.770000457763672
state_month,NE,6,Pressure(in),29.780000686645508
state_month,NE,7,Pressure(in),29.81999969482422
state_month,NE,8,Pressure(in),29.920000076293945
state_month,NE,9,Pressure(in),29.90999984741211
state_month,NE,10,Pressure(in),29.920000076293945
state_month,NE,11,Pressure(in),29.889999389648438
state_month,NE,12,Pressure(in),29.950000762939453
state_month,NH,1,Pressure(in),29.899999618530273
state_month,NH,2,Pressure(in),29.889999389648438
state_month,NH,3,Pressure(in),29.850000381469727
state_month,NH,4,Pressure(in),29.780000686645508
state_month,NH,5,Pressure(in),29.829999923706055
state_month,NH,6,Pressure(in),29.739999771118164
state_month,NH,7,Pressure(in),29.81999969482422
state_month,NH,8,Pressure(in),29.899999618530273
state_month,NH,9,Pressure(in),29.959999084472656
state_month,NH,10,Pressure(in),29.920000076293945
state_month,NH,11,Pressure(in),29.889999389648438
state_month,NH,12,Pressure(in),29.84000015258789
state_month,NJ,1,Pressure(in),29.989999771118164
state_month,NJ,2,Pressure(in),30.020000457763672
state_month,NJ,3,Pressure(in),30.0
state_month,NJ,4,Pressure(in),29.90999984741211
state_month,NJ,5,Pressure(in),29.959999084472656
state_month,NJ,6,Pressure(in),29.90999984741211
state_month,NJ,7,Pressure(in),29.899999618530273
state_month,NJ,8,Pressure(in),29.959999084472656
state_month,NJ,9,Pressure(in),29.969999313354492
state_month,NJ,10,Pressure(in),29.989999771118164
state_month,NJ,11,Pressure(in),30.06999969482422
state_month,NJ,12,Pressure(in),30.049999237060547
state_month,NY,1,Pressure(in),29.850000381469727
state_month,NY,2,Pressure(in),29.860000610351562
state_month,NY,3,Pressure(in),29.93000030517578
state_month,NY,4,Pressure(in),29.790000915527344
state_month,NY,5,Pressure(in),29.860000610351562
state_month,NY,6,Pressure(in),29.809999465942383
state_month,NY,7,Pressure(in),29.860000610351562
state_month,NY,8,Pressure(in),29.899999618530273
state_month,NY,9,Pressure(in),29.899999618530273
state_month,NY,10,Pressure(in),29.920000076293945
state_month,NY,11,Pressure(in),29.90999984741211
state_month,NY,12,Pressure(in),29.860000610351562
state_month,OH,1,Pressure(in),29.3799991607666
state_month,OH,2,Pressure(in),29.760000228881836
state_month,OH,3,Pressure(in),29.760000228881836
state_month,OH,4,Pressure(in),29.25
state_month,OH,5,Pressure(in),29.31999969482422
state_month,OH,6,Pressure(in),29.309999465942383
state_month,OH,7,Pressure(in),29.360000610351562
state_month,OH,8,Pressure(in),29.450000762939453
state_month,OH,9,Pressure(in),29.860000610351562
state_month,OH,10,Pressure(in),29.549999237060547
state_month,OH,11,Pressure(in),29.40999984741211
state_month,OH,12,Pressure(in),29.299999237060547
state_month,OR,1,Pressure(in),29.770000457763672
state_month,OR,2,Pressure(in),29.780000686645508
state_month,OR,3,Pressure(in),29.93000030517578
state_month,OR,4,Pressure(in),29.780000686645508
state_month,OR,5,Pressure(in),29.799999237060547
state_month,OR,6,Pressure(in),29.790000915527344
state_month,OR,7,Pressure(in),29.809999465942383
state_month,OR,8,Pressure(in),29.8799991607666
state_month,OR,9,Pressure(in),29.854999542236328
state_month,OR,10,Pressure(in),29.950000762939453
state_month,OR,11,Pressure(in),29.850000381469727
state_month,OR,12,Pressure(in),29.729999542236328
state_month,PA,1,Pressure(in),29.600000381469727
state_month,PA,2,Pressure(in),29.68000030517578
state_month,PA,3,Pressure(in),29.729999542236328
state_month,PA,4,Pressure(in),29.56999969482422
state_month,PA,5,Pressure(in),29.639999389648438
state_month,PA,6,Pressure(in),29.625
state_month,PA,7,Pressure(in),29.6200008392334
state_month,PA,8,Pressure(in),29.670000076293945
state_month,PA,9,Pressure(in),29.700000762939453
state_month,PA,10,Pressure(in),29.709999084472656
state_month,PA,11,Pressure(in),29.760000228881836
state_month,PA,12,Pressure(in),29.65999984741211
state_month,RI,1,Pressure(in),29.940000534057617
state_month,RI,2,Pressure(in),29.959999084472656
state_month,RI,3,Pressure(in),29.920000076293945
state_month,RI,4,Pressure(in),29.799999237060547
state_month,RI,5,Pressure(in),29.889999389648438
state_month,RI,6,Pressure(in),29.850000381469727
state_month,RI,7,Pressure(in),29.889999389648438
state_month,RI,8,Pressure(in),29.93000030517578
state_month,RI,9,Pressure(in),29.979999542236328
state_month,RI,10,Pressure(in),29.969999313354492
state_month,RI,11,Pressure(in),29.959999084472656
state_month,RI,12,Pressure(in),29.90999984741211
state_month,SC,1,Pressure(in),29.850000381469727
state_month,SC,2,Pressure(in),29.920000076293945
state_month,SC,3,Pressure(in),29.889999389648438
state_month,SC,4,Pressure(in),29.690000534057617
state_month,SC,5,Pressure(in),29.75
state_month,SC,6,Pressure(in),29.719999313354492
state_month,SC,7,Pressure(in),29.780000686645508
state_month,SC,8,Pressure(in),29.850000381469727
state_month,SC,9,Pressure(in),29.790000915527344
state_month,SC,10,Pressure(in),29.84000015258789
state_month,SC,11,Pressure(in),29.920000076293945
state_month,SC,12,Pressure(in),29.81999969482422
state_month,TX,1,Pressure(in),29.899999618530273
state_month,TX,2,Pressure(in),29.889999389648438
state_month,TX,3,Pressure(in),29.90999984741211
state_month,TX,4,Pressure(in),29.700000762939453
state_month,TX,5,Pressure(in),29.709999084472656
state_month,TX,6,Pressure(in),29.739999771118164
state_month,TX,7,Pressure(in),29.8700008392334
state_month,TX,8,Pressure(in),29.850000381469727
state_month,TX,9,Pressure(in),29.84000015258789
state_month,TX,10,Pressure(in),29.850000381469727
state_month,TX,11,Pressure(in),29.889999389648438
state_month,TX,12,Pressure(in),29.8700008392334
state_month,VA,1,Pressure(in),29.850000381469727
state_month,VA,2,Pressure(in),29.979999542236328
state_month,VA,3,Pressure(in),29.90999984741211
state_month,VA,4,Pressure(in),29.790000915527344
state_month,VA,5,Pressure(in),29.850000381469727
state_month,VA,6,Pressure(in),29.829999923706055
state_month,VA,7,Pressure(in),29.81999969482422
state_month,VA,8,Pressure(in),29.889999389648438
state_month,VA,9,Pressure(in),29.889999389648438
state_month,VA,10,Pressure(in),29.90999984741211
state_month,VA,11,Pressure(in),29.979999542236328
state_month,VA,12,Pressure(in),29.940000534057617
state_month,WA,1,Pressure(in),29.93000030517578
state_month,WA,2,Pressure(in),29.979999542236328
state_month,WA,3,Pressure(in),29.950000762939453
state_month,WA,4,Pressure(in),29.93000030517578
state_month,WA,5,Pressure(in),29.940000534057617
state_month,WA,6,Pressure(in),29.959999084472656
state_month,WA,7,Pressure(in),30.020000457763672
state_month,WA,8,Pressure(in),29.959999084472656
state_month,WA,9,Pressure(in),29.950000762939453
state_month,WA,10,Pressure(in),29.950000762939453
state_month,WA,11,Pressure(in),29.90999984741211
state_month,WA,12,Pressure(in),29.940000534057617
state_month,WI,1,Pressure(in),29.520000457763672
state_month,WI,2,Pressure(in),29.559999465942383
state_month,WI,3,Pressure(in),29.8700008392334
state_month,WI,4,Pressure(in),29.18000030517578
state_month,WI,5,Pressure(in),29.229999542236328
state_month,WI,6,Pressure(in),29.15999984741211
state_month,WI,7,Pressure(in),29.200000762939453
state_month,WI,8,Pressure(in),29.25
state_month,WI,9,Pressure(in),29.34000015258789
state_month,WI,10,Pressure(in),29.389999389648438
state_month,WI,11,Pressure(in),29.440000534057617
state_month,WI,12,Pressure(in),29.299999237060547
state_month,WV,1,Pressure(in),28.959999084472656
state_month,WV,2,Pressure(in),29.040000915527344
state_month,WV,3,Pressure(in),29.0
state_month,WV,4,Pressure(in),29.020000457763672
state_month,WV,5,Pressure(in),28.979999542236328
state_month,WV,6,Pressure(in),29.020000457763672
state_month,WV,7,Pressure(in),29.010000228881836
state_month,WV,8,Pressure(in),29.040000915527344
state_month,WV,9,Pressure(in),29.010000228881836
state_month,WV,10,Pressure(in),29.049999237060547
state_month,WV,11,Pressure(in),29.190000534057617
state_month,WV,12,Pressure(in),29.059999465942383
state_month,AR,1,Pressure(in),29.729999542236328
state_month,AR,2,Pressure(in),29.8700008392334
state_month,AR,3,Pressure(in),29.729999542236328
state_month,AR,4,Pressure(in),29.65999984741211
state_month,AR,5,Pressure(in),29.639999389648438
state_month,AR,6,Pressure(in),29.649999618530273
state_month,AR,7,Pressure(in),29.65999984741211
state_month,AR,8,Pressure(in),29.670000076293945
state_month,AR,9,Pressure(in),29.670000076293945
state_month,AR,10,Pressure(in),29.700000762939453
state_month,AR,11,Pressure(in),29.829999923706055
state_month,AR,12,Pressure(in),29.729999542236328
state_month,AZ,1,Pressure(in),28.81999969482422
state_month,AZ,2,Pressure(in),28.780000686645508
state_month,AZ,3,Pressure(in),28.760000228881836
state_month,AZ,4,Pressure(in),28.56999969482422
state_month,AZ,5,Pressure(in),28.549999237060547
state_month,AZ,6,Pressure(in),28.530000686645508
state_month,AZ,7,Pressure(in),28.670000076293945
state_month,AZ,8,Pressure(in),28.65999984741211
state_month,AZ,9,Pressure(in),28.65999984741211
state_month,AZ,10,Pressure(in),28.709999084472656
state_month,AZ,11,Pressure(in),28.780000686645508
state_month,AZ,12,Pressure(in),28.780000686645508
state_month,CO,1,Pressure(in),24.530000686645508
state_month,CO,2,Pressure(in),24.5
state_month,CO,3,Pressure(in),24.559999465942383
state_month,CO,4,Pressure(in),24.360000610351562
state_month,CO,5,Pressure(in),24.389999389648438
state_month,CO,6,Pressure(in),24.43000030517578
state_month,CO,7,Pressure(in),24.510000228881836
state_month,CO,8,Pressure(in),24.579999923706055
state_month,CO,9,Pressure(in),24.739999771118164
state_month,CO,10,Pressure(in),24.600000381469727
state_month,CO,11,Pressure(in),24.600000381469727
state_month,CO,12,Pressure(in),24.389999389648438
state_month,ID,1,Pressure(in),27.399999618530273
state_month,ID,2,Pressure(in),27.280000686645508
state_month,ID,3,Pressure(in),27.309999465942383
state_month,ID,4,Pressure(in),27.139999389648438
state_month,ID,5,Pressure(in),27.079999923706055
state_month,ID,6,Pressure(in),27.200000762939453
state_month,ID,7,Pressure(in),27.30500030517578
state_month,ID,8,Pressure(in),27.290000915527344
state_month,ID,9,Pressure(in),27.309999465942383
state_month,ID,10,Pressure(in),27.31999969482422
state_month,ID,11,Pressure(in),27.31999969482422
state_month,ID,12,Pressure(in),27.15999984741211
state_month,KS,1,Pressure(in),29.06999969482422
state_month,KS,2,Pressure(in),29.190000534057617
state_month,KS,3,Pressure(in),29.1200008392334
state_month,KS,4,Pressure(in),28.950000762939453
state_month,KS,5,Pressure(in),28.93000030517578
state_month,KS,6,Pressure(in),28.979999542236328
state_month,KS,7,Pressure(in),29.09000015258789
state_month,KS,8,Pressure(in),29.040000915527344
state_month,KS,9,Pressure(in),29.059999465942383
state_month,KS,10,Pressure(in),29.139999389648438
state_month,KS,11,Pressure(in),29.110000610351562
state_month,KS,12,Pressure(in),29.010000228881836
state_month,LA,1,Pressure(in),30.09000015258789
state_month,LA,2,Pressure(in),30.079999923706055
state_month,LA,3,Pressure(in),30.040000915527344
state_month,LA,4,Pressure(in),29.969999313354492
state_month,LA,5,Pressure(in),29.940000534057617
state_month,LA,6,Pressure(in),29.950000762939453
state_month,LA,7,Pressure(in),29.969999313354492
state_month,LA,8,Pressure(in),29.950000762939453
state_month,LA,9,Pressure(in),29.940000534057617
state_month,LA,10,Pressure(in),29.989999771118164
state_month,LA,11,Pressure(in),30.100000381469727
state_month,LA,12,Pressure(in),30.049999237060547
state_month,ME,1,Pressure(in),29.920000076293945
state_month,ME,2,Pressure(in),29.889999389648438
state_month,ME,3,Pressure(in),30.0
state_month,ME,4,Pressure(in),29.93000030517578
state_month,ME,5,Pressure(in),29.850000381469727
state_month,ME,6,Pressure(in),29.84000015258789
state_month,ME,7,Pressure(in),29.90999984741211
state_month,ME,8,Pressure(in),29.940000534057617
state_month,ME,9,Pressure(in),30.030000686645508
state_month,ME,10,Pressure(in),29.950000762939453
state_month,ME,11,Pressure(in),29.93000030517578
state_month,ME,12,Pressure(in),29.950000762939453
state_month,MN,1,Pressure(in),29.040000915527344
state_month,MN,2,Pressure(in),29.299999237060547
state_month,MN,3,Pressure(in),29.190000534057617
state_month,MN,4,Pressure(in),28.989999771118164
state_month,MN,5,Pressure(in),29.079999923706055
state_month,MN,6,Pressure(in),28.969999313354492
state_month,MN,7,Pressure(in),29.079999923706055
state_month,MN,8,Pressure(in),29.139999389648438
state_month,MN,9,Pressure(in),29.1299991607666
state_month,MN,10,Pressure(in),29.09000015258789
state_month,MN,11,Pressure(in),29.110000610351562
state_month,MN,12,Pressure(in),29.030000686645508
state_month,MS,1,Pressure(in),29.90999984741211
state_month,MS,2,Pressure(in),29.93000030517578
state_month,MS,3,Pressure(in),29.920000076293945
state_month,MS,4,Pressure(in),29.850000381469727
state_month,MS,5,Pressure(in),29.780000686645508
state_month,MS,6,Pressure(in),29.78499984741211
state_month,MS,7,Pressure(in),29.770000457763672
state_month,MS,8,Pressure(in),29.84000015258789
state_month,MS,9,Pressure(in),29.84000015258789
state_month,MS,10,Pressure(in),29.850000381469727
state_month,MS,11,Pressure(in),29.979999542236328
state_month,MS,12,Pressure(in),29.889999389648438
state_month,MT,1,Pressure(in),26.18000030517578
state_month,MT,2,Pressure(in),26.18000030517578
state_month,MT,3,Pressure(in),25.790000915527344
state_month,MT,4,Pressure(in),25.790000915527344
state_month,MT,5,Pressure(in),26.399999618530273
state_month,MT,6,Pressure(in),26.399999618530273
state_month,MT,7,Pressure(in),26.309999465942383
state_month,MT,8,Pressure(in),26.43000030517578
state_month,MT,9,Pressure(in),26.325000762939453
state_month,MT,10,Pressure(in),26.384998321533203
state_month,MT,11,Pressure(in),26.3700008392334
state_month,MT,12,Pressure(in),26.1200008392334
state_month,NC,1,Pressure(in),29.68000030517578
state_month,NC,2,Pressure(in),29.770000457763672
state_month,NC,3,Pressure(in),29.719999313354492
state_month,NC,4,Pressure(in),29.469999313354492
state_month,NC,5,Pressure(in),29.5
state_month,NC,6,Pressure(in),29.479999542236328
state_month,NC,7,Pressure(in),29.559999465942383
state_month,NC,8,Pressure(in),29.68000030517578
state_month,NC,9,Pressure(in),29.65999984741211
state_month,NC,10,Pressure(in),29.709999084472656
state_month,NC,11,Pressure(in),29.770000457763672
state_month,NC,12,Pressure(in),29.690000534057617
state_month,ND,1,Pressure(in),28.59000015258789
state_month,ND,2,Pressure(in),28.889999389648438
state_month,ND,3,Pressure(in),28.329999923706055
state_month,ND,4,Pressure(in),28.399999618530273
state_month,ND,5,Pressure(in),28.350000381469727
state_month,ND,6,Pressure(in),28.549999237060547
state_month,ND,7,Pressure(in),28.360000610351562
state_month,ND,8,Pressure(in),28.334999084472656
state_month,ND,9,Pressure(in),28.18000030517578
state_month,ND,10,Pressure(in),28.350000381469727
state_month,ND,11,Pressure(in),28.299999237060547
state_month,ND,12,Pressure(in),28.520000457763672
state_month,NM,1,Pressure(in),25.739999771118164
state_month,NM,2,Pressure(in),24.959999084472656
state_month,NM,3,Pressure(in),26.059999465942383
state_month,NM,4,Pressure(in),24.700000762939453
state_month,NM,5,Pressure(in),24.760000228881836
state_month,NM,6,Pressure(in),24.739999771118164
state_month,NM,7,Pressure(in),24.829999923706055
state_month,NM,8,Pressure(in),24.8799991607666
state_month,NM,9,Pressure(in),25.010000228881836
state_month,NM,10,Pressure(in),25.0
state_month,NM,11,Pressure(in),25.764999389648438
state_month,NM,12,Pressure(in),24.959999084472656
state_month,NV,1,Pressure(in),25.579999923706055
state_month,NV,2,Pressure(in),25.75
state_month,NV,3,Pressure(in),25.690000534057617
state_month,NV,4,Pressure(in),25.530000686645508
state_month,NV,5,Pressure(in),25.559999465942383
state_month,NV,6,Pressure(in),25.579999923706055
state_month,NV,7,Pressure(in),25.645000457763672
state_month,NV,8,Pressure(in),25.68000030517578
state_month,NV,9,Pressure(in),25.670000076293945
state_month,NV,10,Pressure(in),25.799999237060547
state_month,NV,11,Pressure(in),25.860000610351562
state_month,NV,12,Pressure(in),25.505001068115234
state_month,OK,1,Pressure(in),29.850000381469727
state_month,OK,2,Pressure(in),29.809999465942383
state_month,OK,3,Pressure(in),29.729999542236328
state_month,OK,4,Pressure(in),29.020000457763672
state_month,OK,5,Pressure(in),29.059999465942383
state_month,OK,6,Pressure(in),28.809999465942383
state_month,OK,7,Pressure(in),29.190000534057617
state_month,OK,8,Pressure(in),29.31999969482422
state_month,OK,9,Pressure(in),29.469999313354492
state_month,OK,10,Pressure(in),29.700000762939453
state_month,OK,11,Pressure(in),29.59000015258789
state_month,OK,12,Pressure(in),29.610000610351562
state_month,SD,1,Pressure(in),27.639999389648438
state_month,SD,2,Pressure(in),28.079999923706055
state_month,SD,3,Pressure(in),30.049999237060547
state_month,SD,4,Pressure(in),25.56999969482422
state_month,SD,5,Pressure(in),28.299999237060547
state_month,SD,6,Pressure(in),27.010000228881836
state_month,SD,7,Pressure(in),27.799999237060547
state_month,SD,8,Pressure(in),26.71500015258789
state_month,SD,9,Pressure(in),28.450000762939453
state_month,SD,10,Pressure(in),28.3700008392334
state_month,SD,11,Pressure(in),29.100000381469727
state_month,SD,12,Pressure(in),28.079999923706055
state_month,TN,1,Pressure(in),29.559999465942383
state_month,TN,2,Pressure(in),29.600000381469727
state_month,TN,3,Pressure(in),29.56999969482422
state_month,TN,4,Pressure(in),29.43000030517578
state_month,TN,5,Pressure(in),29.40999984741211
state_month,TN,6,Pressure(in),29.389999389648438
state_month,TN,7,Pressure(in),29.389999389648438
state_month,TN,8,Pressure(in),29.440000534057617
state_month,TN,9,Pressure(in),29.469999313354492
state_month,TN,10,Pressure(in),29.479999542236328
state_month,TN,11,Pressure(in),29.6299991607666
state_month,TN,12,Pressure(in),29.510000228881836
state_month,UT,1,Pressure(in),25.799999237060547
state_month,UT,2,Pressure(in),25.799999237060547
state_month,UT,3,Pressure(in),25.760000228881836
state_month,UT,4,Pressure(in),25.559999465942383
state_month,UT,5,Pressure(in),25.549999237060547
state_month,UT,6,Pressure(in),25.59000015258789
state_month,UT,7,Pressure(in),25.6299991607666
state_month,UT,8,Pressure(in),25.68000030517578
state_month,UT,9,Pressure(in),25.700000762939453
state_month,UT,10,Pressure(in),25.709999084472656
state_month,UT,11,Pressure(in),25.809999465942383
state_month,UT,12,Pressure(in),25.719999313354492
state_month,VT,1,Pressure(in),29.614999771118164
state_month,VT,2,Pressure(in),29.719999313354492
state_month,VT,3,Pressure(in),29.739999771118164
state_month,VT,4,Pressure(in),29.3700008392334
state_month,VT,5,Pressure(in),29.479999542236328
state_month,VT,6,Pressure(in),29.435001373291016
state_month,VT,7,Pressure(in),29.420000076293945
state_month,VT,8,Pressure(in),29.65999984741211
state_month,VT,9,Pressure(in),29.610000610351562
state_month,VT,10,Pressure(in),29.71500015258789
state_month,VT,11,Pressure(in),29.790000915527344
state_month,VT,12,Pressure(in),29.600000381469727
state_month,WY,1,Pressure(in),23.309999465942383
state_month,WY,2,Pressure(in),23.275001525878906
state_month,WY,3,Pressure(in),23.56999969482422
state_month,WY,4,Pressure(in),22.959999084472656
state_month,WY,5,Pressure(in),23.139999389648438
state_month,WY,6,Pressure(in),23.90999984741211
state_month,WY,7,Pressure(in),23.579999923706055
state_month,WY,8,Pressure(in),23.850000381469727
state_month,WY,9,Pressure(in),24.685001373291016
state_month,WY,10,Pressure(in),23.600000381469727
state_month,WY,11,Pressure(in),23.459999084472656
state_month,WY,12,Pressure(in),23.34000015258789
state,AL,-1,Pressure(in),29.729999542236328
state,CA,-1,Pressure(in),29.8700008392334
state,CT,-1,Pressure(in),29.920000076293945
state,DC,-1,Pressure(in),29.989999771118164
state,DE,-1,Pressure(in),29.979999542236328
state,FL,-1,Pressure(in),30.020000457763672
state,GA,-1,Pressure(in),29.559999465942383
state,IA,-1,Pressure(in),29.18000030517578
state,IL,-1,Pressure(in),29.540000915527344
state,IN,-1,Pressure(in),29.40999984741211
state,KY,-1,Pressure(in),29.6200008392334
state,MA,-1,Pressure(in),29.950000762939453
state,MD,-1,Pressure(in),29.950000762939453
state,MI,-1,Pressure(in),29.520000457763672
state,MO,-1,Pressure(in),29.399999618530273
state,NE,-1,Pressure(in),29.8700008392334
state,NH,-1,Pressure(in),29.860000610351562
state,NJ,-1,Pressure(in),29.969999313354492
state,NY,-1,Pressure(in),29.8700008392334
state,OH,-1,Pressure(in),29.420000076293945
state,OR,-1,Pressure(in),29.829999923706055
state,PA,-1,Pressure(in),29.670000076293945
state,RI,-1,Pressure(in),29.920000076293945
state,SC,-1,Pressure(in),29.81999969482422
state,TX,-1,Pressure(in),29.84000015258789
state,VA,-1,Pressure(in),29.889999389648438
state,WA,-1,Pressure(in),29.959999084472656
state,WI,-1,Pressure(in),29.309999465942383
state,WV,-1,Pressure(in),29.030000686645508
state,AR,-1,Pressure(in),29.709999084472656
state,AZ,-1,Pressure(in),28.670000076293945
state,CO,-1,Pressure(in),24.5
state,ID,-1,Pressure(in),27.270000457763672
state,KS,-1,Pressure(in),29.059999465942383
state,LA,-1,Pressure(in),29.989999771118164
state,ME,-1,Pressure(in),29.920000076293945
state,MN,-1,Pressure(in),29.079999923706055
state,MS,-1,Pressure(in),29.8700008392334
state,MT,-1,Pressure(in),26.209999084472656
state,NC,-1,Pressure(in),29.639999389648438
state,ND,-1,Pressure(in),28.450000762939453
state,NM,-1,Pressure(in),24.889999389648438
state,NV,-1,Pressure(in),25.639999389648438
state,OK,-1,Pressure(in),29.360000610351562
state,SD,-1,Pressure(in),28.350000381469727
state,TN,-1,Pressure(in),29.479999542236328
state,UT,-1,Pressure(in),25.68000030517578
state,VT,-1,Pressure(in),29.6200008392334
state,WY,-1,Pressure(in),23.40999984741211
overall,*,-1,Pressure(in),29.860000610351562
state_month,AL,1,Visibility(mi),10.0
state_month,AL,2,Visibility(mi),10.0
state_month,AL,3,Visibility(mi),10.0
state_month,AL,4,Visibility(mi),10.0
state_month,AL,5,Visibility(mi),10.0
state_month,AL,6,Visibility(mi),10.0
state_month,AL,7,Visibility(mi),10.0
state_month,AL,8,Visibility(mi),10.0
state_month,AL,9,Visibility(mi),10.0
state_month,AL,10,Visibility(mi),10.0
state_month,AL,11,Visibility(mi),10.0
state_month,AL,12,Visibility(mi),10.0
state_month,CA,1,Visibility(mi),10.0
state_month,CA,2,Visibility(mi),10.0
state_month,CA,3,Visibility(mi),10.0
state_month,CA,4,Visibility(mi),10.0
state_month,CA,5,Visibility(mi),10.0
state_month,CA,6,Visibility(mi),10.0
state_month,CA,7,Visibility(mi),10.0
state_month,CA,8,Visibility(mi),10.0
state_month,CA,9,Visibility(mi),10.0
state_month,CA,10,Visibility(mi),10.0
state_month,CA,11,Visibility(mi),10.0
state_month,CA,12,Visibility(mi),10.0
state_month,CT,1,Visibility(mi),10.0
state_month,CT,2,Visibility(mi),10.0
state_month,CT,3,Visibility(mi),10.0
state_month,CT,4,Visibility(mi),10.0
state_month,CT,5,Visibility(mi),10.0
state_month,CT,6,Visibility(mi),10.0
state_month,CT,7,Visibility(mi),10.0
state_month,CT,8,Visibility(mi),10.0
state_month,CT,9,Visibility(mi),10.0
state_month,CT,10,Visibility(mi),10.0
state_month,CT,11,Visibility(mi),10.0
state_month,CT,12,Visibility(mi),10.0
state_month,DC,1,Visibility(mi),10.0
state_month,DC,2,Visibility(mi),10.0
state_month,DC,3,Visibility(mi),10.0
state_month,DC,4,Visibility(mi),10.0
state_month,DC,5,Visibility(mi),10.0
state_month,DC,6,Visibility(mi),10.0
state_month,DC,7,Visibility(mi),10.0
state_month,DC,8,Visibility(mi),10.0
state_month,DC,9,Visibility(mi),10.0
state_month,DC,10,Visibility(mi),10.0
state_month,DC,11,Visibility(mi),10.0
state_month,DC,12,Visibility(mi),10.0
state_month,DE,1,Visibility(mi),10.0
state_month,DE,2,Visibility(mi),10.0
state_month,DE,3,Visibility(mi),10.0
state_month,DE,4,Visibility(mi),10.0
state_month,DE,5,Visibility(mi),10.0
state_month,DE,6,Visibility(mi),10.0
state_month,DE,7,Visibility(mi),10.0
state_month,DE,8,Visibility(mi),10.0
state_month,DE,9,Visibility(mi),10.0
state_month,DE,10,Visibility(mi),10.0
state_month,DE,11,Visibility(mi),10.0
state_month,DE,12,Visibility(mi),10.0
state_month,FL,1,Visibility(mi),10.0
state_month,FL,2,Visibility(mi),10.0
state_month,FL,3,Visibility(mi),10.0
state_month,FL,4,Visibility(mi),10.0
state_month,FL,5,Visibility(mi),10.0
state_month,FL,6,Visibility(mi),10.0
state_month,FL,7,Visibility(mi),10.0
state_month,FL,8,Visibility(mi),10.0
state_month,FL,9,Visibility(mi),10.0
state_month,FL,10,Visibility(mi),10.0
state_month,FL,11,Visibility(mi),10.0
state_month,FL,12,Visibility(mi),10.0
state_month,GA,1,Visibility(mi),10.0
state_month,GA,2,Visibility(mi),10.0
state_month,GA,3,Visibility(mi),10.0
state_month,GA,4,Visibility(mi),10.0
state_month,GA,5,Visibility(mi),10.0
state_month,GA,6,Visibility(mi),10.0
state_month,GA,7,Visibility(mi),10.0
state_month,GA,8,Visibility(mi),10.0
state_month,GA,9,Visibility(mi),10.0
state_month,GA,10,Visibility(mi),10.0
state_month,GA,11,Visibility(mi),10.0
state_month,GA,12,Visibility(mi),10.0
state_month,IA,1,Visibility(mi),10.0
state_month,IA,2,Visibility(mi),10.0
state_month,IA,3,Visibility(mi),10.0
state_month,IA,4,Visibility(mi),10.0
state_month,IA,5,Visibility(mi),10.0
state_month,IA,6,Visibility(mi),10.0
state_month,IA,7,Visibility(mi),10.0
state_month,IA,8,Visibility(mi),10.0
state_month,IA,9,Visibility(mi),10.0
state_month,IA,10,Visibility(mi),10.0
state_month,IA,11,Visibility(mi),10.0
state_month,IA,12,Visibility(mi),10.0
state_month,IL,1,Visibility(mi),10.0
state_month,IL,2,Visibility(mi),10.0
state_month,IL,3,Visibility(mi),10.0
state_month,IL,4,Visibility(mi),10.0
state_month,IL,5,Visibility(mi),10.0
state_month,IL,6,Visibility(mi),10.0
state_month,IL,7,Visibility(mi),10.0
state_month,IL,8,Visibility(mi),10.0
state_month,IL,9,Visibility(mi),10.0
state_month,IL,10,Visibility(mi),10.0
state_month,IL,11,Visibility(mi),10.0
state_month,IL,12,Visibility(mi),10.0
state_month,IN,1,Visibility(mi),10.0
state_month,IN,2,Visibility(mi),10.0
state_month,IN,3,Visibility(mi),10.0
state_month,IN,4,Visibility(mi),10.0
state_month,IN,5,Visibility(mi),10.0
state_month,IN,6,Visibility(mi),10.0
state_month,IN,7,Visibility(mi),10.0
state_month,IN,8,Visibility(mi),10.0
state_month,IN,9,Visibility(mi),10.0
state_month,IN,10,Visibility(mi),10.0
state_month,IN,11,Visibility(mi),10.0
state_month,IN,12,Visibility(mi),10.0
state_month,KY,1,Visibility(mi),10.0
state_month,KY,2,Visibility(mi),10.0
state_month,KY,3,Visibility(mi),10.0
state_month,KY,4,Visibility(mi),10.0
state_month,KY,5,Visibility(mi),10.0
state_month,KY,6,Visibility(mi),10.0
state_month,KY,7,Visibility(mi),10.0
state_month,KY,8,Visibility(mi),10.0
state_month,KY,9,Visibility(mi),10.0
state_month,KY,10,Visibility(mi),10.0
state_month,KY,11,Visibility(mi),10.0
state_month,KY,12,Visibility(mi),10.0
state_month,MA,1,Visibility(mi),10.0
state_month,MA,2,Visibility(mi),10.0
state_month,MA,3,Visibility(mi),10.0
state_month,MA,4,Visibility(mi),10.0
state_month,MA,5,Visibility(mi),10.0
state_month,MA,6,Visibility(mi),10.0
state_month,MA,7,Visibility(mi),10.0
state_month,MA,8,Visibility(mi),10.0
state_month,MA,9,Visibility(mi),10.0
state_month,MA,10,Visibility(mi),10.0
state_month,MA,11,Visibility(mi),10.0
state_month,MA,12,Visibility(mi),10.0
state_month,MD,1,Visibility(mi),10.0
state_month,MD,2,Visibility(mi),10.0
state_month,MD,3,Visibility(mi),10.0
state_month,MD,4,Visibility(mi),10.0
state_month,MD,5,Visibility(mi),10.0
state_month,MD,6,Visibility(mi),10.0
state_month,MD,7,Visibility(mi),10.0
state_month,MD,8,Visibility(mi),10.0
state_month,MD,9,Visibility(mi),10.0
state_month,MD,10,Visibility(mi),10.0
state_month,MD,11,Visibility(mi),10.0
state_month,MD,12,Visibility(mi),10.0
state_month,MI,1,Visibility(mi),10.0
state_month,MI,2,Visibility(mi),10.0
state_month,MI,3,Visibility(mi),10.0
state_month,MI,4,Visibility(mi),10.0
state_month,MI,5,Visibility(mi),10.0
state_month,MI,6,Visibility(mi),10.0
state_month,MI,7,Visibility(mi),10.0
state_month,MI,8,Visibility(mi),10.0
state_month,MI,9,Visibility(mi),10.0
state_month,MI,10,Visibility(mi),10.0
state_month,MI,11,Visibility(mi),10.0
state_month,MI,12,Visibility(mi),10.0
state_month,MO,1,Visibility(mi),10.0
state_month,MO,2,Visibility(mi),10.0
state_month,MO,3,Visibility(mi),10.0
state_month,MO,4,Visibility(mi),10.0
state_month,MO,5,Visibility(mi),10.0
state_month,MO,6,Visibility(mi),10.0
state_month,MO,7,Visibility(mi),10.0
state_month,MO,8,Visibility(mi),10.0
state_month,MO,9,Visibility(mi),10.0
state_month,MO,10,Visibility(mi),10.0
state_month,MO,11,Visibility(mi),10.0
state_month,MO,12,Visibility(mi),10.0
state_month,NE,1,Visibility(mi),10.0
state_month,NE,2,Visibility(mi),10.0
state_month,NE,3,Visibility(mi),10.0
state_month,NE,4,Visibility(mi),10.0
state_month,NE,5,Visibility(mi),10.0
state_month,NE,6,Visibility(mi),10.0
state_month,NE,7,Visibility(mi),10.0
state_month,NE,8,Visibility(mi),10.0
state_month,NE,9,Visibility(mi),10.0
state_month,NE,10,Visibility(mi),10.0
state_month,NE,11,Visibility(mi),10.0
state_month,NE,12,Visibility(mi),10.0
state_month,NH,1,Visibility(mi),10.0
state_month,NH,2,Visibility(mi),9.0
state_month,NH,3,Visibility(mi),10.0
state_month,NH,4,Visibility(mi),10.0
state_month,NH,5,Visibility(mi),10.0
state_month,NH,6,Visibility(mi),10.0
state_month,NH,7,Visibility(mi),10.0
state_month,NH,8,Visibility(mi),10.0
state_month,NH,9,Visibility(mi),10.0
state_month,NH,10,Visibility(mi),10.0
state_month,NH,11,Visibility(mi),10.0
state_month,NH,12,Visibility(mi),10.0
state_month,NJ,1,Visibility(mi),10.0
state_month,NJ,2,Visibility(mi),10.0
state_month,NJ,3,Visibility(mi),10.0
state_month,NJ,4,Visibility(mi),10.0
state_month,NJ,5,Visibility(mi),10.0
state_month,NJ,6,Visibility(mi),10.0
state_month,NJ,7,Visibility(mi),10.0
state_month,NJ,8,Visibility(mi),10.0
state_month,NJ,9,Visibility(mi),10.0
state_month,NJ,10,Visibility(mi),10.0
state_month,NJ,11,Visibility(mi),10.0
state_month,NJ,12,Visibility(mi),10.0
state_month,NY,1,Visibility(mi),10.0
state_month,NY,2,Visibility(mi),10.0
state_month,NY,3,Visibility(mi),10.0
state_month,NY,4,Visibility(mi),10.0
state_month,NY,5,Visibility(mi),10.0
state_month,NY,6,Visibility(mi),10.0
state_month,NY,7,Visibility(mi),10.0
state_month,NY,8,Visibility(mi),10.0
state_month,NY,9,Visibility(mi),10.0
state_month,NY,10,Visibility(mi),10.0
state_month,NY,11,Visibility(mi),10.0
state_month,NY,12,Visibility(mi),10.0
state_month,OH,1,Visibility(mi),10.0
state_month,OH,2,Visibility(mi),10.0
state_month,OH,3,Visibility(mi),10.0
state_month,OH,4,Visibility(mi),10.0
state_month,OH,5,Visibility(mi),10.0
state_month,OH,6,Visibility(mi),10.0
state_month,OH,7,Visibility(mi),10.0
state_month,OH,8,Visibility(mi),10.0
state_month,OH,9,Visibility(mi),10.0
state_month,OH,10,Visibility(mi),10.0
state_month,OH,11,Visibility(mi),10.0
state_month,OH,12,Visibility(mi),10.0
state_month,OR,1,Visibility(mi),10.0
state_month,OR,2,Visibility(mi),10.0
state_month,OR,3,Visibility(mi),10.0
state_month,OR,4,Visibility(mi),10.0
state_month,OR,5,Visibility(mi),10.0
state_month,OR,6,Visibility(mi),10.0
state_month,OR,7,Visibility(mi),10.0
state_month,OR,8,Visibility(mi),10.0
state_month,OR,9,Visibility(mi),10.0
state_month,OR,10,Visibility(mi),10.0
state_month,OR,11,Visibility(mi),10.0
state_month,OR,12,Visibility(mi),10.0
state_month,PA,1,Visibility(mi),10.0
state_month,PA,2,Visibility(mi),10.0
state_month,PA,3,Visibility(mi),10.0
state_month,PA,4,Visibility(mi),10.0
state_month,PA,5,Visibility(mi),10.0
state_month,PA,6,Visibility(mi),10.0
state_month,PA,7,Visibility(mi),10.0
state_month,PA,8,Visibility(mi),10.0
state_month,PA,9,Visibility(mi),10.0
state_month,PA,10,Visibility(mi),10.0
state_month,PA,11,Visibility(mi),10.0
state_month,PA,12,Visibility(mi),10.0
state_month,RI,1,Visibility(mi),10.0
state_month,RI,2,Visibility(mi),10.0
state_month,RI,3,Visibility(mi),10.0
state_month,RI,4,Visibility(mi),10.0
state_month,RI,5,Visibility(mi),10.0
state_month,RI,6,Visibility(mi),10.0
state_month,RI,7,Visibility(mi),10.0
state_month,RI,8,Visibility(mi),10.0
state_month,RI,9,Visibility(mi),10.0
state_month,RI,10,Visibility(mi),10.0
state_month,RI,11,Visibility(mi),10.0
state_month,RI,12,Visibility(mi),10.0
state_month,SC,1,Visibility(mi),10.0
state_month,SC,2,Visibility(mi),10.0
state_month,SC,3,Visibility(mi),10.0
state_month,SC,4,Visibility(mi),10.0
state_month,SC,5,Visibility(mi),10.0
state_month,SC,6,Visibility(mi),10.0
state_month,SC,7,Visibility(mi),10.0
state_month,SC,8,Visibility(mi),10.0
state_month,SC,9,Visibility(mi),10.0
state_month,SC,10,Visibility(mi),10.0
state_month,SC,11,Visibility(mi),10.0
state_month,SC,12,Visibility(mi),10.0
state_month,TX,1,Visibility(mi),10.0
state_month,TX,2,Visibility(mi),10.0
state_month,TX,3,Visibility(mi),10.0
state_month,TX,4,Visibility(mi),10.0
state_month,TX,5,Visibility(mi),10.0
state_month,TX,6,Visibility(mi),10.0
state_month,TX,7,Visibility(mi),10.0
state_month,TX,8,Visibility(mi),10.0
state_month,TX,9,Visibility(mi),10.0
state_month,TX,10,Visibility(mi),10.0
state_month,TX,11,Visibility(mi),10.0
state_month,TX,12,Visibility(mi),10.0
state_month,VA,1,Visibility(mi),10.0
state_month,VA,2,Visibility(mi),10.0
state_month,VA,3,Visibility(mi),10.0
state_month,VA,4,Visibility(mi),10.0
state_month,VA,5,Visibility(mi),10.0
state_month,VA,6,Visibility(mi),10.0
state_month,VA,7,Visibility(mi),10.0
state_month,VA,8,Visibility(mi),10.0
state_month,VA,9,Visibility(mi),10.0
state_month,VA,10,Visibility(mi),10.0
state_month,VA,11,Visibility(mi),10.0
state_month,VA,12,Visibility(mi),10.0
state_month,WA,1,Visibility(mi),10.0
state_month,WA,2,Visibility(mi),10.0
state_month,WA,3,Visibility(mi),10.0
state_month,WA,4,Visibility(mi),10.0
state_month,WA,5,Visibility(mi),10.0
state_month,WA,6,Visibility(mi),10.0
state_month,WA,7,Visibility(mi),10.0
state_month,WA,8,Visibility(mi),10.0
state_month,WA,9,Visibility(mi),10.0
state_month,WA,10,Visibility(mi),10.0
state_month,WA,11,Visibility(mi),10.0
state_month,WA,12,Visibility(mi),10.0
state_month,WI,1,Visibility(mi),9.0
state_month,WI,2,Visibility(mi),10.0
state_month,WI,3,Visibility(mi),10.0
state_month,WI,4,Visibility(mi),10.0
state_month,WI,5,Visibility(mi),10.0
state_month,WI,6,Visibility(mi),10.0
state_month,WI,7,Visibility(mi),10.0
state_month,WI,8,Visibility(mi),10.0
state_month,WI,9,Visibility(mi),10.0
state_month,WI,10,Visibility(mi),10.0
state_month,WI,11,Visibility(mi),10.0
state_month,WI,12,Visibility(mi),10.0
state_month,WV,1,Visibility(mi),10.0
state_month,WV,2,Visibility(mi),10.0
state_month,WV,3,Visibility(mi),10.0
state_month,WV,4,Visibility(mi),10.0
state_month,WV,5,Visibility(mi),10.0
state_month,WV,6,Visibility(mi),10.0
state_month,WV,7,Visibility(mi),10.0
state_month,WV,8,Visibility(mi),10.0
state_month,WV,9,Visibility(mi),10.0
state_month,WV,10,Visibility(mi),10.0
state_month,WV,11,Visibility(mi),10.0
state_month,WV,12,Visibility(mi),10.0
state_month,AR,1,Visibility(mi),10.0
state_month,AR,2,Visibility(mi),10.0
state_month,AR,3,Visibility(mi),10.0
state_month,AR,4,Visibility(mi),10.0
state_month,AR,5,Visibility(mi),10.0
state_month,AR,6,Visibility(mi),10.0
state_month,AR,7,Visibility(mi),10.0
state_month,AR,8,Visibility(mi),10.0
state_month,AR,9,Visibility(mi),10.0
state_month,AR,10,Visibility(mi),10.0
state_month,AR,11,Visibility(mi),10.0
state_month,AR,12,Visibility(mi),10.0
state_month,AZ,1,Visibility(mi),10.0
state_month,AZ,2,Visibility(mi),10.0
state_month,AZ,3,Visibility(mi),10.0
state_month,AZ,4,Visibility(mi),10.0
state_month,AZ,5,Visibility(mi),10.0
state_month,AZ,6,Visibility(mi),10.0
state_month,AZ,7,Visibility(mi),10.0
state_month,AZ,8,Visibility(mi),10.0
state_month,AZ,9,Visibility(mi),10.0
state_month,AZ,10,Visibility(mi),10.0
state_month,AZ,11,Visibility(mi),10.0
state_month,AZ,12,Visibility(mi),10.0
state_month,CO,1,Visibility(mi),10.0
state_month,CO,2,Visibility(mi),10.0
state_month,CO,3,Visibility(mi),10.0
state_month,CO,4,Visibility(mi),10.0
state_month,CO,5,Visibility(mi),10.0
state_month,CO,6,Visibility(mi),10.0
state_month,CO,7,Visibility(mi),10.0
state_month,CO,8,Visibility(mi),10.0
state_month,CO,9,Visibility(mi),10.0
state_month,CO,10,Visibility(mi),10.0
state_month,CO,11,Visibility(mi),10.0
state_month,CO,12,Visibility(mi),10.0
state_month,ID,1,Visibility(mi),10.0
state_month,ID,2,Visibility(mi),10.0
state_month,ID,3,Visibility(mi),10.0
state_month,ID,4,Visibility(mi),10.0
state_month,ID,5,Visibility(mi),10.0
state_month,ID,6,Visibility(mi),10.0
state_month,ID,7,Visibility(mi),10.0
state_month,ID,8,Visibility(mi),10.0
state_month,ID,9,Visibility(mi),10.0
state_month,ID,10,Visibility(mi),10.0
state_month,ID,11,Visibility(mi),10.0
state_month,ID,12,Visibility(mi),10.0
state_month,KS,1,Visibility(mi),10.0
state_month,KS,2,Visibility(mi),10.0
state_month,KS,3,Visibility(mi),10.0
state_month,KS,4,Visibility(mi),10.0
state_month,KS,5,Visibility(mi),10.0
state_month,KS,6,Visibility(mi),10.0
state_month,KS,7,Visibility(mi),10.0
state_month,KS,8,Visibility(mi),10.0
state_month,KS,9,Visibility(mi),10.0
state_month,KS,10,Visibility(mi),10.0
state_month,KS,11,Visibility(mi),10.0
state_month,KS,12,Visibility(mi),10.0
state_month,LA,1,Visibility(mi),10.0
state_month,LA,2,Visibility(mi),10.0
state_month,LA,3,Visibility(mi),10.0
state_month,LA,4,Visibility(mi),10.0
state_month,LA,5,Visibility(mi),10.0
state_month,LA,6,Visibility(mi),10.0
state_month,LA,7,Visibility(mi),10.0
state_month,LA,8,Visibility(mi),10.0
state_month,LA,9,Visibility(mi),10.0
state_month,LA,10,Visibility(mi),10.0
state_month,LA,11,Visibility(mi),10.0
state_month,LA,12,Visibility(mi),10.0
state_month,ME,1,Visibility(mi),10.0
state_month,ME,2,Visibility(mi),10.0
state_month,ME,3,Visibility(mi),10.0
state_month,ME,4,Visibility(mi),10.0
state_month,ME,5,Visibility(mi),10.0
state_month,ME,6,Visibility(mi),10.0
state_month,ME,7,Visibility(mi),10.0
state_month,ME,8,Visibility(mi),10.0
state_month,ME,9,Visibility(mi),10.0
state_month,ME,10,Visibility(mi),10.0
state_month,ME,11,Visibility(mi),10.0
state_month,ME,12,Visibility(mi),10.0
state_month,MN,1,Visibility(mi),10.0
state_month,MN,2,Visibility(mi),10.0
state_month,MN,3,Visibility(mi),10.0
state_month,MN,4,Visibility(mi),10.0
state_month,MN,5,Visibility(mi),10.0
state_month,MN,6,Visibility(mi),10.0
state_month,MN,7,Visibility(mi),10.0
state_month,MN,8,Visibility(mi),10.0
state_month,MN,9,Visibility(mi),10.0
state_month,MN,10,Visibility(mi),10.0
state_month,MN,11,Visibility(mi),10.0
state_month,MN,12,Visibility(mi),10.0
state_month,MS,1,Visibility(mi),10.0
state_month,MS,2,Visibility(mi),10.0
state_month,MS,3,Visibility(mi),10.0
state_month,MS,4,Visibility(mi),10.0
state_month,MS,5,Visibility(mi),10.0
state_month,MS,6,Visibility(mi),10.0
state_month,MS,7,Visibility(mi),10.0
state_month,MS,8,Visibility(mi),10.0
state_month,MS,9,Visibility(mi),10.0
state_month,MS,10,Visibility(mi),10.0
state_month,MS,11,Visibility(mi),10.0
state_month,MS,12,Visibility(mi),10.0
state_month,MT,1,Visibility(mi),10.0
state_month,MT,2,Visibility(mi),10.0
state_month,MT,3,Visibility(mi),10.0
state_month,MT,4,Visibility(mi),10.0
state_month,MT,5,Visibility(mi),10.0
state_month,MT,6,Visibility(mi),10.0
state_month,MT,7,Visibility(mi),10.0
state_month,MT,8,Visibility(mi),10.0
state_month,MT,9,Visibility(mi),10.0
state_month,MT,10,Visibility(mi),10.0
state_month,MT,11,Visibility(mi),10.0
state_month,MT,12,Visibility(mi),10.0
state_month,NC,1,Visibility(mi),10.0
state_month,NC,2,Visibility(mi),10.0
state_month,NC,3,Visibility(mi),10.0
state_month,NC,4,Visibility(mi),10.0
state_month,NC,5,Visibility(mi),10.0
state_month,NC,6,Visibility(mi),10.0
state_month,NC,7,Visibility(mi),10.0
state_month,NC,8,Visibility(mi),10.0
state_month,NC,9,Visibility(mi),10.0
state_month,NC,10,Visibility(mi),10.0
state_month,NC,11,Visibility(mi),10.0
state_month,NC,12,Visibility(mi),10.0
state_month,ND,1,Visibility(mi),9.0
state_month,ND,2,Visibility(mi),7.0
state_month,ND,3,Visibility(mi),10.0
state_month,ND,4,Visibility(mi),10.0
state_month,ND,5,Visibility(mi),10.0
state_month,ND,6,Visibility(mi),10.0
state_month,ND,7,Visibility(mi),10.0
state_month,ND,8,Visibility(mi),10.0
state_month,ND,9,Visibility(mi),10.0
state_month,ND,10,Visibility(mi),10.0
state_month,ND,11,Visibility(mi),10.0
state_month,ND,12,Visibility(mi),7.5
state_month,NM,1,Visibility(mi),10.0
state_month,NM,2,Visibility(mi),10.0
state_month,NM,3,Visibility(mi),10.0
state_month,NM,4,Visibility(mi),10.0
state_month,NM,5,Visibility(mi),10.0
state_month,NM,6,Visibility(mi),10.0
state_month,NM,7,Visibility(mi),10.0
state_month,NM,8,Visibility(mi),10.0
state_month,NM,9,Visibility(mi),10.0
state_month,NM,10,Visibility(mi),10.0
state_month,NM,11,Visibility(mi),10.0
state_month,NM,12,Visibility(mi),10.0
state_month,NV,1,Visibility(mi),10.0
state_month,NV,2,Visibility(mi),10.0
state_month,NV,3,Visibility(mi),10.0
state_month,NV,4,Visibility(mi),10.0
state_month,NV,5,Visibility(mi),10.0
state_month,NV,6,Visibility(mi),10.0
state_month,NV,7,Visibility(mi),10.0
state_month,NV,8,Visibility(mi),10.0
state_month,NV,9,Visibility(mi),10.0
state_month,NV,10,Visibility(mi),10.0
state_month,NV,11,Visibility(mi),10.0
state_month,NV,12,Visibility(mi),10.0
state_month,OK,1,Visibility(mi),10.0
state_month,OK,2,Visibility(mi),10.0
state_month,OK,3,Visibility(mi),10.0
state_month,OK,4,Visibility(mi),10.0
state_month,OK,5,Visibility(mi),10.0
state_month,OK,6,Visibility(mi),10.0
state_month,OK,7,Visibility(mi),10.0
state_month,OK,8,Visibility(mi),10.0
state_month,OK,9,Visibility(mi),10.0
state_month,OK,10,Visibility(mi),10.0
state_month,OK,11,Visibility(mi),10.0
state_month,OK,12,Visibility(mi),10.0
state_month,SD,1,Visibility(mi),10.0
state_month,SD,2,Visibility(mi),10.0
state_month,SD,3,Visibility(mi),10.0
state_month,SD,4,Visibility(mi),10.0
state_month,SD,5,Visibility(mi),10.0
state_month,SD,6,Visibility(mi),10.0
state_month,SD,7,Visibility(mi),10.0
state_month,SD,8,Visibility(mi),10.0
state_month,SD,9,Visibility(mi),10.0
state_month,SD,10,Visibility(mi),10.0
state_month,SD,11,Visibility(mi),10.0
state_month,SD,12,Visibility(mi),10.0
state_month,TN,1,Visibility(mi),10.0
state_month,TN,2,Visibility(mi),10.0
state_month,TN,3,Visibility(mi),10.0
state_month,TN,4,Visibility(mi),10.0
state_month,TN,5,Visibility(mi),10.0
state_month,TN,6,Visibility(mi),10.0
state_month,TN,7,Visibility(mi),10.0
state_month,TN,8,Visibility(mi),10.0
state_month,TN,9,Visibility(mi),10.0
state_month,TN,10,Visibility(mi),10.0
state_month,TN,11,Visibility(mi),10.0
state_month,TN,12,Visibility(mi),10.0
state_month,UT,1,Visibility(mi),10.0
state_month,UT,2,Visibility(mi),10.0
state_month,UT,3,Visibility(mi),10.0
state_month,UT,4,Visibility(mi),10.0
state_month,UT,5,Visibility(mi),10.0
state_month,UT,6,Visibility(mi),10.0
state_month,UT,7,Visibility(mi),10.0
state_month,UT,8,Visibility(mi),10.0
state_month,UT,9,Visibility(mi),10.0
state_month,UT,10,Visibility(mi),10.0
state_month,UT,11,Visibility(mi),10.0
state_month,UT,12,Visibility(mi),10.0
state_month,VT,1,Visibility(mi),10.0
state_month,VT,2,Visibility(mi),9.0
state_month,VT,3,Visibility(mi),10.0
state_month,VT,4,Visibility(mi),10.0
state_month,VT,5,Visibility(mi),10.0
state_month,VT,6,Visibility(mi),10.0
state_month,VT,7,Visibility(mi),10.0
state_month,VT,8,Visibility(mi),10.0
state_month,VT,9,Visibility(mi),10.0
state_month,VT,10,Visibility(mi),10.0
state_month,VT,11,Visibility(mi),10.0
state_month,VT,12,Visibility(mi),10.0
state_month,WY,1,Visibility(mi),10.0
state_month,WY,2,Visibility(mi),10.0
state_month,WY,3,Visibility(mi),10.0
state_month,WY,4,Visibility(mi),10.0
state_month,WY,5,Visibility(mi),10.0
state_month,WY,6,Visibility(mi),10.0
state_month,WY,7,Visibility(mi),10.0
state_month,WY,8,Visibility(mi),10.0
state_month,WY,9,Visibility(mi),10.0
state_month,WY,10,Visibility(mi),10.0
state_month,WY,11,Visibility(mi),10.0
state_month,WY,12,Visibility(mi),10.0
state,AL,-1,Visibility(mi),10.0
state,CA,-1,Visibility(mi),10.0
state,CT,-1,Visibility(mi),10.0
state,DC,-1,Visibility(mi),10.0
state,DE,-1,Visibility(mi),10.0
state,FL,-1,Visibility(mi),10.0
state,GA,-1,Visibility(mi),10.0
state,IA,-1,Visibility(mi),10.0
state,IL,-1,Visibility(mi),10.0
state,IN,-1,Visibility(mi),10.0
state,KY,-1,Visibility(mi),10.0
state,MA,-1,Visibility(mi),10.0
state,MD,-1,Visibility(mi),10.0
state,MI,-1,Visibility(mi),10.0
state,MO,-1,Visibility(mi),10.0
state,NE,-1,Visibility(mi),10.0
state,NH,-1,Visibility(mi),10.0
state,NJ,-1,Visibility(mi),10.0
state,NY,-1,Visibility(mi),10.0
state,OH,-1,Visibility(mi),10.0
state,OR,-1,Visibility(mi),10.0
state,PA,-1,Visibility(mi),10.0
state,RI,-1,Visibility(mi),10.0
state,SC,-1,Visibility(mi),10.0
state,TX,-1,Visibility(mi),10.0
state,VA,-1,Visibility(mi),10.0
state,WA,-1,Visibility(mi),10.0
state,WI,-1,Visibility(mi),10.0
state,WV,-1,Visibility(mi),10.0
state,AR,-1,Visibility(mi),10.0
state,AZ,-1,Visibility(mi),10.0
state,CO,-1,Visibility(mi),10.0
state,ID,-1,Visibility(mi),10.0
state,KS,-1,Visibility(mi),10.0
state,LA,-1,Visibility(mi),10.0
state,ME,-1,Visibility(mi),10.0
state,MN,-1,Visibility(mi),10.0
state,MS,-1,Visibility(mi),10.0
state,MT,-1,Visibility(mi),10.0
state,NC,-1,Visibility(mi),10.0
state,ND,-1,Visibility(mi),10.0
state,NM,-1,Visibility(mi),10.0
state,NV,-1,Visibility(mi),10.0
state,OK,-1,Visibility(mi),10.0
state,SD,-1,Visibility(mi),10.0
state,TN,-1,Visibility(mi),10.0
state,UT,-1,Visibility(mi),10.0
state,VT,-1,Visibility(mi),10.0
state,WY,-1,Visibility(mi),10.0
overall,*,-1,Visibility(mi),10.0
state_month,AL,1,Wind_Speed(mph),6.900000095367432
state_month,AL,2,Wind_Speed(mph),7.0
state_month,AL,3,Wind_Speed(mph),7.0
state_month,AL,4,Wind_Speed(mph),7.0
state_month,AL,5,Wind_Speed(mph),7.0
state_month,AL,6,Wind_Speed(mph),6.0
state_month,AL,7,Wind_Speed(mph),5.800000190734863
state_month,AL,8,Wind_Speed(mph),5.0
state_month,AL,9,Wind_Speed(mph),5.800000190734863
state_month,AL,10,Wind_Speed(mph),6.0
state_month,AL,11,Wind_Speed(mph),6.0
state_month,AL,12,Wind_Speed(mph),6.0
state_month,CA,1,Wind_Speed(mph),5.0
state_month,CA,2,Wind_Speed(mph),5.800000190734863
state_month,CA,3,Wind_Speed(mph),6.0
state_month,CA,4,Wind_Speed(mph),7.0
state_month,CA,5,Wind_Speed(mph),8.0
state_month,CA,6,Wind_Speed(mph),8.0
state_month,CA,7,Wind_Speed(mph),7.0
state_month,CA,8,Wind_Speed(mph),7.0
state_month,CA,9,Wind_Speed(mph),6.0
state_month,CA,10,Wind_Speed(mph),5.800000190734863
state_month,CA,11,Wind_Speed(mph),5.0
state_month,CA,12,Wind_Speed(mph),5.0
state_month,CT,1,Wind_Speed(mph),7.0
state_month,CT,2,Wind_Speed(mph),8.0
state_month,CT,3,Wind_Speed(mph),8.0
state_month,CT,4,Wind_Speed(mph),9.0
state_month,CT,5,Wind_Speed(mph),8.0
state_month,CT,6,Wind_Speed(mph),7.0
state_month,CT,7,Wind_Speed(mph),7.0
state_month,CT,8,Wind_Speed(mph),7.0
state_month,CT,9,Wind_Speed(mph),7.0
state_month,CT,10,Wind_Speed(mph),7.0
state_month,CT,11,Wind_Speed(mph),7.0
state_month,CT,12,Wind_Speed(mph),7.0
state_month,DC,1,Wind_Speed(mph),8.0
state_month,DC,2,Wind_Speed(mph),8.100000381469727
state_month,DC,3,Wind_Speed(mph),8.100000381469727
state_month,DC,4,Wind_Speed(mph),8.0
state_month,DC,5,Wind_Speed(mph),8.0
state_month,DC,6,Wind_Speed(mph),8.0
state_month,DC,7,Wind_Speed(mph),7.0
state_month,DC,8,Wind_Speed(mph),7.0
state_month,DC,9,Wind_Speed(mph),8.0
state_month,DC,10,Wind_Speed(mph),7.0
state_month,DC,11,Wind_Speed(mph),7.0
state_month,DC,12,Wind_Speed(mph),7.0
state_month,DE,1,Wind_Speed(mph),8.0
state_month,DE,2,Wind_Speed(mph),9.0
state_month,DE,3,Wind_Speed(mph),10.0
state_month,DE,4,Wind_Speed(mph),12.0
state_month,DE,5,Wind_Speed(mph),9.0
state_month,DE,6,Wind_Speed(mph),8.0
state_month,DE,7,Wind_Speed(mph),7.0
state_month,DE,8,Wind_Speed(mph),7.0
state_month,DE,9,Wind_Speed(mph),8.0
state_month,DE,10,Wind_Speed(mph),8.0
state_month,DE,11,Wind_Speed(mph),8.0
state_month,DE,12,Wind_Speed(mph),8.0
state_month,FL,1,Wind_Speed(mph),8.0
state_month,FL,2,Wind_Speed(mph),9.0
state_month,FL,3,Wind_Speed(mph),9.0
state_month,FL,4,Wind_Speed(mph),10.0
state_month,FL,5,Wind_Speed(mph),9.0
state_month,FL,6,Wind_Speed(mph),8.0
state_month,FL,7,Wind_Speed(mph),7.0
state_month,FL,8,Wind_Speed(mph),7.0
state_month,FL,9,Wind_Speed(mph),7.0
state_month,FL,10,Wind_Speed(mph),8.0
state_month,FL,11,Wind_Speed(mph),8.0
state_month,FL,12,Wind_Speed(mph),7.0
state_month,GA,1,Wind_Speed(mph),6.900000095367432
state_month,GA,2,Wind_Speed(mph),7.0
state_month,GA,3,Wind_Speed(mph),7.0
state_month,GA,4,Wind_Speed(mph),7.0
state_month,GA,5,Wind_Speed(mph),6.900000095367432
state_month,GA,6,Wind_Speed(mph),6.0
state_month,GA,7,Wind_Speed(mph),5.800000190734863
state_month,GA,8,Wind_Speed(mph),5.800000190734863
state_month,GA,9,Wind_Speed(mph),5.800000190734863
state_month,GA,10,Wind_Speed(mph),6.0
state_month,GA,11,Wind_Speed(mph),6.0
state_month,GA,12,Wind_Speed(mph),6.0
state_month,IA,1,Wind_Speed(mph),12.0
state_month,IA,2,Wind_Speed(mph),10.0
state_month,IA,3,Wind_Speed(mph),12.0
state_month,IA,4,Wind_Speed(mph),12.0
state_month,IA,5,Wind_Speed(mph),10.0
state_month,IA,6,Wind_Speed(mph),9.0
state_month,IA,7,Wind_Speed(mph),8.0
state_month,IA,8,Wind_Speed(mph),8.0
state_month,IA,9,Wind_Speed(mph),8.100000381469727
state_month,IA,10,Wind_Speed(mph),9.0
state_month,IA,11,Wind_Speed(mph),10.0
state_month,IA,12,Wind_Speed(mph),12.0
state_month,IL,1,Wind_Speed(mph),9.199999809265137
state_month,IL,2,Wind_Speed(mph),10.0
state_month,IL,3,Wind_Speed(mph),10.0
state_month,IL,4,Wind_Speed(mph),10.0
state_month,IL,5,Wind_Speed(mph),9.0
state_month,IL,6,Wind_Speed(mph),9.0
state_month,IL,7,Wind_Speed(mph),8.0
state_month,IL,8,Wind_Speed(mph),8.0
state_month,IL,9,Wind_Speed(mph),8.100000381469727
state_month,IL,10,Wind_Speed(mph),9.0
state_month,IL,11,Wind_Speed(mph),9.0
state_month,IL,12,Wind_Speed(mph),10.0
state_month,IN,1,Wind_Speed(mph),9.0
state_month,IN,2,Wind_Speed(mph),9.199999809265137
state_month,IN,3,Wind_Speed(mph),9.199999809265137
state_month,IN,4,Wind_Speed(mph),9.0
state_month,IN,5,Wind_Speed(mph),8.0
state_month,IN,6,Wind_Speed(mph),7.0
state_month,IN,7,Wind_Speed(mph),6.900000095367432
state_month,IN,8,Wind_Speed(mph),6.0
state_month,IN,9,Wind_Speed(mph),6.900000095367432
state_month,IN,10,Wind_Speed(mph),8.0
state_month,IN,11,Wind_Speed(mph),8.100000381469727
state_month,IN,12,Wind_Speed(mph),9.0
state_month,KY,1,Wind_Speed(mph),8.0
state_month,KY,2,Wind_Speed(mph),9.0
state_month,KY,3,Wind_Speed(mph),9.199999809265137
state_month,KY,4,Wind_Speed(mph),8.100000381469727
state_month,KY,5,Wind_Speed(mph),8.0
state_month,KY,6,Wind_Speed(mph),7.0
state_month,KY,7,Wind_Speed(mph),6.0
state_month,KY,8,Wind_Speed(mph),6.0
state_month,KY,9,Wind_Speed(mph),6.900000095367432
state_month,KY,10,Wind_Speed(mph),6.900000095367432
state_month,KY,11,Wind_Speed(mph),7.0
state_month,KY,12,Wind_Speed(mph),8.0
state_month,MA,1,Wind_Speed(mph),9.0
state_month,MA,2,Wind_Speed(mph),9.0
state_month,MA,3,Wind_Speed(mph),10.0
state_month,MA,4,Wind_Speed(mph),10.0
state_month,MA,5,Wind_Speed(mph),9.0
state_month,MA,6,Wind_Speed(mph),8.0
state_month,MA,7,Wind_Speed(mph),8.0
state_month,MA,8,Wind_Speed(mph),8.0
state_month,MA,9,Wind_Speed(mph),8.0
state_month,MA,10,Wind_Speed(mph),8.100000381469727
state_month,MA,11,Wind_Speed(mph),8.100000381469727
state_month,MA,12,Wind_Speed(mph),9.0
state_month,MD,1,Wind_Speed(mph),6.900000095367432
state_month,MD,2,Wind_Speed(mph),7.0
state_month,MD,3,Wind_Speed(mph),7.0
state_month,MD,4,Wind_Speed(mph),7.0
state_month,MD,5,Wind_Speed(mph),6.900000095367432
state_month,MD,6,Wind_Speed(mph),6.0
state_month,MD,7,Wind_Speed(mph),5.800000190734863
state_month,MD,8,Wind_Speed(mph),5.800000190734863
state_month,MD,9,Wind_Speed(mph),5.800000190734863
state_month,MD,10,Wind_Speed(mph),5.800000190734863
state_month,MD,11,Wind_Speed(mph),6.0
state_month,MD,12,Wind_Speed(mph),5.800000190734863
state_month,MI,1,Wind_Speed(mph),9.0
state_month,MI,2,Wind_Speed(mph),9.199999809265137
state_month,MI,3,Wind_Speed(mph),10.0
state_month,MI,4,Wind_Speed(mph),10.0
state_month,MI,5,Wind_Speed(mph),9.0
state_month,MI,6,Wind_Speed(mph),8.100000381469727
state_month,MI,7,Wind_Speed(mph),8.0
state_month,MI,8,Wind_Speed(mph),7.0
state_month,MI,9,Wind_Speed(mph),7.0
state_month,MI,10,Wind_Speed(mph),8.100000381469727
state_month,MI,11,Wind_Speed(mph),9.0
state_month,MI,12,Wind_Speed(mph),10.0
state_month,MO,1,Wind_Speed(mph),9.0
state_month,MO,2,Wind_Speed(mph),10.0
state_month,MO,3,Wind_Speed(mph),10.0
state_month,MO,4,Wind_Speed(mph),10.0
state_month,MO,5,Wind_Speed(mph),9.0
state_month,MO,6,Wind_Speed(mph),8.0
state_month,MO,7,Wind_Speed(mph),7.0
state_month,MO,8,Wind_Speed(mph),7.0
state_month,MO,9,Wind_Speed(mph),7.0
state_month,MO,10,Wind_Speed(mph),8.100000381469727
state_month,MO,11,Wind_Speed(mph),8.100000381469727
state_month,MO,12,Wind_Speed(mph),8.100000381469727
state_month,NE,1,Wind_Speed(mph),9.199999809265137
state_month,NE,2,Wind_Speed(mph),8.100000381469727
state_month,NE,3,Wind_Speed(mph),10.0
state_month,NE,4,Wind_Speed(mph),10.399999618530273
state_month,NE,5,Wind_Speed(mph),8.100000381469727
state_month,NE,6,Wind_Speed(mph),8.100000381469727
state_month,NE,7,Wind_Speed(mph),8.0
state_month,NE,8,Wind_Speed(mph),8.0
state_month,NE,9,Wind_Speed(mph),8.100000381469727
state_month,NE,10,Wind_Speed(mph),8.100000381469727
state_month,NE,11,Wind_Speed(mph),8.100000381469727
state_month,NE,12,Wind_Speed(mph),8.100000381469727
state_month,NH,1,Wind_Speed(mph),6.449999809265137
state_month,NH,2,Wind_Speed(mph),7.0
state_month,NH,3,Wind_Speed(mph),9.0
state_month,NH,4,Wind_Speed(mph),9.0
state_month,NH,5,Wind_Speed(mph),8.0
state_month,NH,6,Wind_Speed(mph),7.0
state_month,NH,7,Wind_Speed(mph),6.0
state_month,NH,8,Wind_Speed(mph),6.900000095367432
state_month,NH,9,Wind_Speed(mph),6.0
state_month,NH,10,Wind_Speed(mph),6.900000095367432
state_month,NH,11,Wind_Speed(mph),6.900000095367432
state_month,NH,12,Wind_Speed(mph),6.900000095367432
state_month,NJ,1,Wind_Speed(mph),8.0
state_month,NJ,2,Wind_Speed(mph),8.0
state_month,NJ,3,Wind_Speed(mph),9.0
state_month,NJ,4,Wind_Speed(mph),9.0
state_month,NJ,5,Wind_Speed(mph),7.0
state_month,NJ,6,Wind_Speed(mph),7.0
state_month,NJ,7,Wind_Speed(mph),7.0
state_month,NJ,8,Wind_Speed(mph),7.0
state_month,NJ,9,Wind_Speed(mph),7.0
state_month,NJ,10,Wind_Speed(mph),7.0
state_month,NJ,11,Wind_Speed(mph),7.0
state_month,NJ,12,Wind_Speed(mph),7.0
state_month,NY,1,Wind_Speed(mph),9.0
state_month,NY,2,Wind_Speed(mph),9.0
state_month,NY,3,Wind_Speed(mph),10.0
state_month,NY,4,Wind_Speed(mph),10.0
state_month,NY,5,Wind_Speed(mph),8.0
state_month,NY,6,Wind_Speed(mph),8.0
state_month,NY,7,Wind_Speed(mph),7.0
state_month,NY,8,Wind_Speed(mph),7.0
state_month,NY,9,Wind_Speed(mph),8.0
state_month,NY,10,Wind_Speed(mph),8.0
state_month,NY,11,Wind_Speed(mph),8.100000381469727
state_month,NY,12,Wind_Speed(mph),8.100000381469727
state_month,OH,1,Wind_Speed(mph),9.0
state_month,OH,2,Wind_Speed(mph),9.199999809265137
state_month,OH,3,Wind_Speed(mph),9.199999809265137
state_month,OH,4,Wind_Speed(mph),9.199999809265137
state_month,OH,5,Wind_Speed(mph),8.100000381469727
state_month,OH,6,Wind_Speed(mph),8.0
state_month,OH,7,Wind_Speed(mph),7.0
state_month,OH,8,Wind_Speed(mph),6.0
state_month,OH,9,Wind_Speed(mph),6.900000095367432
state_month,OH,10,Wind_Speed(mph),8.0
state_month,OH,11,Wind_Speed(mph),8.100000381469727
state_month,OH,12,Wind_Speed(mph),9.0
state_month,OR,1,Wind_Speed(mph),6.900000095367432
state_month,OR,2,Wind_Speed(mph),7.0
state_month,OR,3,Wind_Speed(mph),6.900000095367432
state_month,OR,4,Wind_Speed(mph),7.0
state_month,OR,5,Wind_Speed(mph),6.0
state_month,OR,6,Wind_Speed(mph),6.0
state_month,OR,7,Wind_Speed(mph),6.900000095367432
state_month,OR,8,Wind_Speed(mph),6.0
state_month,OR,9,Wind_Speed(mph),6.0
state_month,OR,10,Wind_Speed(mph),6.0
state_month,OR,11,Wind_Speed(mph),6.0
state_month,OR,12,Wind_Speed(mph),6.0
state_month,PA,1,Wind_Speed(mph),7.0
state_month,PA,2,Wind_Speed(mph),7.0
state_month,PA,3,Wind_Speed(mph),8.0
state_month,PA,4,Wind_Speed(mph),8.100000381469727
state_month,PA,5,Wind_Speed(mph),7.0
state_month,PA,6,Wind_Speed(mph),7.0
state_month,PA,7,Wind_Speed(mph),6.0
state_month,PA,8,Wind_Speed(mph),5.800000190734863
state_month,PA,9,Wind_Speed(mph),6.0
state_month,PA,10,Wind_Speed(mph),6.0
state_month,PA,11,Wind_Speed(mph),6.900000095367432
state_month,PA,12,Wind_Speed(mph),6.900000095367432
state_month,RI,1,Wind_Speed(mph),8.100000381469727
state_month,RI,2,Wind_Speed(mph),9.199999809265137
state_month,RI,3,Wind_Speed(mph),10.399999618530273
state_month,RI,4,Wind_Speed(mph),12.0
state_month,RI,5,Wind_Speed(mph),9.199999809265137
state_month,RI,6,Wind_Speed(mph),9.0
state_month,RI,7,Wind_Speed(mph),8.0
state_month,RI,8,Wind_Speed(mph),8.100000381469727
state_month,RI,9,Wind_Speed(mph),8.100000381469727
state_month,RI,10,Wind_Speed(mph),8.100000381469727
state_month,RI,11,Wind_Speed(mph),8.100000381469727
state_month,RI,12,Wind_Speed(mph),8.100000381469727
state_month,SC,1,Wind_Speed(mph),6.0
state_month,SC,2,Wind_Speed(mph),6.900000095367432
state_month,SC,3,Wind_Speed(mph),7.0
state_month,SC,4,Wind_Speed(mph),7.0
state_month,SC,5,Wind_Speed(mph),6.900000095367432
state_month,SC,6,Wind_Speed(mph),6.0
state_month,SC,7,Wind_Speed(mph),6.0
state_month,SC,8,Wind_Speed(mph),5.0
state_month,SC,9,Wind_Speed(mph),5.800000190734863
state_month,SC,10,Wind_Speed(mph),5.0
state_month,SC,11,Wind_Speed(mph),5.0
state_month,SC,12,Wind_Speed(mph),5.0
state_month,TX,1,Wind_Speed(mph),8.0
state_month,TX,2,Wind_Speed(mph),9.0
state_month,TX,3,Wind_Speed(mph),9.199999809265137
state_month,TX,4,Wind_Speed(mph),10.0
state_month,TX,5,Wind_Speed(mph),9.199999809265137
state_month,TX,6,Wind_Speed(mph),8.0
state_month,TX,7,Wind_Speed(mph),7.0
state_month,TX,8,Wind_Speed(mph),7.0
state_month,TX,9,Wind_Speed(mph),6.900000095367432
state_month,TX,10,Wind_Speed(mph),8.0
state_month,TX,11,Wind_Speed(mph),7.0
state_month,TX,12,Wind_Speed(mph),8.0
state_month,VA,1,Wind_Speed(mph),7.0
state_month,VA,2,Wind_Speed(mph),7.0
state_month,VA,3,Wind_Speed(mph),8.0
state_month,VA,4,Wind_Speed(mph),8.0
state_month,VA,5,Wind_Speed(mph),7.0
state_month,VA,6,Wind_Speed(mph),7.0
state_month,VA,7,Wind_Speed(mph),6.0
state_month,VA,8,Wind_Speed(mph),5.800000190734863
state_month,VA,9,Wind_Speed(mph),6.0
state_month,VA,10,Wind_Speed(mph),6.0
state_month,VA,11,Wind_Speed(mph),6.0
state_month,VA,12,Wind_Speed(mph),6.0
state_month,WA,1,Wind_Speed(mph),6.0
state_month,WA,2,Wind_Speed(mph),6.900000095367432
state_month,WA,3,Wind_Speed(mph),6.900000095367432
state_month,WA,4,Wind_Speed(mph),7.0
state_month,WA,5,Wind_Speed(mph),6.900000095367432
state_month,WA,6,Wind_Speed(mph),6.0
state_month,WA,7,Wind_Speed(mph),6.0
state_month,WA,8,Wind_Speed(mph),6.0
state_month,WA,9,Wind_Speed(mph),6.0
state_month,WA,10,Wind_Speed(mph),6.900000095367432
state_month,WA,11,Wind_Speed(mph),6.0
state_month,WA,12,Wind_Speed(mph),6.0
state_month,WI,1,Wind_Speed(mph),9.0
state_month,WI,2,Wind_Speed(mph),10.399999618530273
state_month,WI,3,Wind_Speed(mph),10.0
state_month,WI,4,Wind_Speed(mph),10.0
state_month,WI,5,Wind_Speed(mph),9.0
state_month,WI,6,Wind_Speed(mph),8.100000381469727
state_month,WI,7,Wind_Speed(mph),8.0
state_month,WI,8,Wind_Speed(mph),7.0
state_month,WI,9,Wind_Speed(mph),8.0
state_month,WI,10,Wind_Speed(mph),8.100000381469727
state_month,WI,11,Wind_Speed(mph),9.0
state_month,WI,12,Wind_Speed(mph),9.0
state_month,WV,1,Wind_Speed(mph),6.0
state_month,WV,2,Wind_Speed(mph),7.0
state_month,WV,3,Wind_Speed(mph),8.0
state_month,WV,4,Wind_Speed(mph),7.0
state_month,WV,5,Wind_Speed(mph),6.0
state_month,WV,6,Wind_Speed(mph),6.0
state_month,WV,7,Wind_Speed(mph),5.800000190734863
state_month,WV,8,Wind_Speed(mph),5.0
state_month,WV,9,Wind_Speed(mph),5.0
state_month,WV,10,Wind_Speed(mph),5.0
state_month,WV,11,Wind_Speed(mph),6.0
state_month,WV,12,Wind_Speed(mph),5.0
state_month,AR,1,Wind_Speed(mph),7.0
state_month,AR,2,Wind_Speed(mph),8.100000381469727
state_month,AR,3,Wind_Speed(mph),8.0
state_month,AR,4,Wind_Speed(mph),8.0
state_month,AR,5,Wind_Speed(mph),7.0
state_month,AR,6,Wind_Speed(mph),6.0
state_month,AR,7,Wind_Speed(mph),6.0
state_month,AR,8,Wind_Speed(mph),5.800000190734863
state_month,AR,9,Wind_Speed(mph),6.0
state_month,AR,10,Wind_Speed(mph),6.0
state_month,AR,11,Wind_Speed(mph),6.0
state_month,AR,12,Wind_Speed(mph),7.0
state_month,AZ,1,Wind_Speed(mph),6.0
state_month,AZ,2,Wind_Speed(mph),6.900000095367432
state_month,AZ,3,Wind_Speed(mph),7.0
state_month,AZ,4,Wind_Speed(mph),8.0
state_month,AZ,5,Wind_Speed(mph),7.0
state_month,AZ,6,Wind_Speed(mph),7.0
state_month,AZ,7,Wind_Speed(mph),7.0
state_month,AZ,8,Wind_Speed(mph),6.900000095367432
state_month,AZ,9,Wind_Speed(mph),6.900000095367432
state_month,AZ,10,Wind_Speed(mph),6.0
state_month,AZ,11,Wind_Speed(mph),5.800000190734863
state_month,AZ,12,Wind_Speed(mph),5.0
state_month,CO,1,Wind_Speed(mph),7.0
state_month,CO,2,Wind_Speed(mph),7.0
state_month,CO,3,Wind_Speed(mph),8.0
state_month,CO,4,Wind_Speed(mph),8.0
state_month,CO,5,Wind_Speed(mph),8.0
state_month,CO,6,Wind_Speed(mph),7.0
state_month,CO,7,Wind_Speed(mph),7.0
state_month,CO,8,Wind_Speed(mph),7.0
state_month,CO,9,Wind_Speed(mph),7.0
state_month,CO,10,Wind_Speed(mph),7.0
state_month,CO,11,Wind_Speed(mph),7.0
state_month,CO,12,Wind_Speed(mph),7.0
state_month,ID,1,Wind_Speed(mph),7.0
state_month,ID,2,Wind_Speed(mph),8.0
state_month,ID,3,Wind_Speed(mph),8.0
state_month,ID,4,Wind_Speed(mph),8.0
state_month,ID,5,Wind_Speed(mph),8.0
state_month,ID,6,Wind_Speed(mph),8.0
state_month,ID,7,Wind_Speed(mph),7.0
state_month,ID,8,Wind_Speed(mph),7.0
state_month,ID,9,Wind_Speed(mph),6.0
state_month,ID,10,Wind_Speed(mph),6.0
state_month,ID,11,Wind_Speed(mph),7.0
state_month,ID,12,Wind_Speed(mph),6.0
state_month,KS,1,Wind_Speed(mph),9.0
state_month,KS,2,Wind_Speed(mph),9.199999809265137
state_month,KS,3,Wind_Speed(mph),10.0
state_month,KS,4,Wind_Speed(mph),10.399999618530273
state_month,KS,5,Wind_Speed(mph),9.0
state_month,KS,6,Wind_Speed(mph),9.0
state_month,KS,7,Wind_Speed(mph),7.0
state_month,KS,8,Wind_Speed(mph),8.0
state_month,KS,9,Wind_Speed(mph),8.0
state_month,KS,10,Wind_Speed(mph),9.0
state_month,KS,11,Wind_Speed(mph),9.0
state_month,KS,12,Wind_Speed(mph),9.0
state_month,LA,1,Wind_Speed(mph),8.0
state_month,LA,2,Wind_Speed(mph),9.0
state_month,LA,3,Wind_Speed(mph),9.0
state_month,LA,4,Wind_Speed(mph),9.0
state_month,LA,5,Wind_Speed(mph),8.0
state_month,LA,6,Wind_Speed(mph),7.0
state_month,LA,7,Wind_Speed(mph),6.0
state_month,LA,8,Wind_Speed(mph),6.0
state_month,LA,9,Wind_Speed(mph),6.0
state_month,LA,10,Wind_Speed(mph),6.900000095367432
state_month,LA,11,Wind_Speed(mph),6.900000095367432
state_month,LA,12,Wind_Speed(mph),7.0
state_month,ME,1,Wind_Speed(mph),6.0
state_month,ME,2,Wind_Speed(mph),8.0
state_month,ME,3,Wind_Speed(mph),9.199999809265137
state_month,ME,4,Wind_Speed(mph),8.100000381469727
state_month,ME,5,Wind_Speed(mph),9.0
state_month,ME,6,Wind_Speed(mph),8.0
state_month,ME,7,Wind_Speed(mph),6.900000095367432
state_month,ME,8,Wind_Speed(mph),8.0
state_month,ME,9,Wind_Speed(mph),6.900000095367432
state_month,ME,10,Wind_Speed(mph),8.0
state_month,ME,11,Wind_Speed(mph),7.0
state_month,ME,12,Wind_Speed(mph),7.5
state_month,MN,1,Wind_Speed(mph),9.0
state_month,MN,2,Wind_Speed(mph),9.0
state_month,MN,3,Wind_Speed(mph),9.199999809265137
state_month,MN,4,Wind_Speed(mph),11.5
state_month,MN,5,Wind_Speed(mph),8.100000381469727
state_month,MN,6,Wind_Speed(mph),8.0
state_month,MN,7,Wind_Speed(mph),8.0
state_month,MN,8,Wind_Speed(mph),8.0
state_month,MN,9,Wind_Speed(mph),8.0
state_month,MN,10,Wind_Speed(mph),8.0
state_month,MN,11,Wind_Speed(mph),8.0
state_month,MN,12,Wind_Speed(mph),9.0
state_month,MS,1,Wind_Speed(mph),7.0
state_month,MS,2,Wind_Speed(mph),8.0
state_month,MS,3,Wind_Speed(mph),9.0
state_month,MS,4,Wind_Speed(mph),8.0
state_month,MS,5,Wind_Speed(mph),7.0
state_month,MS,6,Wind_Speed(mph),7.0
state_month,MS,7,Wind_Speed(mph),6.0
state_month,MS,8,Wind_Speed(mph),6.0
state_month,MS,9,Wind_Speed(mph),6.0
state_month,MS,10,Wind_Speed(mph),6.0
state_month,MS,11,Wind_Speed(mph),5.800000190734863
state_month,MS,12,Wind_Speed(mph),6.900000095367432
state_month,MT,1,Wind_Speed(mph),5.0
state_month,MT,2,Wind_Speed(mph),7.0
state_month,MT,3,Wind_Speed(mph),8.0
state_month,MT,4,Wind_Speed(mph),12.0
state_month,MT,5,Wind_Speed(mph),7.0
state_month,MT,6,Wind_Speed(mph),7.0
state_month,MT,7,Wind_Speed(mph),6.0
state_month,MT,8,Wind_Speed(mph),6.0
state_month,MT,9,Wind_Speed(mph),6.0
state_month,MT,10,Wind_Speed(mph),7.0
state_month,MT,11,Wind_Speed(mph),6.0
state_month,MT,12,Wind_Speed(mph),6.0
state_month,NC,1,Wind_Speed(mph),6.0
state_month,NC,2,Wind_Speed(mph),7.0
state_month,NC,3,Wind_Speed(mph),7.0
state_month,NC,4,Wind_Speed(mph),8.0
state_month,NC,5,Wind_Speed(mph),7.0
state_month,NC,6,Wind_Speed(mph),6.900000095367432
state_month,NC,7,Wind_Speed(mph),6.0
state_month,NC,8,Wind_Speed(mph),5.800000190734863
state_month,NC,9,Wind_Speed(mph),6.0
state_month,NC,10,Wind_Speed(mph),5.800000190734863
state_month,NC,11,Wind_Speed(mph),6.0
state_month,NC,12,Wind_Speed(mph),5.800000190734863
state_month,ND,1,Wind_Speed(mph),15.0
state_month,ND,2,Wind_Speed(mph),16.100000381469727
state_month,ND,3,Wind_Speed(mph),10.0
state_month,ND,4,Wind_Speed(mph),14.0
state_month,ND,5,Wind_Speed(mph),12.0
state_month,ND,6,Wind_Speed(mph),9.0
state_month,ND,7,Wind_Speed(mph),8.050000190734863
state_month,ND,8,Wind_Speed(mph),10.0
state_month,ND,9,Wind_Speed(mph),10.0
state_month,ND,10,Wind_Speed(mph),13.0
state_month,ND,11,Wind_Speed(mph),14.0
state_month,ND,12,Wind_Speed(mph),10.0
state_month,NM,1,Wind_Speed(mph),7.0
state_month,NM,2,Wind_Speed(mph),8.0
state_month,NM,3,Wind_Speed(mph),9.100000381469727
state_month,NM,4,Wind_Speed(mph),10.0
state_month,NM,5,Wind_Speed(mph),9.199999809265137
state_month,NM,6,Wind_Speed(mph),8.0
state_month,NM,7,Wind_Speed(mph),7.0
state_month,NM,8,Wind_Speed(mph),7.0
state_month,NM,9,Wind_Speed(mph),6.900000095367432
state_month,NM,10,Wind_Speed(mph),8.0
state_month,NM,11,Wind_Speed(mph),6.0
state_month,NM,12,Wind_Speed(mph),6.0
state_month,NV,1,Wind_Speed(mph),5.0
state_month,NV,2,Wind_Speed(mph),6.900000095367432
state_month,NV,3,Wind_Speed(mph),6.900000095367432
state_month,NV,4,Wind_Speed(mph),7.0
state_month,NV,5,Wind_Speed(mph),7.0
state_month,NV,6,Wind_Speed(mph),8.0
state_month,NV,7,Wind_Speed(mph),7.0
state_month,NV,8,Wind_Speed(mph),6.0
state_month,NV,9,Wind_Speed(mph),6.0
state_month,NV,10,Wind_Speed(mph),5.0
state_month,NV,11,Wind_Speed(mph),5.0
state_month,NV,12,Wind_Speed(mph),5.800000190734863
state_month,OK,1,Wind_Speed(mph),10.0
state_month,OK,2,Wind_Speed(mph),11.5
state_month,OK,3,Wind_Speed(mph),11.5
state_month,OK,4,Wind_Speed(mph),13.0
state_month,OK,5,Wind_Speed(mph),11.5
state_month,OK,6,Wind_Speed(mph),11.5
state_month,OK,7,Wind_Speed(mph),9.0
state_month,OK,8,Wind_Speed(mph),9.0
state_month,OK,9,Wind_Speed(mph),9.199999809265137
state_month,OK,10,Wind_Speed(mph),10.399999618530273
state_month,OK,11,Wind_Speed(mph),10.0
state_month,OK,12,Wind_Speed(mph),9.199999809265137
state_month,SD,1,Wind_Speed(mph),11.0
state_month,SD,2,Wind_Speed(mph),8.0
state_month,SD,3,Wind_Speed(mph),23.0
state_month,SD,4,Wind_Speed(mph),29.0
state_month,SD,5,Wind_Speed(mph),8.0
state_month,SD,6,Wind_Speed(mph),8.0
state_month,SD,7,Wind_Speed(mph),6.5
state_month,SD,8,Wind_Speed(mph),9.0
state_month,SD,9,Wind_Speed(mph),8.0
state_month,SD,10,Wind_Speed(mph),13.0
state_month,SD,11,Wind_Speed(mph),14.399999618530273
state_month,SD,12,Wind_Speed(mph),14.5
state_month,TN,1,Wind_Speed(mph),7.0
state_month,TN,2,Wind_Speed(mph),8.100000381469727
state_month,TN,3,Wind_Speed(mph),8.0
state_month,TN,4,Wind_Speed(mph),8.0
state_month,TN,5,Wind_Speed(mph),7.0
state_month,TN,6,Wind_Speed(mph),6.900000095367432
state_month,TN,7,Wind_Speed(mph),6.0
state_month,TN,8,Wind_Speed(mph),5.800000190734863
state_month,TN,9,Wind_Speed(mph),6.0
state_month,TN,10,Wind_Speed(mph),6.0
state_month,TN,11,Wind_Speed(mph),6.0
state_month,TN,12,Wind_Speed(mph),6.900000095367432
state_month,UT,1,Wind_Speed(mph),6.0
state_month,UT,2,Wind_Speed(mph),8.0
state_month,UT,3,Wind_Speed(mph),8.100000381469727
state_month,UT,4,Wind_Speed(mph),8.0
state_month,UT,5,Wind_Speed(mph),8.0
state_month,UT,6,Wind_Speed(mph),8.0
state_month,UT,7,Wind_Speed(mph),7.0
state_month,UT,8,Wind_Speed(mph),7.0
state_month,UT,9,Wind_Speed(mph),7.0
state_month,UT,10,Wind_Speed(mph),7.0
state_month,UT,11,Wind_Speed(mph),6.0
state_month,UT,12,Wind_Speed(mph),6.0
state_month,VT,1,Wind_Speed(mph),5.800000190734863
state_month,VT,2,Wind_Speed(mph),5.800000190734863
state_month,VT,3,Wind_Speed(mph),8.050000190734863
state_month,VT,4,Wind_Speed(mph),9.199999809265137
state_month,VT,5,Wind_Speed(mph),9.0
state_month,VT,6,Wind_Speed(mph),6.449999809265137
state_month,VT,7,Wind_Speed(mph),6.0
state_month,VT,8,Wind_Speed(mph),6.0
state_month,VT,9,Wind_Speed(mph),6.0
state_month,VT,10,Wind_Speed(mph),5.800000190734863
state_month,VT,11,Wind_Speed(mph),6.900000095367432
state_month,VT,12,Wind_Speed(mph),5.800000190734863
state_month,WY,1,Wind_Speed(mph),13.0
state_month,WY,2,Wind_Speed(mph),15.0
state_month,WY,3,Wind_Speed(mph),15.0
state_month,WY,4,Wind_Speed(mph),18.0
state_month,WY,5,Wind_Speed(mph),13.0
state_month,WY,6,Wind_Speed(mph),12.0
state_month,WY,7,Wind_Speed(mph),7.0
state_month,WY,8,Wind_Speed(mph),6.0
state_month,WY,9,Wind_Speed(mph),8.100000381469727
state_month,WY,10,Wind_Speed(mph),14.0
state_month,WY,11,Wind_Speed(mph),10.399999618530273
state_month,WY,12,Wind_Speed(mph),16.0
state,AL,-1,Wind_Speed(mph),6.0
state,CA,-1,Wind_Speed(mph),6.0
state,CT,-1,Wind_Speed(mph),7.0
state,DC,-1,Wind_Speed(mph),8.0
state,DE,-1,Wind_Speed(mph),8.0
state,FL,-1,Wind_Speed(mph),8.0
state,GA,-1,Wind_Speed(mph),6.0
state,IA,-1,Wind_Speed(mph),10.0
state,IL,-1,Wind_Speed(mph),9.0
state,IN,-1,Wind_Speed(mph),8.0
state,KY,-1,Wind_Speed(mph),7.0
state,MA,-1,Wind_Speed(mph),8.100000381469727
state,MD,-1,Wind_Speed(mph),6.0
state,MI,-1,Wind_Speed(mph),9.0
state,MO,-1,Wind_Speed(mph),8.100000381469727
state,NE,-1,Wind_Speed(mph),8.100000381469727
state,NH,-1,Wind_Speed(mph),6.900000095367432
state,NJ,-1,Wind_Speed(mph),7.0
state,NY,-1,Wind_Speed(mph),8.0
state,OH,-1,Wind_Speed(mph),8.100000381469727
state,OR,-1,Wind_Speed(mph),6.0
state,PA,-1,Wind_Speed(mph),7.0
state,RI,-1,Wind_Speed(mph),9.0
state,SC,-1,Wind_Speed(mph),6.0
state,TX,-1,Wind_Speed(mph),8.0
state,VA,-1,Wind_Speed(mph),6.900000095367432
state,WA,-1,Wind_Speed(mph),6.900000095367432
state,WI,-1,Wind_Speed(mph),9.0
state,WV,-1,Wind_Speed(mph),6.0
state,AR,-1,Wind_Speed(mph),7.0
state,AZ,-1,Wind_Speed(mph),6.900000095367432
state,CO,-1,Wind_Speed(mph),7.0
state,ID,-1,Wind_Speed(mph),7.0
state,KS,-1,Wind_Speed(mph),9.0
state,LA,-1,Wind_Speed(mph),7.0
state,ME,-1,Wind_Speed(mph),8.0
state,MN,-1,Wind_Speed(mph),9.0
state,MS,-1,Wind_Speed(mph),6.900000095367432
state,MT,-1,Wind_Speed(mph),7.0
state,NC,-1,Wind_Speed(mph),6.0
state,ND,-1,Wind_Speed(mph),12.0
state,NM,-1,Wind_Speed(mph),7.0
state,NV,-1,Wind_Speed(mph),6.0
state,OK,-1,Wind_Speed(mph),10.0
state,SD,-1,Wind_Speed(mph),9.100000381469727
state,TN,-1,Wind_Speed(mph),6.900000095367432
state,UT,-1,Wind_Speed(mph),7.0
state,VT,-1,Wind_Speed(mph),6.0
state,WY,-1,Wind_Speed(mph),14.0
overall,*,-1,Wind_Speed(mph),7.0
state_month,AL,1,Precipitation(in),0.0
state_month,AL,2,Precipitation(in),0.0
state_month,AL,3,Precipitation(in),0.0
state_month,AL,4,Precipitation(in),0.0
state_month,AL,5,Precipitation(in),0.0
state_month,AL,6,Precipitation(in),0.0
state_month,AL,7,Precipitation(in),0.0
state_month,AL,8,Precipitation(in),0.0
state_month,AL,9,Precipitation(in),0.0
state_month,AL,10,Precipitation(in),0.0
state_month,AL,11,Precipitation(in),0.0
state_month,AL,12,Precipitation(in),0.0
state_month,CA,1,Precipitation(in),0.0
state_month,CA,2,Precipitation(in),0.0
state_month,CA,3,Precipitation(in),0.0
state_month,CA,4,Precipitation(in),0.0
state_month,CA,5,Precipitation(in),0.0
state_month,CA,6,Precipitation(in),0.0
state_month,CA,7,Precipitation(in),0.0
state_month,CA,8,Precipitation(in),0.0
state_month,CA,9,Precipitation(in),0.0
state_month,CA,10,Precipitation(in),0.0
state_month,CA,11,Precipitation(in),0.0
state_month,CA,12,Precipitation(in),0.0
state_month,CT,1,Precipitation(in),0.0
state_month,CT,2,Precipitation(in),0.0
state_month,CT,3,Precipitation(in),0.0
state_month,CT,4,Precipitation(in),0.0
state_month,CT,5,Precipitation(in),0.0
state_month,CT,6,Precipitation(in),0.0
state_month,CT,7,Precipitation(in),0.0
state_month,CT,8,Precipitation(in),0.0
state_month,CT,9,Precipitation(in),0.0
state_month,CT,10,Precipitation(in),0.0
state_month,CT,11,Precipitation(in),0.0
state_month,CT,12,Precipitation(in),0.0
state_month,DC,1,Precipitation(in),0.0
state_month,DC,2,Precipitation(in),0.0
state_month,DC,3,Precipitation(in),0.0
state_month,DC,4,Precipitation(in),0.0
state_month,DC,5,Precipitation(in),0.0
state_month,DC,6,Precipitation(in),0.0
state_month,DC,7,Precipitation(in),0.0
state_month,DC,8,Precipitation(in),0.0
state_month,DC,9,Precipitation(in),0.0
state_month,DC,10,Precipitation(in),0.0
state_month,DC,11,Precipitation(in),0.0
state_month,DC,12,Precipitation(in),0.0
state_month,DE,1,Precipitation(in),0.0
state_month,DE,2,Precipitation(in),0.0
state_month,DE,3,Precipitation(in),0.0
state_month,DE,4,Precipitation(in),0.0
state_month,DE,5,Precipitation(in),0.0
state_month,DE,6,Precipitation(in),0.0
state_month,DE,7,Precipitation(in),0.0
state_month,DE,8,Precipitation(in),0.0
state_month,DE,9,Precipitation(in),0.0
state_month,DE,10,Precipitation(in),0.0
state_month,DE,11,Precipitation(in),0.0
state_month,DE,12,Precipitation(in),0.0
state_month,FL,1,Precipitation(in),0.0
state_month,FL,2,Precipitation(in),0.0
state_month,FL,3,Precipitation(in),0.0
state_month,FL,4,Precipitation(in),0.0
state_month,FL,5,Precipitation(in),0.0
state_month,FL,6,Precipitation(in),0.0
state_month,FL,7,Precipitation(in),0.0
state_month,FL,8,Precipitation(in),0.0
state_month,FL,9,Precipitation(in),0.0
state_month,FL,10,Precipitation(in),0.0
state_month,FL,11,Precipitation(in),0.0
state_month,FL,12,Precipitation(in),0.0
state_month,GA,1,Precipitation(in),0.0
state_month,GA,2,Precipitation(in),0.0
state_month,GA,3,Precipitation(in),0.0
state_month,GA,4,Precipitation(in),0.0
state_month,GA,5,Precipitation(in),0.0
state_month,GA,6,Precipitation(in),0.0
state_month,GA,7,Precipitation(in),0.0
state_month,GA,8,Precipitation(in),0.0
state_month,GA,9,Precipitation(in),0.0
state_month,GA,10,Precipitation(in),0.0
state_month,GA,11,Precipitation(in),0.0
state_month,GA,12,Precipitation(in),0.0
state_month,IA,1,Precipitation(in),0.0
state_month,IA,2,Precipitation(in),0.0
state_month,IA,3,Precipitation(in),0.0
state_month,IA,4,Precipitation(in),0.0
state_month,IA,5,Precipitation(in),0.0
state_month,IA,6,Precipitation(in),0.0
state_month,IA,7,Precipitation(in),0.0
state_month,IA,8,Precipitation(in),0.0
state_month,IA,9,Precipitation(in),0.0
state_month,IA,10,Precipitation(in),0.0
state_month,IA,11,Precipitation(in),0.0
state_month,IA,12,Precipitation(in),0.0
state_month,IL,1,Precipitation(in),0.0
state_month,IL,2,Precipitation(in),0.0
state_month,IL,3,Precipitation(in),0.0
state_month,IL,4,Precipitation(in),0.0
state_month,IL,5,Precipitation(in),0.0
state_month,IL,6,Precipitation(in),0.0
state_month,IL,7,Precipitation(in),0.0
state_month,IL,8,Precipitation(in),0.0
state_month,IL,9,Precipitation(in),0.0
state_month,IL,10,Precipitation(in),0.0
state_month,IL,11,Precipitation(in),0.0
state_month,IL,12,Precipitation(in),0.0
state_month,IN,1,Precipitation(in),0.0
state_month,IN,2,Precipitation(in),0.0
state_month,IN,3,Precipitation(in),0.0
state_month,IN,4,Precipitation(in),0.0
state_month,IN,5,Precipitation(in),0.0
state_month,IN,6,Precipitation(in),0.0
state_month,IN,7,Precipitation(in),0.0
state_month,IN,8,Precipitation(in),0.0
state_month,IN,9,Precipitation(in),0.0
state_month,IN,10,Precipitation(in),0.0
state_month,IN,11,Precipitation(in),0.0
state_month,IN,12,Precipitation(in),0.0
state_month,KY,1,Precipitation(in),0.0
state_month,KY,2,Precipitation(in),0.0
state_month,KY,3,Precipitation(in),0.0
state_month,KY,4,Precipitation(in),0.0
state_month,KY,5,Precipitation(in),0.0
state_month,KY,6,Precipitation(in),0.0
state_month,KY,7,Precipitation(in),0.0
state_month,KY,8,Precipitation(in),0.0
state_month,KY,9,Precipitation(in),0.0
state_month,KY,10,Precipitation(in),0.0
state_month,KY,11,Precipitation(in),0.0
state_month,KY,12,Precipitation(in),0.0
state_month,MA,1,Precipitation(in),0.0
state_month,MA,2,Precipitation(in),0.0
state_month,MA,3,Precipitation(in),0.0
state_month,MA,4,Precipitation(in),0.0
state_month,MA,5,Precipitation(in),0.0
state_month,MA,6,Precipitation(in),0.0
state_month,MA,7,Precipitation(in),0.0
state_month,MA,8,Precipitation(in),0.0
state_month,MA,9,Precipitation(in),0.0
state_month,MA,10,Precipitation(in),0.0
state_month,MA,11,Precipitation(in),0.0
state_month,MA,12,Precipitation(in),0.0
state_month,MD,1,Precipitation(in),0.0
state_month,MD,2,Precipitation(in),0.0
state_month,MD,3,Precipitation(in),0.0
state_month,MD,4,Precipitation(in),0.0
state_month,MD,5,Precipitation(in),0.0
state_month,MD,6,Precipitation(in),0.0
state_month,MD,7,Precipitation(in),0.0
state_month,MD,8,Precipitation(in),0.0
state_month,MD,9,Precipitation(in),0.0
state_month,MD,10,Precipitation(in),0.0
state_month,MD,11,Precipitation(in),0.0
state_month,MD,12,Precipitation(in),0.0
state_month,MI,1,Precipitation(in),0.0
state_month,MI,2,Precipitation(in),0.0
state_month,MI,3,Precipitation(in),0.0
state_month,MI,4,Precipitation(in),0.0
state_month,MI,5,Precipitation(in),0.0
state_month,MI,6,Precipitation(in),0.0
state_month,MI,7,Precipitation(in),0.0
state_month,MI,8,Precipitation(in),0.0
state_month,MI,9,Precipitation(in),0.0
state_month,MI,10,Precipitation(in),0.0
state_month,MI,11,Precipitation(in),0.0
state_month,MI,12,Precipitation(in),0.0
state_month,MO,1,Precipitation(in),0.0
state_month,MO,2,Precipitation(in),0.0
state_month,MO,3,Precipitation(in),0.0
state_month,MO,4,Precipitation(in),0.0
state_month,MO,5,Precipitation(in),0.0
state_month,MO,6,Precipitation(in),0.0
state_month,MO,7,Precipitation(in),0.0
state_month,MO,8,Precipitation(in),0.0
state_month,MO,9,Precipitation(in),0.0
state_month,MO,10,Precipitation(in),0.0
state_month,MO,11,Precipitation(in),0.0
state_month,MO,12,Precipitation(in),0.0
state_month,NE,1,Precipitation(in),0.0
state_month,NE,2,Precipitation(in),0.0
state_month,NE,3,Precipitation(in),0.0
state_month,NE,4,Precipitation(in),0.0
state_month,NE,5,Precipitation(in),0.0
state_month,NE,6,Precipitation(in),0.0
state_month,NE,7,Precipitation(in),0.0
state_month,NE,8,Precipitation(in),0.0
state_month,NE,9,Precipitation(in),0.0
state_month,NE,10,Precipitation(in),0.0
state_month,NE,11,Precipitation(in),0.0
state_month,NE,12,Precipitation(in),0.0
state_month,NH,1,Precipitation(in),0.0
state_month,NH,2,Precipitation(in),0.0
state_month,NH,3,Precipitation(in),0.0
state_month,NH,4,Precipitation(in),0.0
state_month,NH,5,Precipitation(in),0.0
state_month,NH,6,Precipitation(in),0.0
state_month,NH,7,Precipitation(in),0.0
state_month,NH,8,Precipitation(in),0.0
state_month,NH,9,Precipitation(in),0.0
state_month,NH,10,Precipitation(in),0.0
state_month,NH,11,Precipitation(in),0.0
state_month,NH,12,Precipitation(in),0.0
state_month,NJ,1,Precipitation(in),0.0
state_month,NJ,2,Precipitation(in),0.0
state_month,NJ,3,Precipitation(in),0.0
state_month,NJ,4,Precipitation(in),0.0
state_month,NJ,5,Precipitation(in),0.0
state_month,NJ,6,Precipitation(in),0.0
state_month,NJ,7,Precipitation(in),0.0
state_month,NJ,8,Precipitation(in),0.0
state_month,NJ,9,Precipitation(in),0.0
state_month,NJ,10,Precipitation(in),0.0
state_month,NJ,11,Precipitation(in),0.0
state_month,NJ,12,Precipitation(in),0.0
state_month,NY,1,Precipitation(in),0.0
state_month,NY,2,Precipitation(in),0.0
state_month,NY,3,Precipitation(in),0.0
state_month,NY,4,Precipitation(in),0.0
state_month,NY,5,Precipitation(in),0.0
state_month,NY,6,Precipitation(in),0.0
state_month,NY,7,Precipitation(in),0.0
state_month,NY,8,Precipitation(in),0.0
state_month,NY,9,Precipitation(in),0.0
state_month,NY,10,Precipitation(in),0.0
state_month,NY,11,Precipitation(in),0.0
state_month,NY,12,Precipitation(in),0.0
state_month,OH,1,Precipitation(in),0.0
state_month,OH,2,Precipitation(in),0.0
state_month,OH,3,Precipitation(in),0.0
state_month,OH,4,Precipitation(in),0.0
state_month,OH,5,Precipitation(in),0.0
state_month,OH,6,Precipitation(in),0.0
state_month,OH,7,Precipitation(in),0.0
state_month,OH,8,Precipitation(in),0.0
state_month,OH,9,Precipitation(in),0.0
state_month,OH,10,Precipitation(in),0.0
state_month,OH,11,Precipitation(in),0.0
state_month,OH,12,Precipitation(in),0.0
state_month,OR,1,Precipitation(in),0.0
state_month,OR,2,Precipitation(in),0.0
state_month,OR,3,Precipitation(in),0.0
state_month,OR,4,Precipitation(in),0.0
state_month,OR,5,Precipitation(in),0.0
state_month,OR,6,Precipitation(in),0.0
state_month,OR,7,Precipitation(in),0.0
state_month,OR,8,Precipitation(in),0.0
state_month,OR,9,Precipitation(in),0.0
state_month,OR,10,Precipitation(in),0.0
state_month,OR,11,Precipitation(in),0.0
state_month,OR,12,Precipitation(in),0.0
state_month,PA,1,Precipitation(in),0.0
state_month,PA,2,Precipitation(in),0.0
state_month,PA,3,Precipitation(in),0.0
state_month,PA,4,Precipitation(in),0.0
state_month,PA,5,Precipitation(in),0.0
state_month,PA,6,Precipitation(in),0.0
state_month,PA,7,Precipitation(in),0.0
state_month,PA,8,Precipitation(in),0.0
state_month,PA,9,Precipitation(in),0.0
state_month,PA,10,Precipitation(in),0.0
state_month,PA,11,Precipitation(in),0.0
state_month,PA,12,Precipitation(in),0.0
state_month,RI,1,Precipitation(in),0.0
state_month,RI,2,Precipitation(in),0.0
state_month,RI,3,Precipitation(in),0.0
state_month,RI,4,Precipitation(in),0.0
state_month,RI,5,Precipitation(in),0.0
state_month,RI,6,Precipitation(in),0.0
state_month,RI,7,Precipitation(in),0.0
state_month,RI,8,Precipitation(in),0.0
state_month,RI,9,Precipitation(in),0.0
state_month,RI,10,Precipitation(in),0.0
state_month,RI,11,Precipitation(in),0.0
state_month,RI,12,Precipitation(in),0.0
state_month,SC,1,Precipitation(in),0.0
state_month,SC,2,Precipitation(in),0.0
state_month,SC,3,Precipitation(in),0.0
state_month,SC,4,Precipitation(in),0.0
state_month,SC,5,Precipitation(in),0.0
state_month,SC,6,Precipitation(in),0.0
state_month,SC,7,Precipitation(in),0.0
state_month,SC,8,Precipitation(in),0.0
state_month,SC,9,Precipitation(in),0.0
state_month,SC,10,Precipitation(in),0.0
state_month,SC,11,Precipitation(in),0.0
state_month,SC,12,Precipitation(in),0.0
state_month,TX,1,Precipitation(in),0.0
state_month,TX,2,Precipitation(in),0.0
state_month,TX,3,Precipitation(in),0.0
state_month,TX,4,Precipitation(in),0.0
state_month,TX,5,Precipitation(in),0.0
state_month,TX,6,Precipitation(in),0.0
state_month,TX,7,Precipitation(in),0.0
state_month,TX,8,Precipitation(in),0.0
state_month,TX,9,Precipitation(in),0.0
state_month,TX,10,Precipitation(in),0.0
state_month,TX,11,Precipitation(in),0.0
state_month,TX,12,Precipitation(in),0.0
state_month,VA,1,Precipitation(in),0.0
state_month,VA,2,Precipitation(in),0.0
state_month,VA,3,Precipitation(in),0.0
state_month,VA,4,Precipitation(in),0.0
state_month,VA,5,Precipitation(in),0.0
state_month,VA,6,Precipitation(in),0.0
state_month,VA,7,Precipitation(in),0.0
state_month,VA,8,Precipitation(in),0.0
state_month,VA,9,Precipitation(in),0.0
state_month,VA,10,Precipitation(in),0.0
state_month,VA,11,Precipitation(in),0.0
state_month,VA,12,Precipitation(in),0.0
state_month,WA,1,Precipitation(in),0.0
state_month,WA,2,Precipitation(in),0.0
state_month,WA,3,Precipitation(in),0.0
state_month,WA,4,Precipitation(in),0.0
state_month,WA,5,Precipitation(in),0.0
state_month,WA,6,Precipitation(in),0.0
state_month,WA,7,Precipitation(in),0.0
state_month,WA,8,Precipitation(in),0.0
state_month,WA,9,Precipitation(in),0.0
state_month,WA,10,Precipitation(in),0.0
state_month,WA,11,Precipitation(in),0.0
state_month,WA,12,Precipitation(in),0.0
state_month,WI,1,Precipitation(in),0.0
state_month,WI,2,Precipitation(in),0.0
state_month,WI,3,Precipitation(in),0.0
state_month,WI,4,Precipitation(in),0.0
state_month,WI,5,Precipitation(in),0.0
state_month,WI,6,Precipitation(in),0.0
state_month,WI,7,Precipitation(in),0.0
state_month,WI,8,Precipitation(in),0.0
state_month,WI,9,Precipitation(in),0.0
state_month,WI,10,Precipitation(in),0.0
state_month,WI,11,Precipitation(in),0.0
state_month,WI,12,Precipitation(in),0.0
state_month,WV,1,Precipitation(in),0.0
state_month,WV,2,Precipitation(in),0.0
state_month,WV,3,Precipitation(in),0.0
state_month,WV,4,Precipitation(in),0.0
state_month,WV,5,Precipitation(in),0.0
state_month,WV,6,Precipitation(in),0.0
state_month,WV,7,Precipitation(in),0.0
state_month,WV,8,Precipitation(in),0.0
state_month,WV,9,Precipitation(in),0.0
state_month,WV,10,Precipitation(in),0.0
state_month,WV,11,Precipitation(in),0.0
state_month,WV,12,Precipitation(in),0.0
state_month,AR,1,Precipitation(in),0.0
state_month,AR,2,Precipitation(in),0.0
state_month,AR,3,Precipitation(in),0.0
state_month,AR,4,Precipitation(in),0.0
state_month,AR,5,Precipitation(in),0.0
state_month,AR,6,Precipitation(in),0.0
state_month,AR,7,Precipitation(in),0.0
state_month,AR,8,Precipitation(in),0.0
state_month,AR,9,Precipitation(in),0.0
state_month,AR,10,Precipitation(in),0.0
state_month,AR,11,Precipitation(in),0.0
state_month,AR,12,Precipitation(in),0.0
state_month,AZ,1,Precipitation(in),0.0
state_month,AZ,2,Precipitation(in),0.0
state_month,AZ,3,Precipitation(in),0.0
state_month,AZ,4,Precipitation(in),0.0
state_month,AZ,5,Precipitation(in),0.0
state_month,AZ,6,Precipitation(in),0.0
state_month,AZ,7,Precipitation(in),0.0
state_month,AZ,8,Precipitation(in),0.0
state_month,AZ,9,Precipitation(in),0.0
state_month,AZ,10,Precipitation(in),0.0
state_month,AZ,11,Precipitation(in),0.0
state_month,AZ,12,Precipitation(in),0.0
state_month,CO,1,Precipitation(in),0.0
state_month,CO,2,Precipitation(in),0.0
state_month,CO,3,Precipitation(in),0.0
state_month,CO,4,Precipitation(in),0.0
state_month,CO,5,Precipitation(in),0.0
state_month,CO,6,Precipitation(in),0.0
state_month,CO,7,Precipitation(in),0.0
state_month,CO,8,Precipitation(in),0.0
state_month,CO,9,Precipitation(in),0.0
state_month,CO,10,Precipitation(in),0.0
state_month,CO,11,Precipitation(in),0.0
state_month,CO,12,Precipitation(in),0.0
state_month,ID,1,Precipitation(in),0.0
state_month,ID,2,Precipitation(in),0.0
state_month,ID,3,Precipitation(in),0.0
state_month,ID,4,Precipitation(in),0.0
state_month,ID,5,Precipitation(in),0.0
state_month,ID,6,Precipitation(in),0.0
state_month,ID,7,Precipitation(in),0.0
state_month,ID,8,Precipitation(in),0.0
state_month,ID,9,Precipitation(in),0.0
state_month,ID,10,Precipitation(in),0.0
state_month,ID,11,Precipitation(in),0.0
state_month,ID,12,Precipitation(in),0.0
state_month,KS,1,Precipitation(in),0.0
state_month,KS,2,Precipitation(in),0.0
state_month,KS,3,Precipitation(in),0.0
state_month,KS,4,Precipitation(in),0.0
state_month,KS,5,Precipitation(in),0.0
state_month,KS,6,Precipitation(in),0.0
state_month,KS,7,Precipitation(in),0.0
state_month,KS,8,Precipitation(in),0.0
state_month,KS,9,Precipitation(in),0.0
state_month,KS,10,Precipitation(in),0.0
state_month,KS,11,Precipitation(in),0.0
state_month,KS,12,Precipitation(in),0.0
state_month,LA,1,Precipitation(in),0.0
state_month,LA,2,Precipitation(in),0.0
state_month,LA,3,Precipitation(in),0.0
state_month,LA,4,Precipitation(in),0.0
state_month,LA,5,Precipitation(in),0.0
state_month,LA,6,Precipitation(in),0.0
state_month,LA,7,Precipitation(in),0.0
state_month,LA,8,Precipitation(in),0.0
state_month,LA,9,Precipitation(in),0.0
state_month,LA,10,Precipitation(in),0.0
state_month,LA,11,Precipitation(in),0.0
state_month,LA,12,Precipitation(in),0.0
state_month,ME,1,Precipitation(in),0.0
state_month,ME,2,Precipitation(in),0.0
state_month,ME,3,Precipitation(in),0.0
state_month,ME,4,Precipitation(in),0.0
state_month,ME,5,Precipitation(in),0.0
state_month,ME,6,Precipitation(in),0.0
state_month,ME,7,Precipitation(in),0.0
state_month,ME,8,Precipitation(in),0.0
state_month,ME,9,Precipitation(in),0.0
state_month,ME,10,Precipitation(in),0.0
state_month,ME,11,Precipitation(in),0.0
state_month,ME,12,Precipitation(in),0.0
state_month,MN,1,Precipitation(in),0.0
state_month,MN,2,Precipitation(in),0.0
state_month,MN,3,Precipitation(in),0.0
state_month,MN,4,Precipitation(in),0.0
state_month,MN,5,Precipitation(in),0.0
state_month,MN,6,Precipitation(in),0.0
state_month,MN,7,Precipitation(in),0.0
state_month,MN,8,Precipitation(in),0.0
state_month,MN,9,Precipitation(in),0.0
state_month,MN,10,Precipitation(in),0.0
state_month,MN,11,Precipitation(in),0.0
state_month,MN,12,Precipitation(in),0.0
state_month,MS,1,Precipitation(in),0.0
state_month,MS,2,Precipitation(in),0.0
state_month,MS,3,Precipitation(in),0.0
state_month,MS,4,Precipitation(in),0.0
state_month,MS,5,Precipitation(in),0.0
state_month,MS,6,Precipitation(in),0.0
state_month,MS,7,Precipitation(in),0.0
state_month,MS,8,Precipitation(in),0.0
state_month,MS,9,Precipitation(in),0.0
state_month,MS,10,Precipitation(in),0.0
state_month,MS,11,Precipitation(in),0.0
state_month,MS,12,Precipitation(in),0.0
state_month,MT,1,Precipitation(in),0.0
state_month,MT,2,Precipitation(in),0.0
state_month,MT,3,Precipitation(in),0.0
state_month,MT,4,Precipitation(in),0.0
state_month,MT,5,Precipitation(in),0.0
state_month,MT,6,Precipitation(in),0.0
state_month,MT,7,Precipitation(in),0.0
state_month,MT,8,Precipitation(in),0.0
state_month,MT,9,Precipitation(in),0.0
state_month,MT,10,Precipitation(in),0.0
state_month,MT,11,Precipitation(in),0.0
state_month,MT,12,Precipitation(in),0.0
state_month,NC,1,Precipitation(in),0.0
state_month,NC,2,Precipitation(in),0.0
state_month,NC,3,Precipitation(in),0.0
state_month,NC,4,Precipitation(in),0.0
state_month,NC,5,Precipitation(in),0.0
state_month,NC,6,Precipitation(in),0.0
state_month,NC,7,Precipitation(in),0.0
state_month,NC,8,Precipitation(in),0.0
state_month,NC,9,Precipitation(in),0.0
state_month,NC,10,Precipitation(in),0.0
state_month,NC,11,Precipitation(in),0.0
state_month,NC,12,Precipitation(in),0.0
state_month,ND,1,Precipitation(in),0.0
state_month,ND,2,Precipitation(in),0.0
state_month,ND,3,Precipitation(in),0.0
state_month,ND,4,Precipitation(in),0.0
state_month,ND,5,Precipitation(in),0.0
state_month,ND,6,Precipitation(in),0.0
state_month,ND,7,Precipitation(in),0.0
state_month,ND,8,Precipitation(in),0.0
state_month,ND,9,Precipitation(in),0.0
state_month,ND,10,Precipitation(in),0.0
state_month,ND,11,Precipitation(in),0.0
state_month,ND,12,Precipitation(in),0.0
state_month,NM,1,Precipitation(in),0.0
state_month,NM,2,Precipitation(in),0.0
state_month,NM,3,Precipitation(in),0.0
state_month,NM,4,Precipitation(in),0.0
state_month,NM,5,Precipitation(in),0.0
state_month,NM,6,Precipitation(in),0.0
state_month,NM,7,Precipitation(in),0.0
state_month,NM,8,Precipitation(in),0.0
state_month,NM,9,Precipitation(in),0.0
state_month,NM,10,Precipitation(in),0.0
state_month,NM,11,Precipitation(in),0.0
state_month,NM,12,Precipitation(in),0.0
state_month,NV,1,Precipitation(in),0.0
state_month,NV,2,Precipitation(in),0.0
state_month,NV,3,Precipitation(in),0.0
state_month,NV,4,Precipitation(in),0.0
state_month,NV,5,Precipitation(in),0.0
state_month,NV,6,Precipitation(in),0.0
state_month,NV,7,Precipitation(in),0.0
state_month,NV,8,Precipitation(in),0.0
state_month,NV,9,Precipitation(in),0.0
state_month,NV,10,Precipitation(in),0.0
state_month,NV,11,Precipitation(in),0.0
state_month,NV,12,Precipitation(in),0.0
state_month,OK,1,Precipitation(in),0.0
state_month,OK,2,Precipitation(in),0.0
state_month,OK,3,Precipitation(in),0.0
state_month,OK,4,Precipitation(in),0.0
state_month,OK,5,Precipitation(in),0.0
state_month,OK,6,Precipitation(in),0.0
state_month,OK,7,Precipitation(in),0.0
state_month,OK,8,Precipitation(in),0.0
state_month,OK,9,Precipitation(in),0.0
state_month,OK,10,Precipitation(in),0.0
state_month,OK,11,Precipitation(in),0.0
state_month,OK,12,Precipitation(in),0.0
state_month,SD,1,Precipitation(in),0.0
state_month,SD,2,Precipitation(in),0.0
state_month,SD,3,Precipitation(in),0.0
state_month,SD,4,Precipitation(in),0.0
state_month,SD,5,Precipitation(in),0.0
state_month,SD,6,Precipitation(in),0.0
state_month,SD,7,Precipitation(in),0.0
state_month,SD,8,Precipitation(in),0.0
state_month,SD,9,Precipitation(in),0.0
state_month,SD,10,Precipitation(in),0.0
state_month,SD,11,Precipitation(in),0.0
state_month,SD,12,Precipitation(in),0.0
state_month,TN,1,Precipitation(in),0.0
state_month,TN,2,Precipitation(in),0.0
state_month,TN,3,Precipitation(in),0.0
state_month,TN,4,Precipitation(in),0.0
state_month,TN,5,Precipitation(in),0.0
state_month,TN,6,Precipitation(in),0.0
state_month,TN,7,Precipitation(in),0.0
state_month,TN,8,Precipitation(in),0.0
state_month,TN,9,Precipitation(in),0.0
state_month,TN,10,Precipitation(in),0.0
state_month,TN,11,Precipitation(in),0.0
state_month,TN,12,Precipitation(in),0.0
state_month,UT,1,Precipitation(in),0.0
state_month,UT,2,Precipitation(in),0.0
state_month,UT,3,Precipitation(in),0.0
state_month,UT,4,Precipitation(in),0.0
state_month,UT,5,Precipitation(in),0.0
state_month,UT,6,Precipitation(in),0.0
state_month,UT,7,Precipitation(in),0.0
state_month,UT,8,Precipitation(in),0.0
state_month,UT,9,Precipitation(in),0.0
state_month,UT,10,Precipitation(in),0.0
state_month,UT,11,Precipitation(in),0.0
state_month,UT,12,Precipitation(in),0.0
state_month,VT,1,Precipitation(in),0.0
state_month,VT,2,Precipitation(in),0.0
state_month,VT,3,Precipitation(in),0.0
state_month,VT,4,Precipitation(in),0.0
state_month,VT,5,Precipitation(in),0.0
state_month,VT,6,Precipitation(in),0.0
state_month,VT,7,Precipitation(in),0.0
state_month,VT,8,Precipitation(in),0.0
state_month,VT,9,Precipitation(in),0.0
state_month,VT,10,Precipitation(in),0.0
state_month,VT,11,Precipitation(in),0.0
state_month,VT,12,Precipitation(in),0.0
state_month,WY,1,Precipitation(in),0.0
state_month,WY,2,Precipitation(in),0.0
state_month,WY,3,Precipitation(in),0.0
state_month,WY,4,Precipitation(in),0.0
state_month,WY,5,Precipitation(in),0.0
state_month,WY,6,Precipitation(in),0.0
state_month,WY,7,Precipitation(in),0.0
state_month,WY,8,Precipitation(in),0.0
state_month,WY,9,Precipitation(in),0.0
state_month,WY,10,Precipitation(in),0.0
state_month,WY,11,Precipitation(in),0.0
state_month,WY,12,Precipitation(in),0.0
state,AL,-1,Precipitation(in),0.0
state,CA,-1,Precipitation(in),0.0
state,CT,-1,Precipitation(in),0.0
state,DC,-1,Precipitation(in),0.0
state,DE,-1,Precipitation(in),0.0
state,FL,-1,Precipitation(in),0.0
state,GA,-1,Precipitation(in),0.0
state,IA,-1,Precipitation(in),0.0
state,IL,-1,Precipitation(in),0.0
state,IN,-1,Precipitation(in),0.0
state,KY,-1,Precipitation(in),0.0
state,MA,-1,Precipitation(in),0.0
state,MD,-1,Precipitation(in),0.0
state,MI,-1,Precipitation(in),0.0
state,MO,-1,Precipitation(in),0.0
state,NE,-1,Precipitation(in),0.0
state,NH,-1,Precipitation(in),0.0
state,NJ,-1,Precipitation(in),0.0
state,NY,-1,Precipitation(in),0.0
state,OH,-1,Precipitation(in),0.0
state,OR,-1,Precipitation(in),0.0
state,PA,-1,Precipitation(in),0.0
state,RI,-1,Precipitation(in),0.0
state,SC,-1,Precipitation(in),0.0
state,TX,-1,Precipitation(in),0.0
state,VA,-1,Precipitation(in),0.0
state,WA,-1,Precipitation(in),0.0
state,WI,-1,Precipitation(in),0.0
state,WV,-1,Precipitation(in),0.0
state,AR,-1,Precipitation(in),0.0
state,AZ,-1,Precipitation(in),0.0
state,CO,-1,Precipitation(in),0.0
state,ID,-1,Precipitation(in),0.0
state,KS,-1,Precipitation(in),0.0
state,LA,-1,Precipitation(in),0.0
state,ME,-1,Precipitation(in),0.0
state,MN,-1,Precipitation(in),0.0
state,MS,-1,Precipitation(in),0.0
state,MT,-1,Precipitation(in),0.0
state,NC,-1,Precipitation(in),0.0
state,ND,-1,Precipitation(in),0.0
state,NM,-1,Precipitation(in),0.0
state,NV,-1,Precipitation(in),0.0
state,OK,-1,Precipitation(in),0.0
state,SD,-1,Precipitation(in),0.0
state,TN,-1,Precipitation(in),0.0
state,UT,-1,Precipitation(in),0.0
state,VT,-1,Precipitation(in),0.0
state,WY,-1,Precipitation(in),0.0
overall,*,-1,Precipitation(in),0.0
